{"type":"FeatureCollection","features":[{"type":"Feature","geometry":{"type":"Polygon","coordinates":[[[24.951209,60.169993],[24.951221,60.169879],[24.951222,60.169872],[24.951048,60.169868],[24.951033,60.170004],[24.951207,60.170009],[24.951208,60.170003],[24.951209,60.169993]]]},"properties":{}},{"type":"Feature","geometry":{"type":"Polygon","coordinates":[[[24.944772,60.169815],[24.944496,60.169808],[24.944474,60.169808],[24.944474,60.169802],[24.94447,60.169797],[24.944464,60.169793],[24.944451,60.16979],[24.944441,60.16979],[24.944429,60.16979],[24.944418,60.169794],[24.94441,60.169799],[24.944408,60.16981],[24.944286,60.169807],[24.944288,60.169804],[24.944117,60.1698],[24.943904,60.169795],[24.943785,60.169794],[24.943784,60.169786],[24.943777,60.169782],[24.943767,60.169776],[24.943755,60.169774],[24.943742,60.169776],[24.943729,60.169779],[24.94372,60.169785],[24.943718,60.169792],[24.943695,60.169792],[24.943695,60.169785],[24.94342,60.169779],[24.94342,60.169783],[24.943411,60.169782],[24.943404,60.169823],[24.943352,60.170232],[24.943386,60.170232],[24.943403,60.170233],[24.943403,60.170224],[24.943441,60.170225],[24.943441,60.170233],[24.9435,60.170235],[24.9435,60.170229],[24.943865,60.170239],[24.943864,60.170256],[24.943929,60.170256],[24.943929,60.170265],[24.943975,60.170265],[24.943976,60.170256],[24.943983,60.170256],[24.944049,60.170259],[24.94412,60.170261],[24.94412,60.170269],[24.944163,60.170271],[24.944163,60.170262],[24.94423,60.170263],[24.944231,60.170249],[24.944589,60.170257],[24.944588,60.170264],[24.944641,60.170264],[24.944642,60.170258],[24.94468,60.17026],[24.944679,60.170265],[24.944709,60.170265],[24.94474,60.170265],[24.944744,60.17022],[24.944754,60.17022],[24.944759,60.170163],[24.944762,60.170163],[24.944764,60.170149],[24.944751,60.170148],[24.944754,60.170114],[24.944757,60.170114],[24.944758,60.170102],[24.944749,60.170102],[24.944764,60.169933],[24.944776,60.169933],[24.944778,60.169913],[24.944774,60.169913],[24.944777,60.169877],[24.944782,60.169878],[24.944784,60.169857],[24.944779,60.169857],[24.944782,60.169825],[24.944783,60.169816],[24.944772,60.169815]]]},"properties":{}},{"type":"Feature","geometry":{"type":"Polygon","coordinates":[[[24.935614,60.170445],[24.935545,60.170538],[24.935668,60.170584],[24.936045,60.170723],[24.936029,60.170734],[24.936075,60.170751],[24.936121,60.170768],[24.936137,60.170758],[24.936336,60.170831],[24.936409,60.170782],[24.936508,60.170717],[24.936671,60.170607],[24.937409,60.170115],[24.937448,60.170089],[24.937485,60.170064],[24.937616,60.169977],[24.937355,60.16988],[24.937181,60.169815],[24.937011,60.169752],[24.936831,60.169686],[24.936747,60.169742],[24.9367,60.169773],[24.93688,60.16984],[24.93705,60.169903],[24.937224,60.169967],[24.93727,60.169985],[24.937232,60.17001],[24.937194,60.170035],[24.937039,60.170139],[24.936926,60.170097],[24.936347,60.170484],[24.936305,60.170482],[24.936253,60.170479],[24.935614,60.170445]]]},"properties":{}},{"type":"Feature","geometry":{"type":"Polygon","coordinates":[[[24.936821,60.171516],[24.936619,60.171503],[24.936572,60.171715],[24.936463,60.172193],[24.936441,60.172206],[24.93638,60.172233],[24.936278,60.172286],[24.936172,60.172338],[24.936061,60.172383],[24.936138,60.17243],[24.936331,60.172552],[24.936381,60.172586],[24.93668,60.172357],[24.936699,60.172343],[24.936726,60.172321],[24.93675,60.172302],[24.936832,60.172221],[24.936906,60.17214],[24.936982,60.172051],[24.936991,60.172029],[24.937,60.171999],[24.937016,60.171934],[24.937101,60.171562],[24.936933,60.17155],[24.936913,60.171548],[24.936884,60.171546],[24.936847,60.171544],[24.936854,60.171518],[24.936821,60.171516]]]},"properties":{}},{"type":"Feature","geometry":{"type":"Polygon","coordinates":[[[24.936753,60.167787],[24.936601,60.167895],[24.936733,60.167941],[24.936579,60.16805],[24.936715,60.168098],[24.936871,60.167987],[24.937019,60.168038],[24.936863,60.168149],[24.936887,60.168158],[24.937087,60.168227],[24.937174,60.168166],[24.937382,60.168017],[24.937393,60.168009],[24.936753,60.167787]]]},"properties":{}},{"type":"Feature","geometry":{"type":"Polygon","coordinates":[[[24.936563,60.167246],[24.936257,60.167469],[24.936686,60.167615],[24.936871,60.167481],[24.936732,60.167433],[24.936854,60.167345],[24.936563,60.167246]]]},"properties":{}},{"type":"Feature","geometry":{"type":"Polygon","coordinates":[[[24.949988,60.169967],[24.949583,60.169957],[24.949364,60.169952],[24.949294,60.170642],[24.949293,60.17066],[24.949333,60.170661],[24.949903,60.170675],[24.949918,60.170534],[24.9496,60.170527],[24.949642,60.170104],[24.949974,60.170112],[24.949988,60.169967]]]},"properties":{}},{"type":"Feature","geometry":{"type":"Polygon","coordinates":[[[24.950971,60.17308],[24.951546,60.173096],[24.951566,60.172804],[24.950998,60.172791],[24.950971,60.17308]]]},"properties":{}},{"type":"Feature","geometry":{"type":"Polygon","coordinates":[[[24.952561,60.177991],[24.952601,60.178013],[24.952662,60.178028],[24.953021,60.178034],[24.95304,60.178024],[24.953043,60.177976],[24.953026,60.177966],[24.952667,60.17796],[24.952604,60.177972],[24.952561,60.177991]]]},"properties":{}},{"type":"Feature","geometry":{"type":"Polygon","coordinates":[[[24.949279,60.168222],[24.94931,60.167926],[24.947673,60.167885],[24.947617,60.168386],[24.94816,60.1684],[24.948174,60.168282],[24.947932,60.168275],[24.947948,60.168131],[24.947885,60.168129],[24.947887,60.168117],[24.947895,60.168114],[24.947901,60.168109],[24.947904,60.168104],[24.947905,60.168098],[24.947904,60.168092],[24.947897,60.168086],[24.947886,60.168082],[24.947887,60.16807],[24.948141,60.168078],[24.948139,60.1681],[24.948114,60.1681],[24.9481,60.168105],[24.948092,60.168109],[24.948088,60.168116],[24.94809,60.168123],[24.948096,60.168128],[24.948107,60.168133],[24.948102,60.1682],[24.948184,60.168203],[24.948185,60.168196],[24.948355,60.168199],[24.948354,60.16814],[24.948322,60.168122],[24.948271,60.16812],[24.948272,60.168097],[24.948294,60.168086],[24.948638,60.168093],[24.948638,60.168074],[24.948955,60.168082],[24.948955,60.168087],[24.94908,60.16809],[24.949102,60.168109],[24.949085,60.168109],[24.949065,60.168115],[24.949057,60.168121],[24.949053,60.168132],[24.949069,60.168143],[24.949039,60.168167],[24.949037,60.168215],[24.949052,60.168216],[24.949279,60.168222]]]},"properties":{}},{"type":"Feature","geometry":{"type":"Polygon","coordinates":[[[24.950216,60.168321],[24.950032,60.168316],[24.950068,60.167943],[24.949565,60.167929],[24.949563,60.167948],[24.949518,60.168406],[24.949503,60.168545],[24.949783,60.168552],[24.950029,60.168559],[24.95019,60.168564],[24.950209,60.16838],[24.950216,60.168321]]]},"properties":{}},{"type":"Feature","geometry":{"type":"Polygon","coordinates":[[[24.948266,60.17159],[24.948252,60.171728],[24.948623,60.171737],[24.948618,60.171795],[24.948887,60.171803],[24.948896,60.171729],[24.948907,60.17154],[24.948633,60.171533],[24.948623,60.171599],[24.948266,60.17159]]]},"properties":{}},{"type":"Feature","geometry":{"type":"Polygon","coordinates":[[[24.950623,60.170829],[24.950615,60.170828],[24.94981,60.170806],[24.949284,60.170791],[24.949273,60.170791],[24.949194,60.171492],[24.949161,60.171781],[24.949134,60.172024],[24.949128,60.172074],[24.949127,60.172081],[24.950471,60.172119],[24.950489,60.17196],[24.949948,60.171945],[24.949944,60.171981],[24.949392,60.171965],[24.949412,60.17179],[24.949447,60.17148],[24.949515,60.171482],[24.949524,60.1714],[24.949447,60.171398],[24.949503,60.170894],[24.949762,60.170901],[24.94976,60.170918],[24.949918,60.170923],[24.949912,60.170973],[24.950409,60.170987],[24.950604,60.170993],[24.950622,60.170835],[24.950623,60.170829]]]},"properties":{}},{"type":"Feature","geometry":{"type":"Polygon","coordinates":[[[24.950215,60.17173],[24.950056,60.171726],[24.950049,60.171785],[24.950145,60.171788],[24.950147,60.171767],[24.950516,60.171777],[24.950542,60.171548],[24.950564,60.171549],[24.95058,60.171409],[24.950557,60.171408],[24.950583,60.171178],[24.950529,60.171177],[24.950228,60.171168],[24.95023,60.171149],[24.950124,60.171146],[24.950117,60.171206],[24.950272,60.171211],[24.950215,60.17173]]]},"properties":{}},{"type":"Feature","geometry":{"type":"Polygon","coordinates":[[[24.951647,60.17144],[24.95194,60.171449],[24.951959,60.171293],[24.952204,60.171301],[24.952198,60.171352],[24.95231,60.171355],[24.952305,60.171396],[24.952648,60.171407],[24.952652,60.171382],[24.952741,60.171385],[24.952751,60.171303],[24.952707,60.171301],[24.952733,60.171087],[24.952784,60.171089],[24.952793,60.171015],[24.952679,60.171011],[24.952682,60.170988],[24.952358,60.170978],[24.952355,60.171],[24.952227,60.170996],[24.95222,60.171058],[24.951962,60.171051],[24.951979,60.170912],[24.95195,60.170911],[24.951954,60.170877],[24.951716,60.170869],[24.951647,60.17144]]]},"properties":{}},{"type":"Feature","geometry":{"type":"Polygon","coordinates":[[[24.950934,60.171835],[24.951423,60.171847],[24.951412,60.171956],[24.951726,60.171963],[24.951738,60.171849],[24.951898,60.171853],[24.951919,60.171631],[24.951921,60.171615],[24.951775,60.171611],[24.951777,60.171582],[24.95152,60.171575],[24.951128,60.171564],[24.951124,60.171599],[24.950957,60.171595],[24.950934,60.171835]]]},"properties":{}},{"type":"Feature","geometry":{"type":"Polygon","coordinates":[[[24.95304,60.172779],[24.952883,60.172775],[24.952879,60.172809],[24.952689,60.172804],[24.952677,60.17291],[24.952824,60.172914],[24.952932,60.172917],[24.953013,60.172919],[24.953026,60.172904],[24.95304,60.172779]]]},"properties":{}},{"type":"Feature","geometry":{"type":"Polygon","coordinates":[[[24.952547,60.172632],[24.952389,60.172628],[24.952391,60.172608],[24.952171,60.172602],[24.952169,60.172622],[24.952003,60.172617],[24.951983,60.172796],[24.952152,60.1728],[24.95215,60.172817],[24.952371,60.172823],[24.952373,60.172806],[24.952527,60.17281],[24.952537,60.172724],[24.952547,60.172632]]]},"properties":{}},{"type":"Feature","geometry":{"type":"Polygon","coordinates":[[[24.952008,60.173385],[24.951491,60.173371],[24.951494,60.173344],[24.950984,60.173331],[24.950976,60.173399],[24.950758,60.173393],[24.950655,60.173391],[24.950612,60.173788],[24.950918,60.173796],[24.950913,60.173845],[24.951448,60.173859],[24.95145,60.173836],[24.951948,60.17385],[24.95196,60.173735],[24.951494,60.173723],[24.951191,60.173715],[24.950972,60.173709],[24.950984,60.17359],[24.950997,60.173475],[24.951996,60.173502],[24.952008,60.173385]]]},"properties":{}},{"type":"Feature","geometry":{"type":"Polygon","coordinates":[[[24.952583,60.174004],[24.952591,60.174004],[24.952951,60.174014],[24.952951,60.174007],[24.952959,60.173935],[24.952972,60.17381],[24.95297,60.17381],[24.952829,60.173806],[24.952819,60.173897],[24.952595,60.173891],[24.952583,60.174004]]]},"properties":{}},{"type":"Feature","geometry":{"type":"Polygon","coordinates":[[[24.952707,60.173735],[24.952974,60.173743],[24.953023,60.17331],[24.952794,60.173303],[24.952772,60.173495],[24.952734,60.173494],[24.952721,60.173613],[24.952602,60.17361],[24.952597,60.173653],[24.952716,60.173656],[24.952707,60.173735]]]},"properties":{}},{"type":"Feature","geometry":{"type":"Polygon","coordinates":[[[24.952184,60.174144],[24.951543,60.174126],[24.951527,60.17426],[24.951979,60.174273],[24.95196,60.174433],[24.95151,60.17442],[24.951491,60.174577],[24.952064,60.174593],[24.952073,60.174515],[24.95214,60.174517],[24.952148,60.174448],[24.952151,60.174421],[24.952168,60.174282],[24.952169,60.174272],[24.952184,60.174144]]]},"properties":{}},{"type":"Feature","geometry":{"type":"Polygon","coordinates":[[[24.953226,60.176234],[24.95172,60.175764],[24.951523,60.175921],[24.952273,60.176154],[24.953029,60.176388],[24.953226,60.176234]]]},"properties":{}},{"type":"Feature","geometry":{"type":"Polygon","coordinates":[[[24.953296,60.176252],[24.953196,60.176328],[24.953171,60.17632],[24.953063,60.176402],[24.953238,60.176459],[24.953296,60.176252]]]},"properties":{}},{"type":"Feature","geometry":{"type":"Polygon","coordinates":[[[24.952652,60.175449],[24.952324,60.175444],[24.952304,60.175443],[24.952301,60.175485],[24.952295,60.175579],[24.952388,60.175581],[24.952385,60.175626],[24.95264,60.17563],[24.952652,60.175449]]]},"properties":{}},{"type":"Feature","geometry":{"type":"Polygon","coordinates":[[[24.946062,60.168331],[24.945742,60.168323],[24.945701,60.168685],[24.945686,60.168821],[24.946256,60.168835],[24.946272,60.168666],[24.946068,60.168661],[24.946045,60.168672],[24.946001,60.168649],[24.946024,60.16863],[24.946048,60.168437],[24.946062,60.168331]]]},"properties":{}},{"type":"Feature","geometry":{"type":"Polygon","coordinates":[[[24.95207,60.16835],[24.952108,60.167991],[24.952109,60.167983],[24.951244,60.167973],[24.951237,60.168059],[24.951228,60.168059],[24.951217,60.168162],[24.95121,60.168227],[24.95122,60.168227],[24.951209,60.16833],[24.951385,60.168334],[24.951387,60.168318],[24.951443,60.16832],[24.951446,60.168295],[24.95139,60.168294],[24.95141,60.168105],[24.951661,60.168112],[24.951655,60.168167],[24.951595,60.168165],[24.951586,60.168249],[24.951648,60.16825],[24.95165,60.168234],[24.951905,60.168241],[24.951903,60.168257],[24.951884,60.168261],[24.951871,60.168268],[24.95187,60.168283],[24.951754,60.168279],[24.951749,60.168323],[24.951865,60.168326],[24.951863,60.168345],[24.95207,60.16835]]]},"properties":{}},{"type":"Feature","geometry":{"type":"Polygon","coordinates":[[[24.951602,60.168728],[24.951591,60.168831],[24.951588,60.168858],[24.951574,60.168969],[24.951992,60.168981],[24.951993,60.168976],[24.951994,60.168973],[24.952015,60.168829],[24.952028,60.16874],[24.95184,60.168734],[24.951829,60.168837],[24.951692,60.168833],[24.951702,60.168731],[24.951602,60.168728]]]},"properties":{}},{"type":"Feature","geometry":{"type":"Polygon","coordinates":[[[24.948266,60.17159],[24.948009,60.171582],[24.947969,60.171515],[24.947692,60.171508],[24.94771,60.171569],[24.947737,60.171633],[24.947782,60.171721],[24.947852,60.171825],[24.948077,60.172033],[24.948104,60.172059],[24.948637,60.172554],[24.948799,60.17256],[24.948856,60.172072],[24.948887,60.171803],[24.948618,60.171795],[24.9486,60.171977],[24.948458,60.171974],[24.948375,60.171996],[24.948259,60.171892],[24.948268,60.171796],[24.948165,60.171794],[24.948109,60.171725],[24.948252,60.171728],[24.948266,60.17159]]]},"properties":{}},{"type":"Feature","geometry":{"type":"Polygon","coordinates":[[[24.946476,60.168995],[24.946155,60.168986],[24.945667,60.16898],[24.945666,60.168989],[24.945652,60.169134],[24.945628,60.169315],[24.945623,60.169355],[24.945898,60.169362],[24.946434,60.169373],[24.946476,60.168995]]]},"properties":{}},{"type":"Feature","geometry":{"type":"Polygon","coordinates":[[[24.94777,60.178039],[24.947782,60.177942],[24.947303,60.177927],[24.947317,60.17782],[24.947086,60.177813],[24.94707,60.177937],[24.947212,60.177942],[24.947226,60.177942],[24.947216,60.178022],[24.947225,60.178022],[24.947265,60.178023],[24.94731,60.178025],[24.947352,60.178026],[24.947393,60.178027],[24.947429,60.178028],[24.94767,60.178036],[24.94777,60.178039]]]},"properties":{}},{"type":"Feature","geometry":{"type":"Polygon","coordinates":[[[24.948194,60.178555],[24.948182,60.178678],[24.948247,60.17868],[24.948244,60.178703],[24.94829,60.178704],[24.948291,60.178698],[24.948451,60.178702],[24.948442,60.1788],[24.948352,60.178798],[24.948344,60.178887],[24.948905,60.1789],[24.948922,60.178717],[24.948936,60.178573],[24.948812,60.17857],[24.948513,60.178563],[24.948194,60.178555]]]},"properties":{}},{"type":"Feature","geometry":{"type":"Polygon","coordinates":[[[24.948383,60.179105],[24.948436,60.179106],[24.948905,60.179006],[24.948907,60.178983],[24.948214,60.178965],[24.94808,60.179086],[24.948012,60.179067],[24.94826,60.179107],[24.948355,60.179097],[24.948383,60.179105]]]},"properties":{}},{"type":"Feature","geometry":{"type":"Polygon","coordinates":[[[24.946762,60.177858],[24.946774,60.177792],[24.946788,60.177635],[24.946696,60.177603],[24.946687,60.177605],[24.946182,60.177699],[24.946258,60.177799],[24.946562,60.177739],[24.946553,60.177787],[24.946536,60.177786],[24.946529,60.177823],[24.946545,60.177824],[24.946541,60.177849],[24.946762,60.177858]]]},"properties":{}},{"type":"Feature","geometry":{"type":"Polygon","coordinates":[[[24.936887,60.168158],[24.936753,60.168253],[24.936705,60.168236],[24.936724,60.168222],[24.936333,60.168086],[24.936184,60.168192],[24.936612,60.168341],[24.936559,60.168379],[24.936771,60.168453],[24.937087,60.168227],[24.936887,60.168158]]]},"properties":{}},{"type":"Feature","geometry":{"type":"Polygon","coordinates":[[[24.936559,60.168379],[24.936535,60.168371],[24.936423,60.16845],[24.936018,60.16831],[24.935829,60.168444],[24.936079,60.168531],[24.936251,60.168591],[24.93647,60.168667],[24.936771,60.168453],[24.936559,60.168379]]]},"properties":{}},{"type":"Feature","geometry":{"type":"Polygon","coordinates":[[[24.936251,60.168591],[24.936096,60.168701],[24.93602,60.168675],[24.936032,60.168666],[24.935826,60.168594],[24.935814,60.168603],[24.93575,60.168581],[24.935772,60.168566],[24.935788,60.168571],[24.935851,60.168527],[24.936008,60.168581],[24.936079,60.168531],[24.935829,60.168444],[24.935516,60.168676],[24.936145,60.168898],[24.936447,60.168683],[24.93647,60.168667],[24.936251,60.168591]]]},"properties":{}},{"type":"Feature","geometry":{"type":"Polygon","coordinates":[[[24.935453,60.167344],[24.935353,60.167418],[24.935605,60.167506],[24.935615,60.167536],[24.93557,60.167567],[24.935542,60.167557],[24.935523,60.167554],[24.935503,60.167559],[24.935489,60.167567],[24.935252,60.167487],[24.935581,60.167718],[24.935875,60.167507],[24.935891,60.167495],[24.935855,60.167483],[24.935453,60.167344]]]},"properties":{}},{"type":"Feature","geometry":{"type":"Polygon","coordinates":[[[24.937297,60.167172],[24.936909,60.167035],[24.936873,60.167022],[24.93686,60.167032],[24.936563,60.167246],[24.936854,60.167345],[24.936882,60.167325],[24.936836,60.167309],[24.936957,60.167222],[24.937106,60.167273],[24.937082,60.167291],[24.937116,60.167303],[24.937297,60.167172]]]},"properties":{}},{"type":"Feature","geometry":{"type":"Polygon","coordinates":[[[24.952807,60.170049],[24.952794,60.17026],[24.952928,60.170263],[24.952925,60.170285],[24.952979,60.170287],[24.952965,60.17038],[24.952792,60.170375],[24.952776,60.170503],[24.952743,60.170502],[24.952742,60.170511],[24.952734,60.170562],[24.952769,60.170563],[24.952761,60.170645],[24.953019,60.170651],[24.953016,60.170674],[24.952724,60.170666],[24.952715,60.170755],[24.953127,60.170766],[24.953278,60.17077],[24.953301,60.170771],[24.953356,60.170272],[24.953382,60.170063],[24.953218,60.170059],[24.952807,60.170049]]]},"properties":{}},{"type":"Feature","geometry":{"type":"Polygon","coordinates":[[[24.953278,60.173655],[24.95329,60.173534],[24.953282,60.173615],[24.953278,60.173655]]]},"properties":{}},{"type":"Feature","geometry":{"type":"Polygon","coordinates":[[[24.953363,60.17281],[24.953375,60.172683],[24.953382,60.172612],[24.953322,60.173215],[24.953332,60.173116],[24.953348,60.172958],[24.953363,60.17281]]]},"properties":{}},{"type":"Feature","geometry":{"type":"Polygon","coordinates":[[[24.948826,60.169504],[24.949144,60.16951],[24.949196,60.169062],[24.948572,60.169047],[24.947679,60.169024],[24.947679,60.169054],[24.947657,60.169053],[24.94762,60.169065],[24.947593,60.169083],[24.947577,60.169097],[24.947567,60.169115],[24.947537,60.169115],[24.947477,60.169712],[24.947476,60.169724],[24.947527,60.169725],[24.947521,60.169775],[24.948286,60.169792],[24.948304,60.169637],[24.94832,60.169496],[24.948826,60.169504]]]},"properties":{}},{"type":"Feature","geometry":{"type":"Polygon","coordinates":[[[24.946572,60.173352],[24.947165,60.173368],[24.947195,60.1731],[24.946819,60.17309],[24.946602,60.173084],[24.946572,60.173352]]]},"properties":{}},{"type":"Feature","geometry":{"type":"Polygon","coordinates":[[[24.945263,60.172651],[24.945254,60.172719],[24.945234,60.172944],[24.946192,60.172967],[24.94621,60.172845],[24.945485,60.172829],[24.9455,60.172658],[24.945263,60.172651]]]},"properties":{}},{"type":"Feature","geometry":{"type":"Polygon","coordinates":[[[24.947262,60.17244],[24.94727,60.172348],[24.947291,60.172173],[24.947293,60.172162],[24.947292,60.172162],[24.947271,60.172161],[24.946369,60.172139],[24.946355,60.172273],[24.94634,60.172413],[24.946449,60.172416],[24.946461,60.172349],[24.947037,60.172367],[24.947026,60.172432],[24.947262,60.17244]]]},"properties":{}},{"type":"Feature","geometry":{"type":"Polygon","coordinates":[[[24.942401,60.172355],[24.942383,60.172509],[24.942813,60.172521],[24.94283,60.172367],[24.942401,60.172355]]]},"properties":{}},{"type":"Feature","geometry":{"type":"Polygon","coordinates":[[[24.942465,60.172746],[24.942457,60.172807],[24.942502,60.172808],[24.942499,60.172827],[24.942839,60.172837],[24.942849,60.172758],[24.942465,60.172746]]]},"properties":{}},{"type":"Feature","geometry":{"type":"Polygon","coordinates":[[[24.939941,60.167587],[24.939998,60.167606],[24.940276,60.167405],[24.940295,60.167392],[24.939974,60.167282],[24.939953,60.167297],[24.939677,60.167496],[24.939941,60.167587]]]},"properties":{}},{"type":"Feature","geometry":{"type":"Polygon","coordinates":[[[24.941529,60.166962],[24.941539,60.166966],[24.94154,60.16697],[24.941583,60.166986],[24.941593,60.166985],[24.941616,60.166969],[24.94179,60.167033],[24.941698,60.167096],[24.941667,60.167086],[24.941638,60.167105],[24.941643,60.167107],[24.941628,60.167118],[24.941948,60.167228],[24.941983,60.167206],[24.942099,60.167129],[24.942238,60.167033],[24.941705,60.166847],[24.941606,60.16691],[24.941529,60.166962]]]},"properties":{}},{"type":"Feature","geometry":{"type":"Polygon","coordinates":[[[24.941904,60.166713],[24.941705,60.166847],[24.942238,60.167033],[24.942477,60.166876],[24.942238,60.166793],[24.94214,60.166864],[24.941878,60.166773],[24.941945,60.166729],[24.941904,60.166713]]]},"properties":{}},{"type":"Feature","geometry":{"type":"Polygon","coordinates":[[[24.94277,60.166678],[24.942967,60.166546],[24.942966,60.166527],[24.942453,60.166344],[24.942218,60.166507],[24.942369,60.166561],[24.942444,60.166509],[24.942647,60.166581],[24.942598,60.166615],[24.94277,60.166678]]]},"properties":{}},{"type":"Feature","geometry":{"type":"Polygon","coordinates":[[[24.949668,60.167285],[24.949664,60.167322],[24.949814,60.167326],[24.949813,60.167338],[24.949941,60.167341],[24.949936,60.167385],[24.949912,60.167384],[24.949906,60.167448],[24.949927,60.167449],[24.949924,60.167479],[24.949953,60.167486],[24.949979,60.167489],[24.950004,60.167489],[24.950027,60.167488],[24.950057,60.167483],[24.95006,60.167452],[24.950082,60.167453],[24.950083,60.167443],[24.950197,60.167446],[24.950196,60.167456],[24.950386,60.167461],[24.950387,60.167451],[24.950502,60.167454],[24.950501,60.167463],[24.950521,60.167464],[24.950518,60.167493],[24.950549,60.1675],[24.950577,60.167504],[24.950602,60.167504],[24.950625,60.167503],[24.950658,60.167497],[24.950661,60.167468],[24.95068,60.167468],[24.950687,60.167404],[24.950665,60.167403],[24.950668,60.167374],[24.950662,60.167374],[24.950666,60.167373],[24.95067,60.16737],[24.950671,60.167367],[24.950671,60.167364],[24.950669,60.167361],[24.950665,60.167358],[24.950661,60.167357],[24.950654,60.167355],[24.950647,60.167355],[24.95064,60.167356],[24.950634,60.167358],[24.950617,60.167358],[24.950618,60.167349],[24.950621,60.167319],[24.950635,60.16732],[24.950636,60.167308],[24.950637,60.167299],[24.950458,60.167295],[24.950459,60.167289],[24.95017,60.167284],[24.95017,60.167288],[24.949988,60.167283],[24.949988,60.167287],[24.949912,60.167285],[24.949911,60.167291],[24.949668,60.167285]]]},"properties":{}},{"type":"Feature","geometry":{"type":"Polygon","coordinates":[[[24.950189,60.167688],[24.950185,60.167737],[24.950359,60.167741],[24.950363,60.167692],[24.950189,60.167688]]]},"properties":{}},{"type":"Feature","geometry":{"type":"Polygon","coordinates":[[[24.951499,60.165633],[24.951807,60.165643],[24.951862,60.165531],[24.952068,60.16554],[24.952088,60.165652],[24.952342,60.165661],[24.952354,60.165569],[24.95236,60.165531],[24.952364,60.165492],[24.952442,60.164919],[24.952175,60.16491],[24.952094,60.165253],[24.951896,60.165243],[24.951899,60.164901],[24.951599,60.16489],[24.951499,60.165633]]]},"properties":{}},{"type":"Feature","geometry":{"type":"Polygon","coordinates":[[[24.949712,60.166688],[24.949934,60.166695],[24.949939,60.166644],[24.95038,60.166657],[24.950405,60.166443],[24.949959,60.16643],[24.949742,60.166424],[24.949712,60.166688]]]},"properties":{}},{"type":"Feature","geometry":{"type":"Polygon","coordinates":[[[24.950767,60.166453],[24.951044,60.166461],[24.951071,60.166227],[24.949769,60.166189],[24.949742,60.166424],[24.949959,60.16643],[24.949974,60.166302],[24.95072,60.166323],[24.950707,60.166434],[24.950769,60.166435],[24.950767,60.166453]]]},"properties":{}},{"type":"Feature","geometry":{"type":"Polygon","coordinates":[[[24.94809,60.164878],[24.948085,60.164928],[24.948027,60.165476],[24.948435,60.165482],[24.948453,60.165338],[24.948497,60.164981],[24.948509,60.164884],[24.94809,60.164878]]]},"properties":{}},{"type":"Feature","geometry":{"type":"Polygon","coordinates":[[[24.948339,60.166734],[24.948348,60.166656],[24.947823,60.166641],[24.947772,60.167086],[24.948296,60.167101],[24.948322,60.166878],[24.948276,60.166877],[24.948278,60.166863],[24.948227,60.166861],[24.948224,60.166882],[24.948204,60.166882],[24.948198,60.166936],[24.948245,60.166937],[24.948241,60.166974],[24.948114,60.16697],[24.948116,60.166955],[24.948088,60.166955],[24.948117,60.166707],[24.948175,60.166709],[24.948172,60.16673],[24.948339,60.166734]]]},"properties":{}},{"type":"Feature","geometry":{"type":"Polygon","coordinates":[[[24.949043,60.166157],[24.949477,60.16617],[24.949528,60.165728],[24.949518,60.165722],[24.949506,60.165715],[24.949161,60.165705],[24.94906,60.165703],[24.949008,60.165701],[24.948989,60.165841],[24.948984,60.165886],[24.949112,60.165889],[24.949119,60.165821],[24.949312,60.165827],[24.949309,60.165854],[24.949265,60.165853],[24.949243,60.166051],[24.94929,60.166053],[24.949285,60.166098],[24.949051,60.166091],[24.949046,60.166132],[24.949043,60.166157]]]},"properties":{}},{"type":"Feature","geometry":{"type":"Polygon","coordinates":[[[24.94685,60.166686],[24.946864,60.166682],[24.946876,60.166676],[24.946882,60.166668],[24.946881,60.16666],[24.946874,60.166649],[24.946866,60.166646],[24.946854,60.166643],[24.946636,60.166638],[24.946628,60.16673],[24.946505,60.166727],[24.946498,60.166811],[24.946652,60.166814],[24.946643,60.166924],[24.946434,60.166919],[24.946421,60.167061],[24.946971,60.167073],[24.946984,60.16693],[24.946772,60.166925],[24.946782,60.166817],[24.946993,60.166822],[24.947002,60.16673],[24.946883,60.166727],[24.946881,60.166742],[24.946845,60.166742],[24.94685,60.166686]]]},"properties":{}},{"type":"Feature","geometry":{"type":"Polygon","coordinates":[[[24.947579,60.166398],[24.9476,60.166176],[24.946793,60.166151],[24.94677,60.16638],[24.946889,60.166383],[24.946895,60.166312],[24.946875,60.166311],[24.946877,60.166295],[24.94731,60.166304],[24.947306,60.166353],[24.947134,60.16635],[24.947131,60.166388],[24.947579,60.166398]]]},"properties":{}},{"type":"Feature","geometry":{"type":"Polygon","coordinates":[[[24.945983,60.166286],[24.945988,60.166302],[24.946003,60.166311],[24.946038,60.166321],[24.946074,60.166323],[24.946112,60.166315],[24.946127,60.166303],[24.946131,60.166281],[24.94622,60.166283],[24.946212,60.166368],[24.946445,60.166373],[24.946454,60.166269],[24.946497,60.16627],[24.946501,60.166226],[24.946667,60.166229],[24.946654,60.166378],[24.94677,60.16638],[24.946793,60.166151],[24.946032,60.166127],[24.945997,60.166126],[24.945995,60.166154],[24.945983,60.166286]]]},"properties":{}},{"type":"Feature","geometry":{"type":"Polygon","coordinates":[[[24.946421,60.167061],[24.946434,60.166919],[24.946435,60.166905],[24.946226,60.1669],[24.946243,60.166699],[24.946453,60.166704],[24.94646,60.166617],[24.945954,60.166606],[24.945915,60.167049],[24.946421,60.167061]]]},"properties":{}},{"type":"Feature","geometry":{"type":"Polygon","coordinates":[[[24.94646,60.166617],[24.946748,60.166624],[24.94677,60.16638],[24.946654,60.166378],[24.946445,60.166373],[24.946212,60.166368],[24.945976,60.166363],[24.945954,60.166606],[24.94646,60.166617]]]},"properties":{}},{"type":"Feature","geometry":{"type":"Polygon","coordinates":[[[24.944069,60.166144],[24.944563,60.166155],[24.944568,60.166093],[24.944491,60.166091],[24.944489,60.166108],[24.944353,60.166106],[24.944368,60.165945],[24.944495,60.165948],[24.944494,60.165963],[24.94458,60.165965],[24.944591,60.165836],[24.944147,60.165824],[24.944096,60.165847],[24.944069,60.166144]]]},"properties":{}},{"type":"Feature","geometry":{"type":"Polygon","coordinates":[[[24.94511,60.166996],[24.945107,60.167025],[24.945493,60.167034],[24.945656,60.167038],[24.945702,60.166539],[24.94565,60.166538],[24.945411,60.166533],[24.945377,60.166894],[24.94512,60.166888],[24.94511,60.166996]]]},"properties":{}},{"type":"Feature","geometry":{"type":"Polygon","coordinates":[[[24.944579,60.165974],[24.945202,60.165988],[24.945214,60.165854],[24.944591,60.165836],[24.94458,60.165965],[24.944579,60.165974]]]},"properties":{}},{"type":"Feature","geometry":{"type":"Polygon","coordinates":[[[24.945899,60.164654],[24.945649,60.164646],[24.945641,60.164716],[24.945381,60.164708],[24.945389,60.164638],[24.945114,60.16463],[24.94509,60.164823],[24.945451,60.164834],[24.945875,60.164847],[24.945899,60.164654]]]},"properties":{}},{"type":"Feature","geometry":{"type":"Polygon","coordinates":[[[24.944125,60.165446],[24.944317,60.165452],[24.944397,60.165454],[24.944401,60.165425],[24.944627,60.165432],[24.944624,60.165461],[24.944795,60.165466],[24.94482,60.16526],[24.944707,60.165256],[24.944693,60.165376],[24.944625,60.165374],[24.944633,60.16531],[24.944439,60.165304],[24.944443,60.16527],[24.944467,60.16527],[24.94447,60.165249],[24.944411,60.165247],[24.94415,60.16524],[24.944125,60.165446]]]},"properties":{}},{"type":"Feature","geometry":{"type":"Polygon","coordinates":[[[24.944177,60.165017],[24.944439,60.165025],[24.944444,60.16498],[24.944484,60.164981],[24.944489,60.164942],[24.944599,60.164945],[24.944588,60.16503],[24.94465,60.165032],[24.944848,60.165038],[24.944875,60.164817],[24.944205,60.164796],[24.944187,60.164943],[24.944177,60.165017]]]},"properties":{}},{"type":"Feature","geometry":{"type":"Polygon","coordinates":[[[24.950391,60.165401],[24.950385,60.165466],[24.950086,60.165458],[24.950092,60.165404],[24.950093,60.165393],[24.950117,60.165394],[24.950179,60.165396],[24.950184,60.165345],[24.949867,60.165338],[24.949861,60.165398],[24.94985,60.165501],[24.949847,60.165526],[24.949843,60.165561],[24.949842,60.165577],[24.949852,60.165582],[24.949862,60.165588],[24.94992,60.165589],[24.950097,60.165593],[24.950289,60.165598],[24.950374,60.1656],[24.950453,60.165602],[24.950516,60.165604],[24.950529,60.165471],[24.950536,60.165404],[24.950391,60.165401]]]},"properties":{}},{"type":"Feature","geometry":{"type":"Polygon","coordinates":[[[24.950299,60.165114],[24.950305,60.16506],[24.950145,60.165056],[24.950152,60.164977],[24.950469,60.164985],[24.950461,60.165064],[24.950567,60.165067],[24.950572,60.16502],[24.950585,60.164888],[24.949913,60.164871],[24.94991,60.164899],[24.949899,60.164997],[24.949888,60.165105],[24.950299,60.165114]]]},"properties":{}},{"type":"Feature","geometry":{"type":"Polygon","coordinates":[[[24.948061,60.164672],[24.948865,60.164691],[24.949652,60.164709],[24.949668,60.164539],[24.949409,60.164533],[24.94808,60.164502],[24.948061,60.164672]]]},"properties":{}},{"type":"Feature","geometry":{"type":"Polygon","coordinates":[[[24.949386,60.164456],[24.949416,60.164457],[24.949691,60.164463],[24.949386,60.164456]]]},"properties":{}},{"type":"Feature","geometry":{"type":"Polygon","coordinates":[[[24.951623,60.164491],[24.951597,60.164766],[24.952352,60.164783],[24.952354,60.164759],[24.952416,60.164761],[24.952481,60.164762],[24.952499,60.164569],[24.952505,60.164509],[24.952222,60.164503],[24.952213,60.164609],[24.951889,60.164603],[24.951898,60.164496],[24.951623,60.164491]]]},"properties":{}},{"type":"Feature","geometry":{"type":"Polygon","coordinates":[[[24.950811,60.164278],[24.950646,60.164274],[24.95064,60.164338],[24.950629,60.164458],[24.951311,60.164473],[24.951328,60.16429],[24.951072,60.164285],[24.951063,60.164383],[24.950802,60.164377],[24.950811,60.164278]]]},"properties":{}},{"type":"Feature","geometry":{"type":"Polygon","coordinates":[[[24.946035,60.165745],[24.94602,60.165866],[24.946008,60.165968],[24.946047,60.16599],[24.946074,60.165991],[24.94644,60.166004],[24.946456,60.166005],[24.946808,60.166018],[24.946835,60.165798],[24.946838,60.165769],[24.946666,60.165764],[24.9466,60.165762],[24.946589,60.165853],[24.94671,60.165856],[24.946707,60.165878],[24.946316,60.165866],[24.946329,60.165754],[24.946282,60.165753],[24.946035,60.165745]]]},"properties":{}},{"type":"Feature","geometry":{"type":"Polygon","coordinates":[[[24.947083,60.165708],[24.947141,60.165709],[24.947148,60.165646],[24.947191,60.165647],[24.947184,60.165711],[24.947291,60.165714],[24.947287,60.165751],[24.947219,60.165749],[24.947216,60.165777],[24.947284,60.165779],[24.947281,60.165811],[24.947411,60.165815],[24.947631,60.165821],[24.947664,60.165547],[24.947498,60.165542],[24.947484,60.165658],[24.947313,60.165653],[24.947327,60.165537],[24.946986,60.165527],[24.946982,60.165562],[24.946863,60.165559],[24.946858,60.165603],[24.946838,60.165769],[24.946835,60.165798],[24.94696,60.165801],[24.946964,60.165772],[24.946983,60.165772],[24.946987,60.16574],[24.946969,60.165739],[24.946973,60.165706],[24.947017,60.165707],[24.947016,60.165713],[24.947082,60.165715],[24.947083,60.165708]]]},"properties":{}},{"type":"Feature","geometry":{"type":"Polygon","coordinates":[[[24.946412,60.164999],[24.946125,60.164991],[24.946093,60.165254],[24.946232,60.165259],[24.946241,60.165182],[24.946417,60.165187],[24.946408,60.165264],[24.946617,60.16527],[24.94663,60.16527],[24.94664,60.165191],[24.946801,60.165196],[24.946814,60.165089],[24.946465,60.165078],[24.946474,60.165001],[24.946412,60.164999]]]},"properties":{}},{"type":"Feature","geometry":{"type":"Polygon","coordinates":[[[24.946064,60.165504],[24.946311,60.165512],[24.946483,60.165517],[24.946587,60.16552],[24.946617,60.16527],[24.946408,60.165264],[24.946389,60.165424],[24.946213,60.165419],[24.946232,60.165259],[24.946093,60.165254],[24.946064,60.165504]]]},"properties":{}},{"type":"Feature","geometry":{"type":"Polygon","coordinates":[[[24.946556,60.16449],[24.946544,60.16459],[24.946534,60.164672],[24.946621,60.164674],[24.946872,60.164682],[24.946927,60.164684],[24.946933,60.164637],[24.946999,60.164639],[24.947312,60.164648],[24.947316,60.16461],[24.947502,60.164615],[24.947509,60.164554],[24.947213,60.164546],[24.947223,60.164459],[24.947019,60.164453],[24.947009,60.164538],[24.946692,60.164529],[24.946694,60.164507],[24.946665,60.164506],[24.946666,60.164493],[24.946556,60.16449]]]},"properties":{}},{"type":"Feature","geometry":{"type":"Polygon","coordinates":[[[24.946581,60.164277],[24.946244,60.164267],[24.946212,60.164266],[24.94621,60.164281],[24.946164,60.164661],[24.946408,60.164668],[24.946534,60.164672],[24.946544,60.16459],[24.946434,60.164587],[24.946441,60.164526],[24.946395,60.164524],[24.946409,60.164409],[24.946379,60.164408],[24.946382,60.164388],[24.946506,60.164392],[24.946501,60.164427],[24.946563,60.164429],[24.946581,60.164277]]]},"properties":{}},{"type":"Feature","geometry":{"type":"Polygon","coordinates":[[[24.947739,60.164448],[24.947735,60.164416],[24.947712,60.164379],[24.947675,60.164348],[24.947618,60.164323],[24.947553,60.164308],[24.947497,60.164304],[24.947425,60.164302],[24.947409,60.164434],[24.947416,60.164443],[24.947437,60.164448],[24.94748,60.164448],[24.947495,60.164444],[24.947509,60.164436],[24.94756,60.164437],[24.947552,60.164507],[24.947515,60.164506],[24.947509,60.164554],[24.947502,60.164615],[24.947492,60.164698],[24.947709,60.164704],[24.947739,60.164448]]]},"properties":{}},{"type":"Feature","geometry":{"type":"Polygon","coordinates":[[[24.952582,60.174156],[24.952436,60.174152],[24.952184,60.174144],[24.952169,60.174272],[24.952387,60.174278],[24.952384,60.174303],[24.95246,60.174305],[24.952463,60.17428],[24.952499,60.174281],[24.952494,60.174318],[24.952435,60.174316],[24.952421,60.174441],[24.952548,60.174445],[24.952569,60.174265],[24.952582,60.174156]]]},"properties":{}},{"type":"Feature","geometry":{"type":"Polygon","coordinates":[[[24.945719,60.166347],[24.945738,60.166139],[24.945741,60.166108],[24.945503,60.166103],[24.94545,60.166102],[24.945278,60.166098],[24.945192,60.166096],[24.945185,60.166169],[24.945443,60.166175],[24.945435,60.166271],[24.945176,60.166265],[24.94517,60.166335],[24.945296,60.166338],[24.945428,60.166341],[24.945719,60.166347]]]},"properties":{}},{"type":"Feature","geometry":{"type":"Polygon","coordinates":[[[24.935399,60.164397],[24.935559,60.164284],[24.935698,60.164186],[24.935396,60.164215],[24.935357,60.164382],[24.935399,60.164397]]]},"properties":{}},{"type":"Feature","geometry":{"type":"Polygon","coordinates":[[[24.935369,60.165361],[24.935317,60.165425],[24.935376,60.165383],[24.935381,60.165376],[24.935383,60.165371],[24.93538,60.165366],[24.935369,60.165361]]]},"properties":{}},{"type":"Feature","geometry":{"type":"Polygon","coordinates":[[[24.936233,60.166798],[24.93606,60.166923],[24.936171,60.16696],[24.936203,60.166959],[24.936217,60.166948],[24.936301,60.166976],[24.936306,60.166989],[24.936288,60.16699],[24.936263,60.167011],[24.936219,60.167015],[24.936118,60.167087],[24.936348,60.167166],[24.936635,60.166961],[24.936657,60.166945],[24.936623,60.166933],[24.936233,60.166798]]]},"properties":{}},{"type":"Feature","geometry":{"type":"Polygon","coordinates":[[[24.936401,60.166687],[24.936525,60.166599],[24.936592,60.166552],[24.936537,60.166532],[24.936495,60.166562],[24.936224,60.166467],[24.936459,60.166301],[24.936649,60.166367],[24.936586,60.166412],[24.936556,60.166401],[24.936455,60.166473],[24.936621,60.166531],[24.936693,60.166481],[24.93681,60.166398],[24.936855,60.166365],[24.936783,60.16634],[24.93643,60.166217],[24.935975,60.166538],[24.936401,60.166687]]]},"properties":{}},{"type":"Feature","geometry":{"type":"Polygon","coordinates":[[[24.93753,60.164634],[24.937011,60.164455],[24.937003,60.16446],[24.9364,60.164891],[24.936616,60.164966],[24.936738,60.164879],[24.93704,60.164984],[24.937197,60.164872],[24.937059,60.164824],[24.93709,60.164802],[24.936938,60.164749],[24.936988,60.164714],[24.937002,60.164719],[24.937037,60.164694],[24.937022,60.164689],[24.937089,60.164642],[24.937226,60.16469],[24.937208,60.164703],[24.937359,60.164755],[24.93753,60.164634]]]},"properties":{}},{"type":"Feature","geometry":{"type":"Polygon","coordinates":[[[24.936547,60.165241],[24.936589,60.165255],[24.936519,60.165304],[24.936569,60.165322],[24.936836,60.165131],[24.936747,60.1651],[24.936547,60.165241]]]},"properties":{}},{"type":"Feature","geometry":{"type":"Polygon","coordinates":[[[24.937925,60.164464],[24.938214,60.164564],[24.938199,60.164574],[24.938296,60.164607],[24.938392,60.164641],[24.938405,60.164631],[24.938759,60.164753],[24.939163,60.164463],[24.939343,60.164334],[24.939115,60.164255],[24.938935,60.164385],[24.938779,60.164497],[24.938171,60.164287],[24.937937,60.164455],[24.937925,60.164464]]]},"properties":{}},{"type":"Feature","geometry":{"type":"Polygon","coordinates":[[[24.940097,60.165267],[24.940384,60.165062],[24.940348,60.16505],[24.940251,60.165118],[24.939971,60.165021],[24.940008,60.164995],[24.940049,60.165009],[24.940172,60.164921],[24.940448,60.165016],[24.940527,60.16496],[24.940424,60.164925],[24.940017,60.164784],[24.939933,60.164845],[24.939588,60.165091],[24.939854,60.165183],[24.940097,60.165267]]]},"properties":{}},{"type":"Feature","geometry":{"type":"Polygon","coordinates":[[[24.940893,60.164589],[24.940875,60.164583],[24.940486,60.164448],[24.94026,60.164611],[24.940017,60.164784],[24.940424,60.164925],[24.940551,60.164834],[24.940385,60.164777],[24.940358,60.164797],[24.940319,60.164783],[24.940528,60.164633],[24.940648,60.164674],[24.940551,60.164744],[24.940637,60.164773],[24.940687,60.164736],[24.940893,60.164589]]]},"properties":{}},{"type":"Feature","geometry":{"type":"Polygon","coordinates":[[[24.940893,60.164589],[24.940687,60.164736],[24.940805,60.164777],[24.940853,60.164742],[24.940999,60.164792],[24.940987,60.164801],[24.941098,60.164839],[24.941267,60.164718],[24.940893,60.164589]]]},"properties":{}},{"type":"Feature","geometry":{"type":"Polygon","coordinates":[[[24.941457,60.165442],[24.941178,60.165641],[24.941344,60.165698],[24.941676,60.165813],[24.941679,60.16581],[24.941929,60.165632],[24.942105,60.165506],[24.941879,60.165428],[24.941604,60.165625],[24.941445,60.16557],[24.941493,60.165535],[24.941444,60.165518],[24.94152,60.165463],[24.941457,60.165442]]]},"properties":{}},{"type":"Feature","geometry":{"type":"Polygon","coordinates":[[[24.94232,60.164244],[24.942415,60.164276],[24.942379,60.164302],[24.942453,60.164328],[24.94249,60.164301],[24.942676,60.164365],[24.942641,60.16439],[24.942716,60.164416],[24.94275,60.164392],[24.942847,60.164425],[24.94297,60.164338],[24.942444,60.164155],[24.94232,60.164244]]]},"properties":{}},{"type":"Feature","geometry":{"type":"Polygon","coordinates":[[[24.941639,60.164196],[24.941862,60.164273],[24.941919,60.164233],[24.941696,60.164155],[24.941639,60.164196]]]},"properties":{}},{"type":"Feature","geometry":{"type":"Polygon","coordinates":[[[24.93566,60.166312],[24.93555,60.16639],[24.935975,60.166538],[24.93643,60.166217],[24.936326,60.166181],[24.935994,60.166416],[24.935869,60.166372],[24.93614,60.166181],[24.935975,60.166123],[24.935692,60.166323],[24.93566,60.166312]]]},"properties":{}},{"type":"Feature","geometry":{"type":"Polygon","coordinates":[[[24.940987,60.169721],[24.940711,60.169714],[24.940478,60.169708],[24.940402,60.169706],[24.940177,60.169701],[24.940167,60.169818],[24.940132,60.17018],[24.940164,60.170181],[24.9403,60.170184],[24.94047,60.170187],[24.940944,60.1702],[24.940956,60.17007],[24.940987,60.169721]]]},"properties":{}},{"type":"Feature","geometry":{"type":"Polygon","coordinates":[[[24.940167,60.17069],[24.940251,60.170692],[24.94031,60.170693],[24.940338,60.170694],[24.940344,60.170621],[24.940347,60.170586],[24.940299,60.170585],[24.940176,60.170582],[24.940167,60.17069]]]},"properties":{}},{"type":"Feature","geometry":{"type":"Polygon","coordinates":[[[24.95163,60.166914],[24.95135,60.166907],[24.951335,60.167057],[24.951326,60.167146],[24.951321,60.167189],[24.951369,60.16719],[24.951736,60.167199],[24.951755,60.1672],[24.951833,60.167202],[24.951923,60.167204],[24.952014,60.167206],[24.952104,60.167209],[24.952189,60.167211],[24.952192,60.167177],[24.952199,60.167111],[24.952212,60.166987],[24.952218,60.166928],[24.95194,60.166921],[24.951927,60.167029],[24.951909,60.167029],[24.951889,60.167033],[24.951875,60.167045],[24.951874,60.167056],[24.951669,60.16705],[24.95167,60.167038],[24.951661,60.167029],[24.951641,60.167019],[24.951618,60.167018],[24.95163,60.166914]]]},"properties":{}},{"type":"Feature","geometry":{"type":"Polygon","coordinates":[[[24.95309,60.168487],[24.953294,60.168491],[24.953294,60.168505],[24.953294,60.168517],[24.953334,60.16801],[24.953035,60.168004],[24.952934,60.168002],[24.952738,60.167997],[24.952438,60.167991],[24.952262,60.167987],[24.952262,60.167994],[24.952248,60.168148],[24.952245,60.168187],[24.952224,60.168394],[24.952216,60.16847],[24.952392,60.168473],[24.952564,60.168477],[24.952614,60.168478],[24.953045,60.168486],[24.95309,60.168487]]]},"properties":{}},{"type":"Feature","geometry":{"type":"Polygon","coordinates":[[[24.948933,60.176617],[24.948976,60.176681],[24.949499,60.176595],[24.949542,60.176553],[24.949448,60.176536],[24.948933,60.176617]]]},"properties":{}},{"type":"Feature","geometry":{"type":"Polygon","coordinates":[[[24.942155,60.177291],[24.942294,60.177371],[24.942339,60.177398],[24.942379,60.17742],[24.942572,60.177338],[24.942533,60.177315],[24.942487,60.177288],[24.942348,60.177208],[24.942155,60.177291]]]},"properties":{}},{"type":"Feature","geometry":{"type":"Polygon","coordinates":[[[24.941597,60.176832],[24.941616,60.176813],[24.941632,60.176787],[24.941634,60.176757],[24.941616,60.176727],[24.941584,60.176694],[24.941515,60.176666],[24.941454,60.176658],[24.941391,60.176665],[24.941334,60.17669],[24.941294,60.176668],[24.941214,60.176703],[24.941189,60.17669],[24.941141,60.176711],[24.941165,60.176724],[24.941091,60.176758],[24.941104,60.176766],[24.941063,60.176784],[24.941101,60.176805],[24.941018,60.176842],[24.941079,60.176876],[24.941205,60.176945],[24.94128,60.176912],[24.941324,60.176936],[24.94139,60.176906],[24.941473,60.176952],[24.941569,60.17691],[24.941503,60.176873],[24.941597,60.176832]]]},"properties":{}},{"type":"Feature","geometry":{"type":"Polygon","coordinates":[[[24.93771,60.169779],[24.937727,60.169786],[24.937808,60.169817],[24.937831,60.169825],[24.937847,60.169814],[24.937881,60.169792],[24.937761,60.169747],[24.937735,60.169763],[24.93771,60.169779]]]},"properties":{}},{"type":"Feature","geometry":{"type":"Polygon","coordinates":[[[24.940104,60.166738],[24.940196,60.166768],[24.940244,60.166733],[24.940152,60.166702],[24.940104,60.166738]]]},"properties":{}},{"type":"Feature","geometry":{"type":"Polygon","coordinates":[[[24.937737,60.169888],[24.937764,60.16987],[24.937791,60.169852],[24.937673,60.169808],[24.937619,60.169843],[24.937737,60.169888]]]},"properties":{}},{"type":"Feature","geometry":{"type":"Polygon","coordinates":[[[24.936312,60.17006],[24.936327,60.17007],[24.936344,60.170076],[24.936363,60.170077],[24.936386,60.170072],[24.936405,60.170058],[24.93641,60.170043],[24.936397,60.170028],[24.936379,60.170018],[24.936344,60.170015],[24.936313,60.170018],[24.936289,60.170027],[24.936318,60.17004],[24.936313,60.17005],[24.936312,60.17006]]]},"properties":{}},{"type":"Feature","geometry":{"type":"Polygon","coordinates":[[[24.948668,60.173412],[24.948739,60.173414],[24.948741,60.173399],[24.94875,60.173343],[24.948679,60.17334],[24.948668,60.173412]]]},"properties":{}},{"type":"Feature","geometry":{"type":"Polygon","coordinates":[[[24.951396,60.175511],[24.9516,60.175517],[24.951621,60.175518],[24.951913,60.175526],[24.951964,60.175095],[24.951964,60.175089],[24.951842,60.175085],[24.951718,60.175082],[24.951593,60.175134],[24.95157,60.17539],[24.95141,60.175386],[24.951396,60.175511]]]},"properties":{}},{"type":"Feature","geometry":{"type":"Polygon","coordinates":[[[24.942301,60.171251],[24.942401,60.171253],[24.942409,60.171169],[24.942417,60.171095],[24.942317,60.171093],[24.942312,60.171146],[24.942309,60.171167],[24.942307,60.171188],[24.942301,60.171251]]]},"properties":{}},{"type":"Feature","geometry":{"type":"Polygon","coordinates":[[[24.938541,60.171966],[24.938483,60.171962],[24.938466,60.172023],[24.938499,60.172025],[24.938524,60.172027],[24.938526,60.17202],[24.938541,60.171966]]]},"properties":{}},{"type":"Feature","geometry":{"type":"Polygon","coordinates":[[[24.93749,60.169679],[24.937457,60.169667],[24.937432,60.169684],[24.937466,60.169696],[24.93749,60.169679]]]},"properties":{}},{"type":"Feature","geometry":{"type":"Polygon","coordinates":[[[24.949144,60.16951],[24.948826,60.169504],[24.948825,60.169523],[24.948813,60.169648],[24.948304,60.169637],[24.948286,60.169792],[24.948499,60.169796],[24.949003,60.169808],[24.949112,60.16981],[24.949144,60.169529],[24.949144,60.16951]]]},"properties":{}},{"type":"Feature","geometry":{"type":"Polygon","coordinates":[[[24.939953,60.172416],[24.939961,60.172339],[24.93909,60.172316],[24.939081,60.172392],[24.93918,60.172395],[24.939141,60.172759],[24.939444,60.172767],[24.939691,60.172774],[24.939993,60.172782],[24.94028,60.172789],[24.940641,60.172799],[24.940663,60.172599],[24.94067,60.172534],[24.940677,60.172467],[24.940565,60.172464],[24.940519,60.172462],[24.940376,60.172458],[24.94023,60.172455],[24.940091,60.172451],[24.939934,60.172447],[24.93987,60.172445],[24.939874,60.172413],[24.939953,60.172416]]]},"properties":{}},{"type":"Feature","geometry":{"type":"Polygon","coordinates":[[[24.939562,60.171501],[24.939491,60.172156],[24.939593,60.172157],[24.939667,60.171503],[24.939562,60.171501]]]},"properties":{}},{"type":"Feature","geometry":{"type":"Polygon","coordinates":[[[24.951088,60.171423],[24.951222,60.171427],[24.951231,60.171352],[24.951097,60.171348],[24.951088,60.171423]]]},"properties":{}},{"type":"Feature","geometry":{"type":"Polygon","coordinates":[[[24.951316,60.17143],[24.951443,60.171434],[24.951452,60.171352],[24.951325,60.171349],[24.951316,60.17143]]]},"properties":{}},{"type":"Feature","geometry":{"type":"Polygon","coordinates":[[[24.951481,60.171205],[24.951501,60.171203],[24.951524,60.171198],[24.951544,60.171189],[24.951558,60.171178],[24.951566,60.171165],[24.951565,60.171151],[24.951556,60.171139],[24.951545,60.17113],[24.951528,60.171123],[24.951512,60.171118],[24.951493,60.171115],[24.951494,60.171103],[24.951148,60.171093],[24.951144,60.171123],[24.951054,60.17112],[24.95105,60.171149],[24.951047,60.171178],[24.951137,60.17118],[24.951134,60.171209],[24.95148,60.171219],[24.951481,60.171205]]]},"properties":{}},{"type":"Feature","geometry":{"type":"Polygon","coordinates":[[[24.952738,60.167997],[24.952934,60.168002],[24.953035,60.168004],[24.95304,60.167954],[24.952743,60.167949],[24.952738,60.167997]]]},"properties":{}},{"type":"Feature","geometry":{"type":"Polygon","coordinates":[[[24.949434,60.173171],[24.949489,60.173172],[24.94949,60.173145],[24.949436,60.173144],[24.949434,60.173171]]]},"properties":{}},{"type":"Feature","geometry":{"type":"Polygon","coordinates":[[[24.953232,60.169921],[24.953231,60.16993],[24.953219,60.170045],[24.953218,60.170059],[24.953382,60.170063],[24.953396,60.169925],[24.953347,60.169924],[24.953232,60.169921]]]},"properties":{}},{"type":"Feature","geometry":{"type":"Polygon","coordinates":[[[24.946393,60.169749],[24.947093,60.169763],[24.947105,60.169674],[24.947211,60.169677],[24.947245,60.169392],[24.946969,60.169388],[24.946778,60.169382],[24.946662,60.169379],[24.946434,60.169373],[24.946425,60.169453],[24.946417,60.169519],[24.946405,60.169625],[24.946393,60.169749]]]},"properties":{}},{"type":"Feature","geometry":{"type":"Polygon","coordinates":[[[24.946434,60.169373],[24.946662,60.169379],[24.946778,60.169382],[24.946969,60.169388],[24.947245,60.169392],[24.947286,60.169017],[24.946682,60.169001],[24.946476,60.168995],[24.946434,60.169373]]]},"properties":{}},{"type":"Feature","geometry":{"type":"Polygon","coordinates":[[[24.945623,60.169355],[24.945577,60.169729],[24.945817,60.169736],[24.946313,60.169747],[24.946393,60.169749],[24.946405,60.169625],[24.946417,60.169519],[24.946425,60.169453],[24.946434,60.169373],[24.945898,60.169362],[24.945623,60.169355]]]},"properties":{}},{"type":"Feature","geometry":{"type":"Polygon","coordinates":[[[24.949023,60.170471],[24.949071,60.170152],[24.949092,60.170018],[24.94868,60.170013],[24.948644,60.170138],[24.948468,60.170132],[24.948337,60.170128],[24.948292,60.16995],[24.948236,60.169961],[24.948119,60.169956],[24.94812,60.169938],[24.947869,60.169931],[24.947811,60.169929],[24.947783,60.170155],[24.947748,60.170437],[24.948013,60.170444],[24.948381,60.170454],[24.948731,60.170463],[24.948816,60.170465],[24.949023,60.170471]]]},"properties":{}},{"type":"Feature","geometry":{"type":"Polygon","coordinates":[[[24.952199,60.168717],[24.952363,60.168721],[24.952366,60.168686],[24.952334,60.168686],[24.952341,60.168617],[24.952399,60.168618],[24.952407,60.168539],[24.952555,60.168543],[24.952545,60.16865],[24.952959,60.168659],[24.952957,60.168684],[24.953055,60.168686],[24.953072,60.168686],[24.95309,60.168487],[24.953045,60.168486],[24.952614,60.168478],[24.952564,60.168477],[24.952562,60.168501],[24.952377,60.168497],[24.952392,60.168473],[24.952216,60.16847],[24.952199,60.168717]]]},"properties":{}},{"type":"Feature","geometry":{"type":"Polygon","coordinates":[[[24.94316,60.168264],[24.943129,60.168574],[24.943261,60.168577],[24.943403,60.168581],[24.943417,60.168581],[24.943423,60.168507],[24.943996,60.168521],[24.944011,60.168359],[24.943983,60.168358],[24.943987,60.168326],[24.944016,60.168328],[24.944022,60.168286],[24.943875,60.168282],[24.943459,60.168272],[24.94316,60.168264]]]},"properties":{}},{"type":"Feature","geometry":{"type":"Polygon","coordinates":[[[24.943193,60.167933],[24.943178,60.168065],[24.94316,60.168264],[24.943459,60.168272],[24.943462,60.168241],[24.943429,60.168241],[24.943462,60.167941],[24.943431,60.16794],[24.943193,60.167933]]]},"properties":{}},{"type":"Feature","geometry":{"type":"Polygon","coordinates":[[[24.943931,60.167789],[24.943689,60.167782],[24.943208,60.16777],[24.943202,60.167846],[24.943193,60.167933],[24.943431,60.16794],[24.943462,60.167941],[24.943429,60.168241],[24.943462,60.168241],[24.943459,60.168272],[24.943875,60.168282],[24.943917,60.167918],[24.943931,60.167789]]]},"properties":{}},{"type":"Feature","geometry":{"type":"Polygon","coordinates":[[[24.951593,60.175134],[24.951501,60.175136],[24.951441,60.175126],[24.95141,60.175386],[24.95157,60.17539],[24.951593,60.175134]]]},"properties":{}},{"type":"Feature","geometry":{"type":"Polygon","coordinates":[[[24.938027,60.167008],[24.938035,60.16702],[24.938053,60.167033],[24.938078,60.167043],[24.938107,60.167048],[24.938128,60.167051],[24.938152,60.16705],[24.938514,60.167174],[24.938534,60.16716],[24.938564,60.167139],[24.93858,60.167127],[24.938709,60.167171],[24.938644,60.167219],[24.938682,60.167232],[24.938832,60.167283],[24.939052,60.167124],[24.938555,60.166954],[24.938058,60.166784],[24.937964,60.166852],[24.937926,60.166839],[24.93775,60.166967],[24.937563,60.167102],[24.937622,60.167122],[24.937935,60.167229],[24.937993,60.167187],[24.938086,60.16712],[24.937902,60.167057],[24.937968,60.167009],[24.937988,60.166994],[24.938027,60.167008]]]},"properties":{}},{"type":"Feature","geometry":{"type":"Polygon","coordinates":[[[24.940884,60.164431],[24.941015,60.164476],[24.941289,60.164571],[24.941313,60.164553],[24.94144,60.164597],[24.941415,60.164615],[24.941674,60.164705],[24.941979,60.164487],[24.941896,60.164458],[24.941778,60.164542],[24.941644,60.164496],[24.941689,60.164464],[24.94164,60.164447],[24.941687,60.164414],[24.941775,60.164445],[24.941872,60.164376],[24.941792,60.164348],[24.941817,60.16433],[24.941715,60.164295],[24.941541,60.16442],[24.941379,60.164363],[24.941351,60.164383],[24.94119,60.164327],[24.941286,60.164258],[24.941455,60.164317],[24.941617,60.164201],[24.941243,60.164175],[24.941016,60.164336],[24.940884,60.164431]]]},"properties":{}},{"type":"Feature","geometry":{"type":"Polygon","coordinates":[[[24.937113,60.165138],[24.93683,60.165335],[24.937059,60.165405],[24.937166,60.165335],[24.937185,60.165344],[24.937357,60.165222],[24.937113,60.165138]]]},"properties":{}},{"type":"Feature","geometry":{"type":"Polygon","coordinates":[[[24.9386,60.165003],[24.938061,60.164817],[24.937894,60.164937],[24.938434,60.165122],[24.9386,60.165003]]]},"properties":{}},{"type":"Feature","geometry":{"type":"Polygon","coordinates":[[[24.940638,60.165454],[24.940853,60.165529],[24.940893,60.165543],[24.940932,60.165556],[24.941178,60.165641],[24.941457,60.165442],[24.941608,60.165334],[24.941447,60.165278],[24.941247,60.165422],[24.941264,60.165428],[24.941228,60.165453],[24.940925,60.165348],[24.940958,60.165325],[24.941031,60.16535],[24.941199,60.16523],[24.94113,60.165206],[24.941166,60.165181],[24.941067,60.165147],[24.940638,60.165454]]]},"properties":{}},{"type":"Feature","geometry":{"type":"Polygon","coordinates":[[[24.946621,60.164674],[24.946596,60.164884],[24.946842,60.164891],[24.946851,60.16482],[24.946911,60.164822],[24.946916,60.164777],[24.946861,60.164775],[24.946872,60.164682],[24.946621,60.164674]]]},"properties":{}},{"type":"Feature","geometry":{"type":"Polygon","coordinates":[[[24.944741,60.175927],[24.944895,60.175928],[24.944897,60.175834],[24.945101,60.175835],[24.945101,60.175846],[24.945207,60.175847],[24.945208,60.175766],[24.944744,60.175763],[24.944741,60.175927]]]},"properties":{}},{"type":"Feature","geometry":{"type":"Polygon","coordinates":[[[24.94516,60.175577],[24.945282,60.175576],[24.945282,60.175559],[24.945486,60.175558],[24.945577,60.175558],[24.945576,60.175482],[24.945159,60.175482],[24.94516,60.175577]]]},"properties":{}},{"type":"Feature","geometry":{"type":"Polygon","coordinates":[[[24.945617,60.176074],[24.945775,60.176053],[24.945743,60.175993],[24.945694,60.175999],[24.945684,60.17598],[24.945638,60.175986],[24.945648,60.176005],[24.945585,60.176014],[24.945617,60.176074]]]},"properties":{}},{"type":"Feature","geometry":{"type":"Polygon","coordinates":[[[24.945906,60.176038],[24.946258,60.175994],[24.946218,60.175913],[24.945866,60.175957],[24.945906,60.176038]]]},"properties":{}},{"type":"Feature","geometry":{"type":"Polygon","coordinates":[[[24.946396,60.175978],[24.946745,60.175936],[24.946708,60.175858],[24.946358,60.175899],[24.946396,60.175978]]]},"properties":{}},{"type":"Feature","geometry":{"type":"Polygon","coordinates":[[[24.945881,60.175559],[24.945894,60.175559],[24.946189,60.17556],[24.946294,60.17556],[24.946295,60.175483],[24.945882,60.175482],[24.945881,60.175559]]]},"properties":{}},{"type":"Feature","geometry":{"type":"Polygon","coordinates":[[[24.947021,60.175862],[24.947274,60.175837],[24.947242,60.175758],[24.94699,60.175783],[24.947021,60.175862]]]},"properties":{}},{"type":"Feature","geometry":{"type":"Polygon","coordinates":[[[24.947064,60.175359],[24.947189,60.175359],[24.947188,60.175127],[24.947064,60.175127],[24.947064,60.175359]]]},"properties":{}},{"type":"Feature","geometry":{"type":"Polygon","coordinates":[[[24.951834,60.173103],[24.952267,60.173117],[24.95227,60.173097],[24.952272,60.173081],[24.952569,60.173091],[24.952565,60.173123],[24.952951,60.173136],[24.952978,60.172935],[24.952929,60.172933],[24.952932,60.172917],[24.952824,60.172914],[24.952822,60.17293],[24.952654,60.172924],[24.952652,60.172938],[24.95253,60.172934],[24.952525,60.172972],[24.952444,60.172969],[24.952441,60.172993],[24.952333,60.17299],[24.952336,60.172968],[24.952247,60.172965],[24.95225,60.172945],[24.95214,60.172941],[24.952143,60.172919],[24.952019,60.172915],[24.952022,60.172897],[24.951862,60.172892],[24.951834,60.173103]]]},"properties":{}},{"type":"Feature","geometry":{"type":"Polygon","coordinates":[[[24.937681,60.17104],[24.937742,60.171044],[24.937749,60.171017],[24.937688,60.171014],[24.937681,60.17104]]]},"properties":{}},{"type":"Feature","geometry":{"type":"Polygon","coordinates":[[[24.94164,60.178284],[24.941623,60.178282],[24.941608,60.178278],[24.941599,60.178272],[24.941594,60.178263],[24.941595,60.178254],[24.941602,60.178247],[24.941617,60.17824],[24.941633,60.178237],[24.941651,60.178237],[24.941668,60.178241],[24.94168,60.178247],[24.941688,60.178255],[24.941689,60.178264],[24.941683,60.178272],[24.941672,60.178278],[24.941654,60.178283],[24.94164,60.178284]]]},"properties":{}},{"type":"Feature","geometry":{"type":"Polygon","coordinates":[[[24.947806,60.177754],[24.947736,60.177661],[24.947595,60.177689],[24.947568,60.177836],[24.947796,60.17784],[24.947806,60.177754]]]},"properties":{}},{"type":"Feature","geometry":{"type":"Polygon","coordinates":[[[24.950713,60.176791],[24.950695,60.176793],[24.950682,60.176798],[24.950675,60.176805],[24.950674,60.176814],[24.950681,60.176822],[24.950692,60.176827],[24.950712,60.17683],[24.950726,60.17683],[24.950741,60.17683],[24.95076,60.176828],[24.950775,60.176821],[24.95078,60.176814],[24.950779,60.176806],[24.950771,60.176798],[24.950757,60.176793],[24.950742,60.176791],[24.950727,60.176791],[24.950713,60.176791]]]},"properties":{}},{"type":"Feature","geometry":{"type":"Polygon","coordinates":[[[24.940874,60.170687],[24.940873,60.170709],[24.940871,60.170732],[24.941046,60.170735],[24.94105,60.17069],[24.940874,60.170687]]]},"properties":{}},{"type":"Feature","geometry":{"type":"Polygon","coordinates":[[[24.942121,60.170779],[24.942122,60.170765],[24.942124,60.170752],[24.942127,60.17072],[24.941954,60.170715],[24.941947,60.170774],[24.942121,60.170779]]]},"properties":{}},{"type":"Feature","geometry":{"type":"Polygon","coordinates":[[[24.935718,60.168086],[24.935737,60.168093],[24.935842,60.168018],[24.936129,60.168118],[24.936024,60.168193],[24.936131,60.16823],[24.936184,60.168192],[24.936333,60.168086],[24.936447,60.168005],[24.936207,60.167921],[24.936162,60.167954],[24.936315,60.168006],[24.93627,60.168038],[24.935951,60.167928],[24.936041,60.167864],[24.935823,60.167788],[24.935507,60.168013],[24.935718,60.168086]]]},"properties":{}},{"type":"Feature","geometry":{"type":"Polygon","coordinates":[[[24.952028,60.16874],[24.95207,60.16835],[24.951863,60.168345],[24.951643,60.16834],[24.951636,60.168404],[24.951628,60.16848],[24.951624,60.168524],[24.951602,60.168728],[24.951702,60.168731],[24.95184,60.168734],[24.952028,60.16874]]]},"properties":{}},{"type":"Feature","geometry":{"type":"Polygon","coordinates":[[[24.952199,60.168717],[24.952175,60.168973],[24.952174,60.168985],[24.952876,60.169001],[24.952888,60.168867],[24.952597,60.168861],[24.952598,60.168848],[24.95268,60.16885],[24.952684,60.168811],[24.952628,60.16881],[24.952638,60.168702],[24.952501,60.168699],[24.952487,60.168846],[24.952512,60.168847],[24.952511,60.168859],[24.95235,60.168855],[24.952363,60.168721],[24.952199,60.168717]]]},"properties":{}},{"type":"Feature","geometry":{"type":"Polygon","coordinates":[[[24.951574,60.168969],[24.951588,60.168858],[24.951591,60.168831],[24.951602,60.168728],[24.951624,60.168524],[24.951267,60.168514],[24.951189,60.168512],[24.951174,60.168657],[24.951165,60.168656],[24.951148,60.168807],[24.951158,60.168807],[24.951156,60.168822],[24.951142,60.168958],[24.951243,60.168959],[24.951574,60.168969]]]},"properties":{}},{"type":"Feature","geometry":{"type":"Polygon","coordinates":[[[24.951624,60.168524],[24.951628,60.16848],[24.951636,60.168404],[24.951643,60.16834],[24.951385,60.168334],[24.951209,60.16833],[24.951189,60.168512],[24.951267,60.168514],[24.951624,60.168524]]]},"properties":{}},{"type":"Feature","geometry":{"type":"Polygon","coordinates":[[[24.949043,60.177555],[24.949038,60.177594],[24.949029,60.177669],[24.949004,60.177864],[24.949422,60.177877],[24.949461,60.177568],[24.949043,60.177555]]]},"properties":{}},{"type":"Feature","geometry":{"type":"Polygon","coordinates":[[[24.948494,60.177274],[24.948585,60.177398],[24.948652,60.1775],[24.948839,60.177466],[24.948783,60.177386],[24.949071,60.177329],[24.949088,60.177199],[24.948928,60.177194],[24.948828,60.177212],[24.948711,60.177234],[24.948494,60.177274]]]},"properties":{}},{"type":"Feature","geometry":{"type":"Polygon","coordinates":[[[24.949302,60.177205],[24.949578,60.177214],[24.949597,60.177068],[24.949261,60.177058],[24.949247,60.177171],[24.949306,60.177173],[24.949302,60.177205]]]},"properties":{}},{"type":"Feature","geometry":{"type":"Polygon","coordinates":[[[24.948494,60.177274],[24.948328,60.177304],[24.94804,60.177357],[24.947765,60.177407],[24.947582,60.17744],[24.947668,60.177557],[24.947673,60.177564],[24.947819,60.177537],[24.947958,60.177726],[24.94817,60.177688],[24.948031,60.1775],[24.948225,60.177465],[24.948363,60.177653],[24.948583,60.177613],[24.948444,60.177423],[24.948585,60.177398],[24.948494,60.177274]]]},"properties":{}},{"type":"Feature","geometry":{"type":"Polygon","coordinates":[[[24.949826,60.177222],[24.949617,60.177215],[24.949605,60.177311],[24.949313,60.177302],[24.949291,60.177478],[24.949585,60.177487],[24.949574,60.177571],[24.949781,60.177578],[24.949804,60.1774],[24.94982,60.177267],[24.949826,60.177222]]]},"properties":{}},{"type":"Feature","geometry":{"type":"Polygon","coordinates":[[[24.946427,60.178628],[24.946204,60.178569],[24.946221,60.178345],[24.94596,60.17834],[24.945949,60.178483],[24.946001,60.178484],[24.945998,60.17852],[24.945777,60.178517],[24.945762,60.178612],[24.945809,60.178625],[24.945914,60.178653],[24.946162,60.17872],[24.946587,60.178835],[24.946656,60.178821],[24.946692,60.178351],[24.946447,60.178346],[24.946369,60.178345],[24.946362,60.17844],[24.946441,60.178442],[24.946427,60.178628]]]},"properties":{}},{"type":"Feature","geometry":{"type":"Polygon","coordinates":[[[24.949493,60.178],[24.949474,60.178148],[24.949384,60.178145],[24.949403,60.177997],[24.949493,60.178]]]},"properties":{}},{"type":"Feature","geometry":{"type":"Polygon","coordinates":[[[24.947582,60.17744],[24.947478,60.177459],[24.947228,60.177505],[24.947178,60.177515],[24.947116,60.177526],[24.94711,60.177577],[24.947104,60.177634],[24.947086,60.177813],[24.947317,60.17782],[24.947331,60.177617],[24.947668,60.177557],[24.947582,60.17744]]]},"properties":{}},{"type":"Feature","geometry":{"type":"Polygon","coordinates":[[[24.949043,60.177555],[24.949574,60.177571],[24.949585,60.177487],[24.949291,60.177478],[24.949313,60.177302],[24.949605,60.177311],[24.949617,60.177215],[24.949578,60.177214],[24.949302,60.177205],[24.949088,60.177199],[24.949071,60.177329],[24.949043,60.177555]]]},"properties":{}},{"type":"Feature","geometry":{"type":"Polygon","coordinates":[[[24.948928,60.177194],[24.949088,60.177199],[24.949302,60.177205],[24.949306,60.177173],[24.949247,60.177171],[24.949261,60.177058],[24.949597,60.177068],[24.949578,60.177214],[24.949617,60.177215],[24.949826,60.177222],[24.949828,60.177208],[24.949845,60.177071],[24.949862,60.176939],[24.949843,60.176939],[24.949559,60.17693],[24.949441,60.176926],[24.948964,60.176911],[24.948963,60.176917],[24.948933,60.177154],[24.94893,60.177178],[24.948928,60.177194]]]},"properties":{}},{"type":"Feature","geometry":{"type":"Polygon","coordinates":[[[24.94853,60.177897],[24.948998,60.177911],[24.949004,60.177864],[24.949029,60.177669],[24.948715,60.177659],[24.948702,60.177761],[24.948548,60.177757],[24.94853,60.177897]]]},"properties":{}},{"type":"Feature","geometry":{"type":"Polygon","coordinates":[[[24.946712,60.178097],[24.946443,60.178092],[24.946439,60.178151],[24.946383,60.17815],[24.946373,60.17828],[24.946451,60.178282],[24.946447,60.178346],[24.946692,60.178351],[24.946702,60.178221],[24.946712,60.178097]]]},"properties":{}},{"type":"Feature","geometry":{"type":"Polygon","coordinates":[[[24.952424,60.174882],[24.952421,60.174905],[24.952284,60.174901],[24.952287,60.174878],[24.95179,60.174864],[24.951777,60.174978],[24.95181,60.174979],[24.952274,60.174992],[24.952388,60.174996],[24.952411,60.174996],[24.952408,60.175017],[24.952773,60.175028],[24.952787,60.175028],[24.952787,60.175023],[24.952819,60.174748],[24.952827,60.17468],[24.952448,60.174669],[24.952439,60.174747],[24.952433,60.174802],[24.952424,60.174882]]]},"properties":{}},{"type":"Feature","geometry":{"type":"Polygon","coordinates":[[[24.94095,60.168884],[24.941135,60.169048],[24.94098,60.169091],[24.941058,60.169159],[24.94107,60.16915],[24.941115,60.169138],[24.941164,60.169138],[24.941174,60.169026],[24.941188,60.168875],[24.941156,60.168873],[24.941001,60.168868],[24.94095,60.168884]]]},"properties":{}},{"type":"Feature","geometry":{"type":"Polygon","coordinates":[[[24.941188,60.168875],[24.941174,60.169026],[24.941164,60.169138],[24.941156,60.169239],[24.941149,60.169321],[24.941223,60.169323],[24.941906,60.169338],[24.941913,60.169256],[24.941922,60.169157],[24.941929,60.169074],[24.941932,60.169042],[24.941933,60.169033],[24.941946,60.168891],[24.941569,60.168883],[24.941188,60.168875]]]},"properties":{}},{"type":"Feature","geometry":{"type":"Polygon","coordinates":[[[24.938749,60.171343],[24.938901,60.171352],[24.938906,60.171331],[24.938754,60.171323],[24.938749,60.171343]]]},"properties":{}},{"type":"Feature","geometry":{"type":"Polygon","coordinates":[[[24.949859,60.169367],[24.949737,60.169364],[24.94972,60.169536],[24.949842,60.169539],[24.949859,60.169367]]]},"properties":{}},{"type":"Feature","geometry":{"type":"Polygon","coordinates":[[[24.945512,60.17038],[24.945997,60.170391],[24.946172,60.170396],[24.946175,60.170371],[24.946163,60.170372],[24.946159,60.170366],[24.946152,60.170361],[24.946139,60.170357],[24.946085,60.170356],[24.946089,60.170328],[24.946084,60.170323],[24.946075,60.170319],[24.946004,60.170316],[24.945921,60.170314],[24.94591,60.170314],[24.9459,60.170317],[24.945894,60.170323],[24.945895,60.170338],[24.945869,60.170341],[24.945842,60.170343],[24.945812,60.170341],[24.945788,60.170333],[24.945791,60.17031],[24.945802,60.17031],[24.945812,60.170307],[24.94582,60.170302],[24.945824,60.170296],[24.945832,60.170215],[24.945828,60.170209],[24.945816,60.170203],[24.945801,60.170202],[24.945804,60.170177],[24.945837,60.170173],[24.945861,60.170173],[24.945887,60.170175],[24.945913,60.17018],[24.945914,60.170194],[24.945917,60.170201],[24.945929,60.170205],[24.946014,60.170207],[24.946077,60.170208],[24.946092,60.170206],[24.946101,60.170201],[24.946104,60.170195],[24.946106,60.170171],[24.946165,60.170172],[24.946182,60.170166],[24.946185,60.17016],[24.946199,60.17016],[24.946202,60.170133],[24.946022,60.170127],[24.945775,60.170121],[24.945652,60.170118],[24.945538,60.170116],[24.945512,60.17038]]]},"properties":{}},{"type":"Feature","geometry":{"type":"Polygon","coordinates":[[[24.946558,60.169876],[24.945627,60.169855],[24.945593,60.169871],[24.945559,60.169886],[24.945538,60.170116],[24.945652,60.170118],[24.945775,60.170121],[24.946022,60.170127],[24.946202,60.170133],[24.946451,60.17014],[24.94653,60.170141],[24.946545,60.170017],[24.946547,60.169993],[24.946549,60.169966],[24.946551,60.169945],[24.946558,60.169876]]]},"properties":{}},{"type":"Feature","geometry":{"type":"Polygon","coordinates":[[[24.947481,60.170429],[24.947504,60.170256],[24.947511,60.170163],[24.947405,60.17016],[24.947334,60.170158],[24.947238,60.170155],[24.947235,60.170216],[24.947223,60.170216],[24.947213,60.17036],[24.94721,60.170414],[24.947209,60.170421],[24.947481,60.170429]]]},"properties":{}},{"type":"Feature","geometry":{"type":"Polygon","coordinates":[[[24.946558,60.169876],[24.946551,60.169945],[24.946549,60.169966],[24.946547,60.169993],[24.946545,60.170017],[24.94653,60.170141],[24.946735,60.170146],[24.946961,60.170151],[24.947238,60.170155],[24.947334,60.170158],[24.947405,60.17016],[24.947511,60.170163],[24.947536,60.169899],[24.947525,60.169899],[24.947373,60.169895],[24.947336,60.169894],[24.947274,60.169893],[24.947223,60.169891],[24.946558,60.169876]]]},"properties":{}},{"type":"Feature","geometry":{"type":"Polygon","coordinates":[[[24.942442,60.171405],[24.942445,60.171377],[24.942452,60.171322],[24.942459,60.171256],[24.942401,60.171253],[24.942301,60.171251],[24.942307,60.171188],[24.942309,60.171167],[24.942312,60.171146],[24.942317,60.171093],[24.942417,60.171095],[24.94248,60.171096],[24.942484,60.171049],[24.942487,60.171009],[24.942488,60.171],[24.942489,60.170991],[24.942511,60.170992],[24.94252,60.170907],[24.942496,60.170906],[24.942498,60.170874],[24.941876,60.170862],[24.94185,60.170862],[24.941832,60.170862],[24.94184,60.170789],[24.941845,60.170748],[24.941817,60.17073],[24.941797,60.170729],[24.941776,60.170728],[24.941755,60.170728],[24.941734,60.170727],[24.941719,60.170733],[24.941706,60.170733],[24.941649,60.170751],[24.941586,60.17075],[24.941445,60.170747],[24.941341,60.170745],[24.941306,60.170725],[24.94129,60.170725],[24.941279,60.170715],[24.941258,60.170714],[24.941237,60.170713],[24.941217,60.170713],[24.941196,60.170712],[24.941157,60.170726],[24.941153,60.170764],[24.941148,60.170838],[24.941125,60.170838],[24.941103,60.170837],[24.940483,60.170822],[24.940481,60.170832],[24.940469,60.170832],[24.940456,60.170997],[24.940409,60.170995],[24.940386,60.170999],[24.940372,60.171005],[24.940362,60.171011],[24.940358,60.171019],[24.940359,60.171028],[24.94037,60.171034],[24.940386,60.17104],[24.940403,60.171041],[24.940394,60.171126],[24.940387,60.171199],[24.940357,60.1712],[24.940343,60.171208],[24.94034,60.171219],[24.94034,60.171228],[24.940348,60.171235],[24.940359,60.171241],[24.940374,60.171244],[24.940428,60.171245],[24.940428,60.171257],[24.940421,60.171333],[24.94042,60.171352],[24.940417,60.171384],[24.940365,60.171772],[24.940337,60.171771],[24.940335,60.171793],[24.940333,60.171815],[24.940329,60.17184],[24.940358,60.17184],[24.94035,60.171928],[24.940323,60.172239],[24.940321,60.172257],[24.940315,60.172296],[24.940307,60.172352],[24.94056,60.172359],[24.940565,60.1723],[24.940572,60.172244],[24.940574,60.17222],[24.94071,60.172222],[24.940721,60.172222],[24.940768,60.171798],[24.940802,60.171469],[24.940813,60.17136],[24.940815,60.171338],[24.940829,60.171206],[24.941221,60.171216],[24.941477,60.171223],[24.941732,60.17123],[24.942068,60.171239],[24.942054,60.171371],[24.94205,60.171395],[24.942442,60.171405]]]},"properties":{}},{"type":"Feature","geometry":{"type":"Polygon","coordinates":[[[24.943533,60.172061],[24.943522,60.172165],[24.943578,60.172166],[24.943563,60.172311],[24.94356,60.172347],[24.943502,60.172345],[24.943485,60.172514],[24.943494,60.172514],[24.943489,60.17256],[24.943484,60.172609],[24.943587,60.172611],[24.943577,60.172709],[24.943574,60.172738],[24.943462,60.172735],[24.943447,60.172879],[24.943446,60.172888],[24.943445,60.172896],[24.944023,60.172911],[24.944129,60.172914],[24.94413,60.17291],[24.94413,60.172905],[24.944148,60.172731],[24.94404,60.172728],[24.94405,60.172626],[24.94416,60.172629],[24.944187,60.172362],[24.944135,60.172361],[24.944143,60.172282],[24.944154,60.172182],[24.944204,60.172184],[24.944215,60.17208],[24.944155,60.172079],[24.944158,60.17205],[24.94416,60.172032],[24.944053,60.172029],[24.944052,60.172033],[24.943882,60.172029],[24.943705,60.172025],[24.943705,60.172019],[24.943599,60.172016],[24.943594,60.172062],[24.943568,60.172061],[24.943533,60.172061]]]},"properties":{}},{"type":"Feature","geometry":{"type":"Polygon","coordinates":[[[24.947951,60.170986],[24.947962,60.170883],[24.948025,60.170884],[24.948021,60.170921],[24.94864,60.170938],[24.948632,60.171004],[24.948964,60.171013],[24.948994,60.170736],[24.949023,60.170471],[24.948816,60.170465],[24.948731,60.170463],[24.948727,60.170494],[24.948378,60.170484],[24.948381,60.170454],[24.948013,60.170444],[24.947748,60.170437],[24.947748,60.17044],[24.94772,60.170694],[24.94772,60.170701],[24.947712,60.170774],[24.947705,60.170832],[24.947699,60.170884],[24.947697,60.170908],[24.947689,60.170979],[24.947951,60.170986]]]},"properties":{}},{"type":"Feature","geometry":{"type":"Polygon","coordinates":[[[24.937971,60.171955],[24.937922,60.171894],[24.937688,60.171876],[24.937739,60.171684],[24.93822,60.171715],[24.938181,60.171859],[24.938143,60.172001],[24.938142,60.172007],[24.93814,60.172014],[24.938354,60.172029],[24.938364,60.171998],[24.938434,60.172004],[24.93849,60.171786],[24.938537,60.171789],[24.938541,60.171761],[24.938549,60.171734],[24.938507,60.17173],[24.938592,60.17141],[24.938637,60.171413],[24.938645,60.171383],[24.938651,60.17136],[24.938608,60.171358],[24.938619,60.171299],[24.938821,60.171313],[24.93884,60.171312],[24.938856,60.17131],[24.938868,60.171305],[24.938878,60.171297],[24.938881,60.171287],[24.938949,60.171291],[24.938961,60.171252],[24.938854,60.171245],[24.938881,60.171158],[24.937648,60.171078],[24.937644,60.17109],[24.937617,60.171197],[24.937571,60.171194],[24.937557,60.171193],[24.937358,60.171963],[24.937369,60.171964],[24.937492,60.171972],[24.937609,60.17198],[24.937893,60.171998],[24.937904,60.171999],[24.937927,60.171995],[24.937944,60.171989],[24.937959,60.171982],[24.937969,60.171974],[24.937972,60.171965],[24.937971,60.171955]]]},"properties":{}},{"type":"Feature","geometry":{"type":"Polygon","coordinates":[[[24.937297,60.172248],[24.937281,60.172301],[24.937195,60.172624],[24.937276,60.172628],[24.937274,60.172647],[24.937254,60.172655],[24.937296,60.172683],[24.937337,60.172709],[24.93736,60.1727],[24.938254,60.172759],[24.938272,60.17277],[24.938379,60.172729],[24.938364,60.172719],[24.938368,60.172699],[24.938451,60.172703],[24.938557,60.172295],[24.93848,60.172291],[24.938479,60.172271],[24.9385,60.172262],[24.93846,60.172236],[24.938417,60.172209],[24.938401,60.172216],[24.938362,60.172213],[24.938369,60.172174],[24.937621,60.172126],[24.937593,60.172215],[24.937564,60.172228],[24.937534,60.172237],[24.937488,60.172208],[24.937431,60.172229],[24.937477,60.17226],[24.937297,60.172248]]]},"properties":{}},{"type":"Feature","geometry":{"type":"Polygon","coordinates":[[[24.937868,60.170786],[24.938168,60.170807],[24.939048,60.170865],[24.939069,60.170866],[24.939072,60.170851],[24.939119,60.170639],[24.939131,60.170589],[24.939142,60.170539],[24.939194,60.170313],[24.938742,60.170143],[24.938654,60.170111],[24.938636,60.170123],[24.938194,60.170412],[24.938142,60.170446],[24.9378,60.17067],[24.937763,60.170699],[24.937759,60.170728],[24.937777,60.170753],[24.937811,60.170773],[24.937868,60.170786]]]},"properties":{}},{"type":"Feature","geometry":{"type":"Polygon","coordinates":[[[24.942723,60.168748],[24.942737,60.168612],[24.942759,60.168397],[24.942819,60.16776],[24.942733,60.167758],[24.942225,60.167746],[24.94198,60.167914],[24.941543,60.168204],[24.941116,60.168489],[24.941504,60.168632],[24.941649,60.168686],[24.941705,60.168695],[24.941743,60.168685],[24.941799,60.168693],[24.941853,60.168701],[24.941879,60.168722],[24.941931,60.168729],[24.942723,60.168748]]]},"properties":{}},{"type":"Feature","geometry":{"type":"Polygon","coordinates":[[[24.940523,60.168931],[24.940461,60.168948],[24.940467,60.168954],[24.940384,60.168976],[24.940428,60.169015],[24.940333,60.169042],[24.940386,60.16909],[24.940377,60.169094],[24.940462,60.169171],[24.940476,60.169168],[24.940532,60.169217],[24.940703,60.169169],[24.940781,60.169237],[24.940734,60.16925],[24.940793,60.1693],[24.940833,60.16929],[24.940854,60.169309],[24.940863,60.169308],[24.940869,60.169313],[24.940879,60.169316],[24.940896,60.169317],[24.941095,60.16926],[24.941102,60.169178],[24.94107,60.16915],[24.941058,60.169159],[24.94098,60.169091],[24.941135,60.169048],[24.94095,60.168884],[24.94094,60.168875],[24.94084,60.168903],[24.940795,60.168863],[24.940717,60.168885],[24.94071,60.168878],[24.940651,60.168895],[24.940585,60.168913],[24.940523,60.168931]]]},"properties":{}},{"type":"Feature","geometry":{"type":"Polygon","coordinates":[[[24.949998,60.170466],[24.95009,60.17048],[24.950082,60.170555],[24.950639,60.170568],[24.950661,60.170352],[24.950682,60.170136],[24.950126,60.170122],[24.950119,60.170198],[24.950026,60.170206],[24.949956,60.170225],[24.9499,60.170252],[24.949861,60.170286],[24.949841,60.170333],[24.949847,60.170369],[24.949877,60.170409],[24.94992,60.170437],[24.949998,60.170466]]]},"properties":{}},{"type":"Feature","geometry":{"type":"Polygon","coordinates":[[[24.939526,60.171343],[24.939327,60.171475],[24.939448,60.171517],[24.93948,60.1715],[24.939562,60.171501],[24.939667,60.171503],[24.939839,60.171506],[24.939868,60.171502],[24.939888,60.171493],[24.939905,60.171481],[24.939916,60.171463],[24.939923,60.171351],[24.939526,60.171343]]]},"properties":{}},{"type":"Feature","geometry":{"type":"Polygon","coordinates":[[[24.944696,60.168798],[24.945035,60.168807],[24.945126,60.168809],[24.945151,60.168809],[24.945379,60.168814],[24.945435,60.168787],[24.945485,60.168325],[24.945164,60.168317],[24.945127,60.168645],[24.945091,60.168662],[24.945048,60.168661],[24.945005,60.168659],[24.944969,60.168641],[24.945005,60.168313],[24.944842,60.168308],[24.944749,60.168305],[24.944737,60.168411],[24.944717,60.168613],[24.944715,60.168636],[24.944696,60.168798]]]},"properties":{}},{"type":"Feature","geometry":{"type":"Polygon","coordinates":[[[24.944738,60.167808],[24.944725,60.167904],[24.944775,60.167905],[24.944741,60.168258],[24.944847,60.168261],[24.944842,60.168308],[24.945005,60.168313],[24.945046,60.167938],[24.945088,60.167938],[24.945089,60.167921],[24.945129,60.167922],[24.945169,60.167922],[24.945168,60.167939],[24.945207,60.16794],[24.945166,60.168286],[24.945164,60.168317],[24.945485,60.168325],[24.94549,60.168293],[24.945513,60.168074],[24.945541,60.167828],[24.945143,60.167818],[24.944738,60.167808]]]},"properties":{}},{"type":"Feature","geometry":{"type":"Polygon","coordinates":[[[24.945618,60.178163],[24.945153,60.178156],[24.945146,60.178231],[24.945135,60.178343],[24.945126,60.178433],[24.945276,60.178474],[24.945387,60.178503],[24.94555,60.178551],[24.945683,60.178589],[24.945762,60.178612],[24.945777,60.178517],[24.945809,60.178207],[24.945677,60.178207],[24.945657,60.1784],[24.945442,60.178343],[24.94546,60.178215],[24.945616,60.17822],[24.945618,60.178163]]]},"properties":{}},{"type":"Feature","geometry":{"type":"Polygon","coordinates":[[[24.951394,60.177585],[24.951605,60.177591],[24.951651,60.177592],[24.95171,60.177147],[24.951718,60.177041],[24.951642,60.176989],[24.951567,60.176987],[24.951567,60.176981],[24.951062,60.176974],[24.951062,60.176978],[24.951045,60.176978],[24.951046,60.176969],[24.950948,60.176966],[24.95093,60.177129],[24.95125,60.177138],[24.951281,60.177156],[24.951234,60.177176],[24.951309,60.17722],[24.951356,60.177201],[24.951397,60.177225],[24.951358,60.177584],[24.951394,60.177585]]]},"properties":{}},{"type":"Feature","geometry":{"type":"Polygon","coordinates":[[[24.94804,60.175299],[24.94804,60.175338],[24.948197,60.175338],[24.948195,60.175118],[24.948042,60.175118],[24.948042,60.175139],[24.947621,60.175139],[24.947621,60.175117],[24.947451,60.175118],[24.947453,60.175339],[24.947617,60.175338],[24.947617,60.1753],[24.947785,60.175299],[24.947785,60.175313],[24.947873,60.175313],[24.947873,60.175299],[24.94804,60.175299]]]},"properties":{}},{"type":"Feature","geometry":{"type":"Polygon","coordinates":[[[24.95093,60.177129],[24.950948,60.176966],[24.950377,60.176949],[24.950337,60.177407],[24.950387,60.177408],[24.950556,60.177413],[24.950594,60.177414],[24.950599,60.177358],[24.950638,60.177359],[24.950632,60.177415],[24.950898,60.177422],[24.950904,60.177365],[24.95093,60.177129]]]},"properties":{}},{"type":"Feature","geometry":{"type":"Polygon","coordinates":[[[24.946149,60.175277],[24.946149,60.175331],[24.946101,60.175331],[24.946101,60.175281],[24.945885,60.175281],[24.945884,60.175238],[24.945573,60.175235],[24.945572,60.175279],[24.945355,60.175279],[24.945355,60.175329],[24.945309,60.175329],[24.94531,60.175275],[24.945162,60.175275],[24.945161,60.175386],[24.945572,60.175387],[24.945572,60.175427],[24.945659,60.175427],[24.945659,60.175448],[24.945659,60.175467],[24.945801,60.175467],[24.945801,60.17545],[24.945801,60.175427],[24.945891,60.175427],[24.945892,60.175388],[24.946182,60.175388],[24.946184,60.17541],[24.946536,60.175413],[24.946537,60.175389],[24.946842,60.17539],[24.946843,60.175412],[24.946948,60.175412],[24.946948,60.175242],[24.946796,60.17524],[24.946783,60.175214],[24.946751,60.175196],[24.94669,60.175186],[24.94663,60.175195],[24.946597,60.175213],[24.946583,60.175239],[24.946427,60.175237],[24.946422,60.175383],[24.946304,60.175382],[24.946305,60.175277],[24.946149,60.175277]]]},"properties":{}},{"type":"Feature","geometry":{"type":"Polygon","coordinates":[[[24.948212,60.173285],[24.947521,60.173264],[24.947506,60.173379],[24.948523,60.17341],[24.948555,60.173152],[24.948362,60.173147],[24.948332,60.173146],[24.94832,60.173239],[24.948218,60.173236],[24.948212,60.173285]]]},"properties":{}},{"type":"Feature","geometry":{"type":"Polygon","coordinates":[[[24.94511,60.174408],[24.945115,60.174408],[24.945112,60.174435],[24.945161,60.174436],[24.945163,60.174409],[24.945275,60.174412],[24.945273,60.174439],[24.945327,60.17444],[24.94533,60.174414],[24.945335,60.174414],[24.945339,60.174367],[24.945114,60.174361],[24.94511,60.174408]]]},"properties":{}},{"type":"Feature","geometry":{"type":"Polygon","coordinates":[[[24.947515,60.172832],[24.947512,60.17286],[24.947497,60.172978],[24.948582,60.173011],[24.948585,60.172992],[24.948589,60.17297],[24.948404,60.172803],[24.948329,60.172736],[24.948089,60.172804],[24.948155,60.17286],[24.947771,60.172852],[24.947773,60.172838],[24.947515,60.172832]]]},"properties":{}},{"type":"Feature","geometry":{"type":"Polygon","coordinates":[[[24.948329,60.172736],[24.948169,60.172592],[24.947546,60.172577],[24.947515,60.172832],[24.947773,60.172838],[24.947788,60.172735],[24.948016,60.172741],[24.948089,60.172804],[24.948329,60.172736]]]},"properties":{}},{"type":"Feature","geometry":{"type":"Polygon","coordinates":[[[24.949407,60.172898],[24.949428,60.172675],[24.949436,60.172599],[24.949438,60.172578],[24.949457,60.172385],[24.950176,60.172402],[24.950163,60.17254],[24.950317,60.172544],[24.95033,60.172403],[24.950414,60.172405],[24.95042,60.17235],[24.950421,60.172332],[24.950427,60.17227],[24.949334,60.172244],[24.949315,60.172244],[24.949307,60.172325],[24.949183,60.172322],[24.949156,60.172597],[24.949128,60.172885],[24.94908,60.172884],[24.949074,60.172944],[24.949243,60.172948],[24.949234,60.173034],[24.95035,60.173061],[24.950359,60.17297],[24.950364,60.172919],[24.95028,60.172917],[24.950293,60.172778],[24.950149,60.172774],[24.950135,60.172915],[24.949407,60.172898]]]},"properties":{}},{"type":"Feature","geometry":{"type":"Polygon","coordinates":[[[24.935979,60.169589],[24.935243,60.170207],[24.935316,60.170235],[24.936183,60.169659],[24.936114,60.169632],[24.935979,60.169589]]]},"properties":{}},{"type":"Feature","geometry":{"type":"Polygon","coordinates":[[[24.944071,60.167541],[24.944097,60.167249],[24.944263,60.167252],[24.944269,60.167183],[24.94389,60.167178],[24.943891,60.167162],[24.943259,60.167147],[24.943178,60.167145],[24.943171,60.167223],[24.943063,60.167228],[24.942983,60.167247],[24.942899,60.16729],[24.94285,60.167349],[24.942854,60.167401],[24.942884,60.167447],[24.94295,60.167489],[24.943037,60.16752],[24.943141,60.167538],[24.943136,60.167593],[24.943242,60.167595],[24.94349,60.167601],[24.943645,60.167604],[24.94385,60.167609],[24.943852,60.167591],[24.944232,60.1676],[24.944237,60.167545],[24.944071,60.167541]]]},"properties":{}},{"type":"Feature","geometry":{"type":"Polygon","coordinates":[[[24.950888,60.168339],[24.950906,60.168154],[24.950925,60.167968],[24.950434,60.167954],[24.950423,60.168056],[24.950409,60.168188],[24.950501,60.168191],[24.950504,60.16821],[24.95052,60.168225],[24.950546,60.168235],[24.950578,60.168239],[24.950609,60.168237],[24.950638,60.168227],[24.950657,60.168214],[24.950663,60.168195],[24.950715,60.168197],[24.950701,60.168334],[24.950888,60.168339]]]},"properties":{}},{"type":"Feature","geometry":{"type":"Polygon","coordinates":[[[24.952278,60.164234],[24.952272,60.164307],[24.952222,60.164305],[24.952218,60.16435],[24.952251,60.16435],[24.952241,60.164468],[24.952203,60.164468],[24.952205,60.164445],[24.952132,60.164444],[24.952134,60.16442],[24.952128,60.164414],[24.952118,60.16441],[24.952102,60.164407],[24.952085,60.164407],[24.952068,60.164409],[24.952057,60.164413],[24.95205,60.164418],[24.952049,60.16444],[24.951961,60.164438],[24.951959,60.164462],[24.95187,60.16446],[24.951885,60.164289],[24.951989,60.164291],[24.951988,60.164304],[24.952075,60.164306],[24.952082,60.16423],[24.951646,60.164221],[24.951623,60.164491],[24.951898,60.164496],[24.952222,60.164503],[24.952505,60.164509],[24.952508,60.164475],[24.952523,60.164297],[24.952528,60.16424],[24.952278,60.164234]]]},"properties":{}},{"type":"Feature","geometry":{"type":"Polygon","coordinates":[[[24.948632,60.171004],[24.948352,60.170997],[24.948321,60.17128],[24.948934,60.171297],[24.948964,60.171013],[24.948632,60.171004]]]},"properties":{}},{"type":"Feature","geometry":{"type":"Polygon","coordinates":[[[24.951543,60.174126],[24.950675,60.1741],[24.950663,60.174197],[24.950653,60.174282],[24.95064,60.174395],[24.9507,60.174397],[24.951248,60.174413],[24.95151,60.17442],[24.951515,60.174377],[24.951131,60.174366],[24.951137,60.174318],[24.950928,60.174312],[24.950931,60.17429],[24.950936,60.174243],[24.951527,60.17426],[24.951543,60.174126]]]},"properties":{}},{"type":"Feature","geometry":{"type":"Polygon","coordinates":[[[24.952582,60.174156],[24.952569,60.174265],[24.95267,60.174268],[24.952664,60.174316],[24.952726,60.174318],[24.952722,60.174351],[24.95272,60.174369],[24.952664,60.174368],[24.952659,60.174407],[24.952716,60.174409],[24.952709,60.174465],[24.952546,60.17446],[24.952531,60.174582],[24.95263,60.174584],[24.952627,60.17461],[24.952835,60.174616],[24.952836,60.174609],[24.952839,60.174583],[24.952841,60.174562],[24.952866,60.174354],[24.952881,60.174221],[24.952888,60.174165],[24.95287,60.174164],[24.952582,60.174156]]]},"properties":{}},{"type":"Feature","geometry":{"type":"Polygon","coordinates":[[[24.952151,60.174421],[24.952278,60.174425],[24.952294,60.174286],[24.952168,60.174282],[24.952151,60.174421]]]},"properties":{}},{"type":"Feature","geometry":{"type":"Polygon","coordinates":[[[24.95214,60.174517],[24.952133,60.174575],[24.952292,60.17458],[24.95229,60.1746],[24.952429,60.174604],[24.952432,60.174579],[24.952531,60.174582],[24.952546,60.17446],[24.952148,60.174448],[24.95214,60.174517]]]},"properties":{}},{"type":"Feature","geometry":{"type":"Polygon","coordinates":[[[24.946254,60.172584],[24.946236,60.172683],[24.946694,60.172698],[24.946701,60.172645],[24.946731,60.172646],[24.946747,60.17252],[24.946717,60.172519],[24.94672,60.1725],[24.946954,60.172509],[24.946929,60.172688],[24.946927,60.172705],[24.946993,60.172708],[24.947233,60.172716],[24.947235,60.172697],[24.947255,60.172509],[24.947262,60.17244],[24.947026,60.172432],[24.946449,60.172416],[24.94634,60.172413],[24.946281,60.172412],[24.946254,60.172584]]]},"properties":{}},{"type":"Feature","geometry":{"type":"Polygon","coordinates":[[[24.946192,60.172967],[24.946494,60.172971],[24.946619,60.172975],[24.946744,60.172978],[24.946751,60.172894],[24.946976,60.1729],[24.946969,60.172982],[24.947205,60.172988],[24.947216,60.17289],[24.947231,60.172735],[24.947233,60.172716],[24.946993,60.172708],[24.946991,60.172726],[24.946984,60.1728],[24.946762,60.172791],[24.946757,60.172838],[24.946214,60.172827],[24.94621,60.172845],[24.946192,60.172967]]]},"properties":{}},{"type":"Feature","geometry":{"type":"Polygon","coordinates":[[[24.947546,60.172577],[24.948169,60.172592],[24.947928,60.172376],[24.947772,60.172236],[24.947693,60.172231],[24.947589,60.17223],[24.94756,60.172464],[24.947546,60.172577]]]},"properties":{}},{"type":"Feature","geometry":{"type":"Polygon","coordinates":[[[24.935284,60.166133],[24.935198,60.166265],[24.93555,60.16639],[24.93566,60.166312],[24.93572,60.166269],[24.93554,60.166207],[24.935756,60.166054],[24.935563,60.165987],[24.935346,60.16614],[24.935329,60.166134],[24.935299,60.166124],[24.935284,60.166133]]]},"properties":{}},{"type":"Feature","geometry":{"type":"Polygon","coordinates":[[[24.937186,60.165994],[24.936946,60.16591],[24.936664,60.165812],[24.936504,60.165925],[24.936478,60.165944],[24.936658,60.166007],[24.936451,60.166153],[24.936645,60.166221],[24.936862,60.166068],[24.937009,60.16612],[24.937186,60.165994]]]},"properties":{}},{"type":"Feature","geometry":{"type":"Polygon","coordinates":[[[24.936137,60.165628],[24.936128,60.165625],[24.935627,60.165449],[24.935602,60.165466],[24.935428,60.165866],[24.935585,60.165756],[24.935518,60.165732],[24.935684,60.165615],[24.935887,60.165686],[24.935565,60.165914],[24.935585,60.165921],[24.935676,60.165953],[24.936137,60.165628]]]},"properties":{}},{"type":"Feature","geometry":{"type":"Polygon","coordinates":[[[24.936664,60.165812],[24.936137,60.165628],[24.935676,60.165953],[24.93581,60.166],[24.935855,60.165968],[24.935927,60.165994],[24.935883,60.166025],[24.936204,60.166138],[24.936379,60.166014],[24.936242,60.165966],[24.936211,60.165988],[24.935969,60.165903],[24.936126,60.165793],[24.936504,60.165925],[24.936664,60.165812]]]},"properties":{}},{"type":"Feature","geometry":{"type":"Polygon","coordinates":[[[24.937064,60.166438],[24.937039,60.166456],[24.937021,60.16645],[24.937,60.166464],[24.93681,60.166398],[24.936693,60.166481],[24.936837,60.166531],[24.93667,60.16665],[24.936525,60.166599],[24.936401,60.166687],[24.936782,60.16682],[24.936819,60.166833],[24.93686,60.166804],[24.936964,60.16673],[24.936905,60.166709],[24.937073,60.16659],[24.937126,60.166609],[24.937267,60.166509],[24.937064,60.166438]]]},"properties":{}},{"type":"Feature","geometry":{"type":"Polygon","coordinates":[[[24.935613,60.16724],[24.935756,60.167137],[24.935749,60.167134],[24.935621,60.167093],[24.935575,60.167094],[24.935566,60.167074],[24.935616,60.167064],[24.935758,60.166963],[24.935634,60.16692],[24.935586,60.166954],[24.935522,60.166934],[24.935393,60.167026],[24.935319,60.166999],[24.935185,60.167094],[24.935613,60.16724]]]},"properties":{}},{"type":"Feature","geometry":{"type":"Polygon","coordinates":[[[24.935185,60.167094],[24.935319,60.166999],[24.935342,60.166982],[24.935203,60.166937],[24.935177,60.166938],[24.935225,60.166909],[24.935311,60.16685],[24.935185,60.167094]]]},"properties":{}},{"type":"Feature","geometry":{"type":"Polygon","coordinates":[[[24.935391,60.166507],[24.935267,60.166595],[24.935239,60.166617],[24.935559,60.166727],[24.935489,60.166777],[24.935423,60.166754],[24.935401,60.166771],[24.935361,60.166757],[24.935297,60.166803],[24.935499,60.166873],[24.935809,60.166653],[24.935666,60.166612],[24.935391,60.166507]]]},"properties":{}},{"type":"Feature","geometry":{"type":"Polygon","coordinates":[[[24.936348,60.167166],[24.936118,60.167087],[24.93592,60.167019],[24.935822,60.16709],[24.93607,60.167176],[24.935963,60.167253],[24.935727,60.167172],[24.935769,60.167142],[24.935756,60.167137],[24.935613,60.16724],[24.936022,60.167381],[24.936041,60.167387],[24.936074,60.167364],[24.936348,60.167166]]]},"properties":{}},{"type":"Feature","geometry":{"type":"Polygon","coordinates":[[[24.937531,60.16746],[24.937726,60.167318],[24.937588,60.167271],[24.937576,60.167267],[24.937519,60.167309],[24.9374,60.167269],[24.937458,60.167227],[24.937451,60.167224],[24.937297,60.167172],[24.937116,60.167303],[24.937218,60.167337],[24.937094,60.167427],[24.937288,60.167493],[24.937397,60.167414],[24.937531,60.16746]]]},"properties":{}},{"type":"Feature","geometry":{"type":"Polygon","coordinates":[[[24.937849,60.167685],[24.938069,60.16776],[24.938131,60.167715],[24.938032,60.16768],[24.938095,60.167634],[24.938072,60.167627],[24.938108,60.167601],[24.938362,60.167687],[24.938265,60.167758],[24.938224,60.167744],[24.93816,60.16779],[24.938284,60.167833],[24.938588,60.167612],[24.938576,60.167608],[24.938154,60.167463],[24.93797,60.167597],[24.937914,60.167638],[24.937849,60.167685]]]},"properties":{}},{"type":"Feature","geometry":{"type":"Polygon","coordinates":[[[24.937849,60.167685],[24.937422,60.167539],[24.937116,60.167761],[24.937543,60.167907],[24.937849,60.167685]]]},"properties":{}},{"type":"Feature","geometry":{"type":"Polygon","coordinates":[[[24.937422,60.167539],[24.937849,60.167685],[24.937914,60.167638],[24.937487,60.167492],[24.937422,60.167539]]]},"properties":{}},{"type":"Feature","geometry":{"type":"Polygon","coordinates":[[[24.938154,60.167463],[24.937886,60.167372],[24.937726,60.167318],[24.937531,60.16746],[24.937677,60.167509],[24.937733,60.167469],[24.937924,60.167534],[24.937879,60.167567],[24.93797,60.167597],[24.938154,60.167463]]]},"properties":{}},{"type":"Feature","geometry":{"type":"Polygon","coordinates":[[[24.936686,60.167615],[24.937116,60.167761],[24.937422,60.167539],[24.937347,60.167513],[24.937164,60.167646],[24.936875,60.167548],[24.937029,60.167436],[24.936964,60.167414],[24.936871,60.167481],[24.936686,60.167615]]]},"properties":{}},{"type":"Feature","geometry":{"type":"Polygon","coordinates":[[[24.937485,60.166587],[24.937214,60.166783],[24.937027,60.166919],[24.937046,60.166925],[24.937237,60.16699],[24.937563,60.167102],[24.93775,60.166967],[24.937613,60.16692],[24.937883,60.166724],[24.937578,60.16662],[24.937485,60.166587]]]},"properties":{}},{"type":"Feature","geometry":{"type":"Polygon","coordinates":[[[24.939249,60.167191],[24.938958,60.167402],[24.938786,60.167344],[24.938682,60.16742],[24.93862,60.167464],[24.938631,60.167467],[24.939146,60.167643],[24.939312,60.167523],[24.939177,60.167477],[24.939419,60.167301],[24.939468,60.167266],[24.939249,60.167191]]]},"properties":{}},{"type":"Feature","geometry":{"type":"Polygon","coordinates":[[[24.939427,60.166312],[24.939306,60.16627],[24.939268,60.166297],[24.939123,60.166247],[24.939084,60.166275],[24.939004,60.166247],[24.938943,60.16629],[24.938882,60.166333],[24.938963,60.166362],[24.938919,60.166393],[24.939064,60.166443],[24.939028,60.166468],[24.93927,60.166552],[24.939305,60.166527],[24.939447,60.166576],[24.939491,60.166545],[24.939537,60.166561],[24.93957,60.166573],[24.939692,60.166486],[24.939613,60.166458],[24.939652,60.166431],[24.939509,60.166382],[24.939548,60.166354],[24.939427,60.166312]]]},"properties":{}},{"type":"Feature","geometry":{"type":"Polygon","coordinates":[[[24.938284,60.167833],[24.938487,60.167902],[24.938726,60.167983],[24.939022,60.167769],[24.93903,60.167763],[24.938588,60.167612],[24.938284,60.167833]]]},"properties":{}},{"type":"Feature","geometry":{"type":"Polygon","coordinates":[[[24.9364,60.164891],[24.936129,60.165084],[24.935782,60.165332],[24.936073,60.165433],[24.936304,60.165512],[24.936449,60.165408],[24.936146,60.165301],[24.936228,60.165243],[24.936388,60.165299],[24.936512,60.165211],[24.936352,60.165155],[24.936436,60.165095],[24.936597,60.16515],[24.936719,60.165063],[24.936558,60.165007],[24.936616,60.164966],[24.9364,60.164891]]]},"properties":{}},{"type":"Feature","geometry":{"type":"Polygon","coordinates":[[[24.93753,60.164634],[24.937359,60.164755],[24.937557,60.164824],[24.937381,60.164949],[24.937235,60.164898],[24.937066,60.165018],[24.93721,60.165068],[24.937113,60.165138],[24.937357,60.165222],[24.937451,60.165255],[24.937507,60.165214],[24.937411,60.165181],[24.937502,60.165116],[24.937562,60.165137],[24.937726,60.16502],[24.937662,60.164998],[24.937796,60.164903],[24.937894,60.164937],[24.938061,60.164817],[24.937995,60.164794],[24.93753,60.164634]]]},"properties":{}},{"type":"Feature","geometry":{"type":"Polygon","coordinates":[[[24.936835,60.165696],[24.937015,60.165567],[24.936838,60.165507],[24.936823,60.165518],[24.936522,60.165414],[24.936504,60.165427],[24.936449,60.165408],[24.936304,60.165512],[24.93678,60.165677],[24.936835,60.165696]]]},"properties":{}},{"type":"Feature","geometry":{"type":"Polygon","coordinates":[[[24.93983,60.164213],[24.939685,60.164316],[24.939657,60.164336],[24.939842,60.1644],[24.93967,60.164523],[24.939485,60.16446],[24.939377,60.164538],[24.939806,60.164685],[24.939877,60.164635],[24.940259,60.164361],[24.93983,60.164213]]]},"properties":{}},{"type":"Feature","geometry":{"type":"Polygon","coordinates":[[[24.940424,60.164925],[24.940527,60.16496],[24.940762,60.165041],[24.940799,60.165015],[24.940835,60.165028],[24.94088,60.164996],[24.94096,60.164938],[24.940704,60.16485],[24.940586,60.164809],[24.940551,60.164834],[24.940424,60.164925]]]},"properties":{}},{"type":"Feature","geometry":{"type":"Polygon","coordinates":[[[24.942327,60.166053],[24.942392,60.166076],[24.942554,60.166133],[24.942723,60.166192],[24.942764,60.166207],[24.942801,60.16622],[24.942837,60.166232],[24.942896,60.166254],[24.943041,60.166304],[24.943215,60.166365],[24.943381,60.166255],[24.943413,60.165933],[24.94294,60.165766],[24.942804,60.16572],[24.942707,60.165787],[24.94258,60.165876],[24.942471,60.165951],[24.942327,60.166053]]]},"properties":{}},{"type":"Feature","geometry":{"type":"Polygon","coordinates":[[[24.94277,60.166678],[24.942598,60.166615],[24.942571,60.166634],[24.942431,60.166583],[24.942369,60.166561],[24.942218,60.166507],[24.94214,60.166562],[24.942037,60.166626],[24.941942,60.166689],[24.942238,60.166793],[24.942477,60.166876],[24.94277,60.166678]]]},"properties":{}},{"type":"Feature","geometry":{"type":"Polygon","coordinates":[[[24.941628,60.167118],[24.941568,60.167161],[24.941436,60.167115],[24.941408,60.167105],[24.941466,60.167062],[24.941408,60.16704],[24.941162,60.167207],[24.94122,60.167228],[24.941701,60.167392],[24.941948,60.167228],[24.941628,60.167118]]]},"properties":{}},{"type":"Feature","geometry":{"type":"Polygon","coordinates":[[[24.943971,60.168779],[24.943982,60.168671],[24.943953,60.168671],[24.943921,60.16867],[24.943921,60.168651],[24.943888,60.16865],[24.943889,60.168645],[24.943878,60.168645],[24.943878,60.168635],[24.943814,60.168633],[24.943813,60.168643],[24.943407,60.168634],[24.943411,60.168588],[24.943402,60.168588],[24.943403,60.168581],[24.943261,60.168577],[24.943129,60.168574],[24.94311,60.168758],[24.943243,60.168763],[24.943942,60.168779],[24.943971,60.168779]]]},"properties":{}},{"type":"Feature","geometry":{"type":"Polygon","coordinates":[[[24.946342,60.167999],[24.946698,60.168008],[24.946778,60.16801],[24.94688,60.168013],[24.946896,60.167865],[24.946357,60.167852],[24.946342,60.167999]]]},"properties":{}},{"type":"Feature","geometry":{"type":"Polygon","coordinates":[[[24.946256,60.168835],[24.946791,60.168846],[24.946833,60.16846],[24.946296,60.168444],[24.946272,60.168666],[24.946256,60.168835]]]},"properties":{}},{"type":"Feature","geometry":{"type":"Polygon","coordinates":[[[24.946833,60.16846],[24.946791,60.168846],[24.946798,60.168846],[24.946872,60.168848],[24.947304,60.16886],[24.947359,60.168368],[24.947098,60.168361],[24.947086,60.168466],[24.946833,60.16846]]]},"properties":{}},{"type":"Feature","geometry":{"type":"Polygon","coordinates":[[[24.945742,60.168323],[24.946062,60.168331],[24.946072,60.16824],[24.946096,60.168019],[24.94613,60.168003],[24.946342,60.168007],[24.946342,60.167999],[24.946357,60.167852],[24.945798,60.167837],[24.945753,60.168232],[24.945742,60.168323]]]},"properties":{}},{"type":"Feature","geometry":{"type":"Polygon","coordinates":[[[24.94688,60.168013],[24.946778,60.16801],[24.946698,60.168008],[24.946695,60.168039],[24.946662,60.168038],[24.946633,60.168312],[24.946628,60.16836],[24.946596,60.16836],[24.946596,60.168356],[24.946091,60.168343],[24.946092,60.168332],[24.946062,60.168331],[24.946048,60.168437],[24.946296,60.168444],[24.946833,60.16846],[24.946841,60.168385],[24.946856,60.168246],[24.94688,60.168013]]]},"properties":{}},{"type":"Feature","geometry":{"type":"Polygon","coordinates":[[[24.946856,60.168246],[24.947111,60.168253],[24.947098,60.168361],[24.947359,60.168368],[24.947412,60.16789],[24.947391,60.167878],[24.946896,60.167865],[24.94688,60.168013],[24.946856,60.168246]]]},"properties":{}},{"type":"Feature","geometry":{"type":"Polygon","coordinates":[[[24.949244,60.168595],[24.949006,60.16859],[24.948932,60.168588],[24.948926,60.168653],[24.948953,60.168653],[24.94894,60.168769],[24.948913,60.168768],[24.948899,60.168901],[24.949212,60.168907],[24.949244,60.168595]]]},"properties":{}},{"type":"Feature","geometry":{"type":"Polygon","coordinates":[[[24.948143,60.168567],[24.948109,60.168881],[24.948899,60.168901],[24.948913,60.168768],[24.948893,60.168766],[24.948893,60.168749],[24.948885,60.16874],[24.948873,60.168735],[24.948854,60.168734],[24.948839,60.168735],[24.948824,60.168742],[24.948816,60.168748],[24.948815,60.168758],[24.94878,60.168757],[24.948789,60.16865],[24.948926,60.168653],[24.948932,60.168588],[24.948554,60.168577],[24.948143,60.168567]]]},"properties":{}},{"type":"Feature","geometry":{"type":"Polygon","coordinates":[[[24.94816,60.1684],[24.948174,60.168282],[24.948184,60.168203],[24.948185,60.168196],[24.948355,60.168199],[24.948591,60.168205],[24.948591,60.168231],[24.949047,60.168241],[24.949052,60.168216],[24.949279,60.168222],[24.949244,60.168595],[24.949006,60.16859],[24.949008,60.168558],[24.948558,60.168546],[24.948554,60.168577],[24.948143,60.168567],[24.94816,60.1684]]]},"properties":{}},{"type":"Feature","geometry":{"type":"Polygon","coordinates":[[[24.950883,60.168392],[24.950637,60.168386],[24.950635,60.168391],[24.950209,60.16838],[24.95019,60.168564],[24.950584,60.168575],[24.950864,60.168582],[24.950883,60.168392]]]},"properties":{}},{"type":"Feature","geometry":{"type":"Polygon","coordinates":[[[24.950864,60.168582],[24.950584,60.168575],[24.95019,60.168564],[24.950029,60.168559],[24.949783,60.168552],[24.949503,60.168545],[24.949469,60.168915],[24.950826,60.168954],[24.950864,60.168582]]]},"properties":{}},{"type":"Feature","geometry":{"type":"Polygon","coordinates":[[[24.942881,60.164278],[24.942997,60.164319],[24.943089,60.164253],[24.943049,60.164239],[24.943104,60.1642],[24.943144,60.164214],[24.943184,60.164185],[24.943208,60.164168],[24.943173,60.164155],[24.942582,60.164176],[24.942686,60.164176],[24.942852,60.164232],[24.942881,60.164278]]]},"properties":{}},{"type":"Feature","geometry":{"type":"Polygon","coordinates":[[[24.936418,60.164396],[24.935941,60.164734],[24.936159,60.16481],[24.93676,60.164384],[24.936767,60.164379],[24.936774,60.164374],[24.936321,60.164216],[24.936143,60.164341],[24.936101,60.164371],[24.936178,60.164397],[24.936246,60.164349],[24.93631,60.164371],[24.936433,60.16436],[24.936497,60.164385],[24.936418,60.164396]]]},"properties":{}},{"type":"Feature","geometry":{"type":"Polygon","coordinates":[[[24.936321,60.164216],[24.935698,60.164186],[24.936143,60.164341],[24.936321,60.164216]]]},"properties":{}},{"type":"Feature","geometry":{"type":"Polygon","coordinates":[[[24.935358,60.164426],[24.935803,60.164582],[24.936004,60.16444],[24.935559,60.164284],[24.935399,60.164397],[24.935358,60.164426]]]},"properties":{}},{"type":"Feature","geometry":{"type":"Polygon","coordinates":[[[24.936159,60.16481],[24.935941,60.164734],[24.935475,60.165064],[24.935335,60.165015],[24.935801,60.164685],[24.935705,60.164651],[24.935515,60.165239],[24.935541,60.165248],[24.935998,60.164924],[24.936159,60.16481]]]},"properties":{}},{"type":"Feature","geometry":{"type":"Polygon","coordinates":[[[24.940556,60.167481],[24.940877,60.167264],[24.940873,60.167263],[24.940295,60.16707],[24.940264,60.167072],[24.940255,60.167078],[24.94013,60.167169],[24.939974,60.167282],[24.940295,60.167392],[24.940361,60.167343],[24.940323,60.16733],[24.940325,60.167294],[24.940346,60.167279],[24.940405,60.167278],[24.940421,60.167283],[24.94041,60.167291],[24.940487,60.167317],[24.940497,60.16731],[24.940585,60.16734],[24.940443,60.167442],[24.940556,60.167481]]]},"properties":{}},{"type":"Feature","geometry":{"type":"Polygon","coordinates":[[[24.939925,60.167903],[24.940115,60.167776],[24.93982,60.167675],[24.939941,60.167587],[24.939677,60.167496],[24.939431,60.167675],[24.939376,60.167715],[24.939385,60.167718],[24.939925,60.167903]]]},"properties":{}},{"type":"Feature","geometry":{"type":"Polygon","coordinates":[[[24.952973,60.165782],[24.952897,60.16578],[24.952822,60.165778],[24.952746,60.165776],[24.952671,60.165774],[24.952634,60.166105],[24.952616,60.166104],[24.95261,60.166158],[24.952603,60.166214],[24.952622,60.166214],[24.952585,60.166541],[24.952659,60.166543],[24.952737,60.166545],[24.952815,60.166547],[24.952886,60.166549],[24.952923,60.166223],[24.952967,60.166224],[24.952973,60.166169],[24.952979,60.166114],[24.952935,60.166113],[24.952973,60.165782]]]},"properties":{}},{"type":"Feature","geometry":{"type":"Polygon","coordinates":[[[24.95209,60.165929],[24.952085,60.165978],[24.952013,60.165976],[24.952006,60.166047],[24.952308,60.166055],[24.952335,60.165791],[24.951939,60.165781],[24.95191,60.16578],[24.951803,60.165777],[24.951792,60.165883],[24.951791,60.165894],[24.952047,60.1659],[24.95209,60.165929]]]},"properties":{}},{"type":"Feature","geometry":{"type":"Polygon","coordinates":[[[24.95226,60.166402],[24.952046,60.166396],[24.951404,60.16638],[24.951396,60.166467],[24.951395,60.166474],[24.951389,60.166528],[24.951388,60.166538],[24.951376,60.16666],[24.951375,60.166665],[24.952017,60.166681],[24.952231,60.166687],[24.952241,60.166591],[24.952253,60.166591],[24.952258,60.16654],[24.952263,60.166494],[24.952251,60.166494],[24.95226,60.166402]]]},"properties":{}},{"type":"Feature","geometry":{"type":"Polygon","coordinates":[[[24.952218,60.166928],[24.952243,60.166687],[24.952231,60.166687],[24.952017,60.166681],[24.951375,60.166665],[24.95135,60.166907],[24.95163,60.166914],[24.95194,60.166921],[24.952218,60.166928]]]},"properties":{}},{"type":"Feature","geometry":{"type":"Polygon","coordinates":[[[24.951792,60.165883],[24.951803,60.165777],[24.951497,60.16577],[24.951467,60.165769],[24.951465,60.165786],[24.951449,60.165948],[24.951446,60.165974],[24.951444,60.165993],[24.95144,60.166033],[24.951781,60.166042],[24.951785,60.165998],[24.951721,60.165996],[24.951732,60.165882],[24.951792,60.165883]]]},"properties":{}},{"type":"Feature","geometry":{"type":"Polygon","coordinates":[[[24.944875,60.164817],[24.944946,60.164819],[24.94497,60.164625],[24.944794,60.16462],[24.944698,60.164617],[24.944683,60.164738],[24.944475,60.164732],[24.944489,60.164611],[24.944467,60.16461],[24.944228,60.164603],[24.944227,60.164611],[24.944221,60.164665],[24.944209,60.164757],[24.944205,60.164796],[24.944875,60.164817]]]},"properties":{}},{"type":"Feature","geometry":{"type":"Polygon","coordinates":[[[24.944795,60.165466],[24.944624,60.165461],[24.944611,60.165566],[24.944433,60.16556],[24.944431,60.165578],[24.944302,60.165574],[24.944317,60.165452],[24.944125,60.165446],[24.944097,60.165669],[24.944116,60.16568],[24.944135,60.165691],[24.944591,60.165703],[24.94475,60.165707],[24.945126,60.165716],[24.945246,60.165719],[24.945364,60.165722],[24.945742,60.165732],[24.945766,60.165733],[24.945795,60.165497],[24.945525,60.165488],[24.945519,60.165538],[24.94536,60.165533],[24.945366,60.165484],[24.944795,60.165466]]]},"properties":{}},{"type":"Feature","geometry":{"type":"Polygon","coordinates":[[[24.94415,60.16524],[24.944411,60.165247],[24.944439,60.165025],[24.944177,60.165017],[24.944152,60.165222],[24.94415,60.16524]]]},"properties":{}},{"type":"Feature","geometry":{"type":"Polygon","coordinates":[[[24.94482,60.16526],[24.944848,60.165038],[24.94465,60.165032],[24.944623,60.165254],[24.944707,60.165256],[24.94482,60.16526]]]},"properties":{}},{"type":"Feature","geometry":{"type":"Polygon","coordinates":[[[24.945663,60.16426],[24.945223,60.164246],[24.945183,60.164568],[24.945457,60.164576],[24.945482,60.164367],[24.945649,60.164372],[24.945663,60.16426]]]},"properties":{}},{"type":"Feature","geometry":{"type":"Polygon","coordinates":[[[24.945663,60.16426],[24.945649,60.164372],[24.945616,60.164645],[24.945649,60.164646],[24.945899,60.164654],[24.945944,60.164284],[24.945946,60.164268],[24.945933,60.164268],[24.945663,60.16426]]]},"properties":{}},{"type":"Feature","geometry":{"type":"Polygon","coordinates":[[[24.946666,60.164493],[24.946669,60.164466],[24.94685,60.164471],[24.946853,60.164452],[24.946907,60.164453],[24.946911,60.16442],[24.947409,60.164434],[24.947425,60.164302],[24.947028,60.16429],[24.946581,60.164277],[24.946563,60.164429],[24.946556,60.16449],[24.946666,60.164493]]]},"properties":{}},{"type":"Feature","geometry":{"type":"Polygon","coordinates":[[[24.946993,60.164683],[24.946989,60.16472],[24.946923,60.164718],[24.946916,60.164775],[24.946988,60.164777],[24.947244,60.164785],[24.947489,60.164792],[24.947726,60.164799],[24.947738,60.164705],[24.947709,60.164704],[24.947492,60.164698],[24.946993,60.164683]]]},"properties":{}},{"type":"Feature","geometry":{"type":"Polygon","coordinates":[[[24.946808,60.166018],[24.94734,60.166038],[24.947361,60.166039],[24.947604,60.166048],[24.947612,60.165987],[24.947631,60.165821],[24.947411,60.165815],[24.947401,60.165902],[24.947397,60.165937],[24.947375,60.165936],[24.947352,60.165936],[24.947356,60.165902],[24.94695,60.16589],[24.94696,60.165801],[24.946835,60.165798],[24.946808,60.166018]]]},"properties":{}},{"type":"Feature","geometry":{"type":"Polygon","coordinates":[[[24.946988,60.164777],[24.946967,60.164951],[24.946896,60.164949],[24.946888,60.165014],[24.946946,60.165015],[24.947251,60.165024],[24.947488,60.165031],[24.947725,60.165038],[24.947745,60.164875],[24.947754,60.1648],[24.947726,60.164799],[24.947489,60.164792],[24.94747,60.164952],[24.947298,60.164947],[24.947295,60.164968],[24.947222,60.164966],[24.947244,60.164785],[24.946988,60.164777]]]},"properties":{}},{"type":"Feature","geometry":{"type":"Polygon","coordinates":[[[24.946814,60.165089],[24.946801,60.165196],[24.946925,60.165199],[24.946916,60.165279],[24.947016,60.165282],[24.94723,60.165288],[24.947242,60.16519],[24.947467,60.165196],[24.947455,60.165295],[24.947694,60.165302],[24.947705,60.165206],[24.947709,60.165174],[24.947713,60.165139],[24.947725,60.165038],[24.947488,60.165031],[24.947478,60.165112],[24.947242,60.165105],[24.947251,60.165024],[24.946946,60.165015],[24.946936,60.165092],[24.946814,60.165089]]]},"properties":{}},{"type":"Feature","geometry":{"type":"Polygon","coordinates":[[[24.946035,60.165745],[24.946282,60.165753],[24.946311,60.165512],[24.946064,60.165504],[24.946037,60.165727],[24.946035,60.165745]]]},"properties":{}},{"type":"Feature","geometry":{"type":"Polygon","coordinates":[[[24.946412,60.164999],[24.946474,60.165001],[24.94678,60.16501],[24.946786,60.164957],[24.946419,60.164946],[24.946412,60.164999]]]},"properties":{}},{"type":"Feature","geometry":{"type":"Polygon","coordinates":[[[24.946125,60.164991],[24.946412,60.164999],[24.946419,60.164946],[24.946375,60.164945],[24.946408,60.164668],[24.946164,60.164661],[24.946125,60.164991]]]},"properties":{}},{"type":"Feature","geometry":{"type":"Polygon","coordinates":[[[24.946999,60.164639],[24.946993,60.164683],[24.947492,60.164698],[24.947502,60.164615],[24.947316,60.16461],[24.947312,60.164648],[24.946999,60.164639]]]},"properties":{}},{"type":"Feature","geometry":{"type":"Polygon","coordinates":[[[24.9466,60.165762],[24.946666,60.165764],[24.946686,60.165598],[24.946858,60.165603],[24.946863,60.165559],[24.946867,60.165528],[24.946587,60.16552],[24.946483,60.165517],[24.946454,60.165758],[24.9466,60.165762]]]},"properties":{}},{"type":"Feature","geometry":{"type":"Polygon","coordinates":[[[24.950453,60.165351],[24.950462,60.165255],[24.950326,60.165252],[24.950278,60.165281],[24.950268,60.165281],[24.950276,60.165191],[24.950247,60.16519],[24.950251,60.165154],[24.950295,60.165155],[24.950299,60.165114],[24.949888,60.165105],[24.949867,60.165338],[24.950184,60.165345],[24.950453,60.165351]]]},"properties":{}},{"type":"Feature","geometry":{"type":"Polygon","coordinates":[[[24.950562,60.165121],[24.950557,60.165175],[24.950958,60.165185],[24.950963,60.165131],[24.950562,60.165121]]]},"properties":{}},{"type":"Feature","geometry":{"type":"Polygon","coordinates":[[[24.950529,60.165471],[24.950516,60.165604],[24.950842,60.165612],[24.951183,60.165621],[24.951208,60.16537],[24.950954,60.165364],[24.950942,60.165482],[24.950529,60.165471]]]},"properties":{}},{"type":"Feature","geometry":{"type":"Polygon","coordinates":[[[24.950179,60.165396],[24.950391,60.165401],[24.950536,60.165404],[24.950541,60.165353],[24.950453,60.165351],[24.950184,60.165345],[24.950179,60.165396]]]},"properties":{}},{"type":"Feature","geometry":{"type":"Polygon","coordinates":[[[24.950572,60.16502],[24.950679,60.165023],[24.950974,60.16503],[24.950963,60.165131],[24.951232,60.165138],[24.951255,60.164905],[24.951245,60.164904],[24.950692,60.164891],[24.950585,60.164888],[24.950572,60.16502]]]},"properties":{}},{"type":"Feature","geometry":{"type":"Polygon","coordinates":[[[24.950299,60.165114],[24.950474,60.165119],[24.950562,60.165121],[24.950567,60.165067],[24.950461,60.165064],[24.950305,60.16506],[24.950299,60.165114]]]},"properties":{}},{"type":"Feature","geometry":{"type":"Polygon","coordinates":[[[24.950453,60.165351],[24.950541,60.165353],[24.950547,60.16529],[24.950557,60.165175],[24.950562,60.165121],[24.950474,60.165119],[24.950462,60.165255],[24.950453,60.165351]]]},"properties":{}},{"type":"Feature","geometry":{"type":"Polygon","coordinates":[[[24.950547,60.16529],[24.950942,60.1653],[24.950936,60.165363],[24.950954,60.165364],[24.951208,60.16537],[24.951232,60.165138],[24.950963,60.165131],[24.950958,60.165185],[24.950557,60.165175],[24.950547,60.16529]]]},"properties":{}},{"type":"Feature","geometry":{"type":"Polygon","coordinates":[[[24.946971,60.167073],[24.947518,60.167085],[24.947579,60.166398],[24.947131,60.166388],[24.946889,60.166383],[24.94677,60.16638],[24.946748,60.166624],[24.947226,60.166634],[24.947208,60.166842],[24.947166,60.166841],[24.947164,60.166862],[24.947193,60.166862],[24.94719,60.166901],[24.946987,60.166897],[24.946984,60.16693],[24.946971,60.167073]]]},"properties":{}},{"type":"Feature","geometry":{"type":"Polygon","coordinates":[[[24.949134,60.166594],[24.948766,60.166583],[24.948756,60.166668],[24.948907,60.166672],[24.949124,60.166678],[24.949134,60.166594]]]},"properties":{}},{"type":"Feature","geometry":{"type":"Polygon","coordinates":[[[24.949417,60.166686],[24.94942,60.16666],[24.949446,60.166436],[24.949153,60.166427],[24.949134,60.166594],[24.949124,60.166678],[24.949417,60.166686]]]},"properties":{}},{"type":"Feature","geometry":{"type":"Polygon","coordinates":[[[24.949366,60.167126],[24.949391,60.166909],[24.949417,60.166686],[24.949124,60.166678],[24.948907,60.166672],[24.948856,60.167117],[24.949355,60.167131],[24.949366,60.167126]]]},"properties":{}},{"type":"Feature","geometry":{"type":"Polygon","coordinates":[[[24.948956,60.166129],[24.949046,60.166132],[24.949051,60.166091],[24.94909,60.166077],[24.949112,60.165889],[24.948984,60.165886],[24.948956,60.166129]]]},"properties":{}},{"type":"Feature","geometry":{"type":"Polygon","coordinates":[[[24.947852,60.16639],[24.948595,60.166411],[24.948626,60.166145],[24.948337,60.166137],[24.948321,60.166274],[24.948163,60.166269],[24.948179,60.166132],[24.947883,60.166124],[24.947852,60.16639]]]},"properties":{}},{"type":"Feature","geometry":{"type":"Polygon","coordinates":[[[24.944469,60.166534],[24.944362,60.16658],[24.944466,60.166619],[24.944469,60.166534]]]},"properties":{}},{"type":"Feature","geometry":{"type":"Polygon","coordinates":[[[24.945411,60.166533],[24.94565,60.166538],[24.945702,60.166539],[24.945719,60.166347],[24.945428,60.166341],[24.945296,60.166338],[24.94517,60.166335],[24.945157,60.166476],[24.945153,60.166527],[24.945295,60.16653],[24.945411,60.166533]]]},"properties":{}},{"type":"Feature","geometry":{"type":"Polygon","coordinates":[[[24.945741,60.166108],[24.94575,60.166002],[24.945759,60.165892],[24.945721,60.165869],[24.945711,60.165869],[24.945214,60.165854],[24.945202,60.165988],[24.945288,60.16599],[24.945513,60.165994],[24.945503,60.166103],[24.945741,60.166108]]]},"properties":{}},{"type":"Feature","geometry":{"type":"Polygon","coordinates":[[[24.944572,60.166051],[24.944568,60.166093],[24.944563,60.166155],[24.944637,60.166156],[24.944803,60.16616],[24.945021,60.166165],[24.945185,60.166169],[24.945192,60.166096],[24.945195,60.166065],[24.944572,60.166051]]]},"properties":{}},{"type":"Feature","geometry":{"type":"Polygon","coordinates":[[[24.945394,60.171444],[24.94539,60.171473],[24.945365,60.171712],[24.945395,60.171713],[24.945695,60.171721],[24.945707,60.171613],[24.945729,60.171597],[24.945733,60.171565],[24.945713,60.171553],[24.945724,60.171453],[24.945394,60.171444]]]},"properties":{}},{"type":"Feature","geometry":{"type":"Polygon","coordinates":[[[24.946151,60.171065],[24.94599,60.171195],[24.946065,60.171219],[24.946275,60.171289],[24.946227,60.171327],[24.946224,60.171374],[24.946349,60.171385],[24.94635,60.171373],[24.946352,60.171341],[24.946553,60.1712],[24.946363,60.171134],[24.946151,60.171065]]]},"properties":{}},{"type":"Feature","geometry":{"type":"Polygon","coordinates":[[[24.94635,60.171373],[24.946385,60.171373],[24.946475,60.171349],[24.94671,60.171438],[24.946745,60.171438],[24.946817,60.171465],[24.947226,60.171473],[24.947154,60.171427],[24.946987,60.171361],[24.946806,60.17129],[24.946686,60.171247],[24.946553,60.1712],[24.946352,60.171341],[24.94635,60.171373]]]},"properties":{}},{"type":"Feature","geometry":{"type":"Polygon","coordinates":[[[24.94589,60.171457],[24.945894,60.171415],[24.945687,60.171409],[24.945718,60.171114],[24.945758,60.171115],[24.945777,60.171129],[24.945795,60.171152],[24.945974,60.171207],[24.94599,60.171195],[24.946151,60.171065],[24.946032,60.171025],[24.945649,60.17091],[24.945551,60.170907],[24.945549,60.170926],[24.945449,60.170924],[24.94543,60.1711],[24.945409,60.171297],[24.945403,60.17136],[24.945394,60.171444],[24.945724,60.171453],[24.94589,60.171457]]]},"properties":{}},{"type":"Feature","geometry":{"type":"Polygon","coordinates":[[[24.946218,60.171685],[24.946118,60.171688],[24.946117,60.171696],[24.946064,60.171695],[24.946057,60.171765],[24.946213,60.171769],[24.946218,60.171725],[24.946565,60.171735],[24.947343,60.171759],[24.947332,60.171651],[24.947292,60.171539],[24.947226,60.171473],[24.946817,60.171465],[24.946449,60.171455],[24.946452,60.171428],[24.946345,60.171426],[24.946348,60.171395],[24.946025,60.171386],[24.94604,60.171241],[24.946065,60.171219],[24.94599,60.171195],[24.945974,60.171207],[24.945911,60.17126],[24.945894,60.171415],[24.94589,60.171457],[24.946241,60.171466],[24.946224,60.171626],[24.946218,60.171685]]]},"properties":{}},{"type":"Feature","geometry":{"type":"Polygon","coordinates":[[[24.945996,60.171788],[24.946004,60.171729],[24.945695,60.171721],[24.945395,60.171713],[24.945365,60.171712],[24.945361,60.171748],[24.945338,60.171974],[24.945401,60.171976],[24.945891,60.171988],[24.945978,60.17199],[24.946232,60.171997],[24.946435,60.172002],[24.946532,60.172004],[24.946565,60.171735],[24.946218,60.171725],[24.946213,60.171769],[24.946057,60.171765],[24.946051,60.171809],[24.946128,60.171812],[24.946133,60.171776],[24.946166,60.171777],[24.946164,60.171794],[24.946306,60.171799],[24.9463,60.171848],[24.946144,60.171843],[24.946141,60.171868],[24.945993,60.171863],[24.945932,60.171861],[24.945931,60.171868],[24.945709,60.171861],[24.945715,60.171813],[24.945678,60.171811],[24.945683,60.171778],[24.945996,60.171788]]]},"properties":{}},{"type":"Feature","geometry":{"type":"Polygon","coordinates":[[[24.945695,60.171721],[24.946004,60.171729],[24.946019,60.171729],[24.94603,60.171621],[24.945707,60.171613],[24.945695,60.171721]]]},"properties":{}},{"type":"Feature","geometry":{"type":"Polygon","coordinates":[[[24.945707,60.171613],[24.94603,60.171621],[24.946224,60.171626],[24.946241,60.171466],[24.94589,60.171457],[24.945724,60.171453],[24.945713,60.171553],[24.945733,60.171565],[24.945729,60.171597],[24.945707,60.171613]]]},"properties":{}},{"type":"Feature","geometry":{"type":"Polygon","coordinates":[[[24.947384,60.178818],[24.947389,60.178771],[24.947506,60.178774],[24.947509,60.178743],[24.947579,60.178745],[24.947577,60.178772],[24.94766,60.178774],[24.947671,60.178666],[24.947682,60.178543],[24.947418,60.178537],[24.947418,60.178531],[24.947162,60.178524],[24.947162,60.178531],[24.947017,60.178528],[24.946992,60.178794],[24.947022,60.178794],[24.947007,60.178955],[24.948012,60.179067],[24.948051,60.179033],[24.948002,60.179019],[24.947951,60.179005],[24.947976,60.178983],[24.947384,60.178818]]]},"properties":{}},{"type":"Feature","geometry":{"type":"Polygon","coordinates":[[[24.947671,60.178666],[24.948182,60.178678],[24.948194,60.178555],[24.947682,60.178543],[24.947671,60.178666]]]},"properties":{}},{"type":"Feature","geometry":{"type":"Polygon","coordinates":[[[24.948165,60.178856],[24.948182,60.178678],[24.947671,60.178666],[24.94766,60.178774],[24.947654,60.178844],[24.948165,60.178856]]]},"properties":{}},{"type":"Feature","geometry":{"type":"Polygon","coordinates":[[[24.950594,60.177414],[24.950556,60.177413],[24.950387,60.177408],[24.950337,60.177407],[24.950318,60.17759],[24.95028,60.177958],[24.950277,60.177983],[24.951056,60.178004],[24.951607,60.178018],[24.951607,60.178012],[24.951644,60.177656],[24.951646,60.177637],[24.951647,60.177625],[24.951649,60.177609],[24.951651,60.177592],[24.951605,60.177591],[24.951394,60.177585],[24.95139,60.177618],[24.951378,60.177732],[24.950583,60.177711],[24.950595,60.177597],[24.950598,60.177568],[24.950895,60.177576],[24.950908,60.177456],[24.95061,60.177448],[24.950614,60.177414],[24.950594,60.177414]]]},"properties":{}},{"type":"Feature","geometry":{"type":"Polygon","coordinates":[[[24.949265,60.167386],[24.949237,60.167353],[24.949176,60.167365],[24.949203,60.167398],[24.949265,60.167386]]]},"properties":{}},{"type":"Feature","geometry":{"type":"Polygon","coordinates":[[[24.943484,60.166448],[24.943504,60.166455],[24.943601,60.166388],[24.943581,60.166381],[24.943562,60.166374],[24.943465,60.166442],[24.943484,60.166448]]]},"properties":{}},{"type":"Feature","geometry":{"type":"Polygon","coordinates":[[[24.945192,60.166096],[24.945278,60.166098],[24.945288,60.16599],[24.945202,60.165988],[24.945195,60.166065],[24.945192,60.166096]]]},"properties":{}},{"type":"Feature","geometry":{"type":"Polygon","coordinates":[[[24.951369,60.174801],[24.951366,60.17483],[24.951187,60.174825],[24.951164,60.175057],[24.951413,60.175063],[24.95142,60.174992],[24.951434,60.17485],[24.951458,60.174851],[24.951463,60.17481],[24.951491,60.174577],[24.95151,60.17442],[24.951248,60.174413],[24.9507,60.174397],[24.95064,60.174395],[24.950629,60.174532],[24.950674,60.174566],[24.950782,60.174654],[24.950722,60.174672],[24.950662,60.17469],[24.950614,60.174654],[24.950561,60.1751],[24.950609,60.175101],[24.950988,60.175112],[24.951027,60.175114],[24.951057,60.175058],[24.951013,60.175053],[24.950811,60.175021],[24.950942,60.174744],[24.951199,60.174778],[24.95131,60.174793],[24.951369,60.174801]]]},"properties":{}},{"type":"Feature","geometry":{"type":"Polygon","coordinates":[[[24.947692,60.171508],[24.947969,60.171515],[24.948633,60.171533],[24.948907,60.17154],[24.948925,60.171378],[24.948934,60.171297],[24.948321,60.17128],[24.948352,60.170997],[24.947951,60.170986],[24.947689,60.170979],[24.947664,60.171235],[24.947659,60.171315],[24.947663,60.171374],[24.947671,60.17144],[24.947692,60.171508]]]},"properties":{}},{"type":"Feature","geometry":{"type":"Polygon","coordinates":[[[24.949275,60.165549],[24.949266,60.165546],[24.949255,60.165545],[24.949244,60.165547],[24.949236,60.16555],[24.949231,60.165555],[24.94923,60.16556],[24.949233,60.165566],[24.94924,60.16557],[24.949249,60.165573],[24.94926,60.165573],[24.949271,60.165571],[24.949279,60.165568],[24.949284,60.165563],[24.949285,60.165558],[24.949282,60.165553],[24.949275,60.165549]]]},"properties":{}},{"type":"Feature","geometry":{"type":"Polygon","coordinates":[[[24.948229,60.165514],[24.948219,60.165512],[24.948208,60.165511],[24.948198,60.165513],[24.948189,60.165516],[24.948184,60.165521],[24.948183,60.165526],[24.948186,60.165532],[24.948193,60.165536],[24.948203,60.165538],[24.948213,60.165539],[24.948224,60.165537],[24.948232,60.165534],[24.948238,60.165529],[24.948239,60.165524],[24.948235,60.165519],[24.948229,60.165514]]]},"properties":{}},{"type":"Feature","geometry":{"type":"Polygon","coordinates":[[[24.948727,60.165543],[24.948784,60.165544],[24.948785,60.165534],[24.948728,60.165533],[24.948727,60.165543]]]},"properties":{}},{"type":"Feature","geometry":{"type":"Polygon","coordinates":[[[24.94957,60.165208],[24.949576,60.165158],[24.949489,60.165155],[24.949483,60.165206],[24.94957,60.165208]]]},"properties":{}},{"type":"Feature","geometry":{"type":"Polygon","coordinates":[[[24.946261,60.178086],[24.946443,60.178092],[24.946712,60.178097],[24.946757,60.177882],[24.946762,60.177858],[24.946541,60.177849],[24.946505,60.177848],[24.946483,60.177985],[24.946456,60.177985],[24.94645,60.178034],[24.946401,60.178032],[24.94637,60.178018],[24.946374,60.177959],[24.946278,60.177957],[24.946261,60.178086]]]},"properties":{}},{"type":"Feature","geometry":{"type":"Polygon","coordinates":[[[24.945295,60.16653],[24.945153,60.166527],[24.945142,60.166643],[24.945193,60.166644],[24.945192,60.166657],[24.945284,60.166659],[24.945295,60.16653]]]},"properties":{}},{"type":"Feature","geometry":{"type":"Polygon","coordinates":[[[24.946961,60.170151],[24.946735,60.170146],[24.94673,60.170198],[24.946707,60.170198],[24.946687,60.17041],[24.946917,60.170415],[24.947014,60.170418],[24.947015,60.17041],[24.94721,60.170414],[24.947213,60.17036],[24.947147,60.170359],[24.947146,60.170375],[24.947099,60.170374],[24.9471,60.170358],[24.947018,60.170356],[24.947017,60.170376],[24.946963,60.170375],[24.946962,60.170388],[24.946919,60.170387],[24.946923,60.170343],[24.946944,60.170343],[24.946947,60.170306],[24.946926,60.170306],[24.946929,60.170273],[24.94695,60.170273],[24.946961,60.170151]]]},"properties":{}},{"type":"Feature","geometry":{"type":"Polygon","coordinates":[[[24.946451,60.17014],[24.946202,60.170133],[24.946199,60.17016],[24.946226,60.17016],[24.946223,60.170182],[24.946196,60.170182],[24.946181,60.170322],[24.946211,60.170322],[24.946206,60.170372],[24.946175,60.170371],[24.946172,60.170396],[24.946466,60.170404],[24.946469,60.170379],[24.946425,60.170378],[24.94643,60.170335],[24.946451,60.170336],[24.946455,60.170296],[24.946434,60.170296],[24.946437,60.170263],[24.946458,60.170264],[24.946469,60.170167],[24.946448,60.170166],[24.946451,60.17014]]]},"properties":{}},{"type":"Feature","geometry":{"type":"Polygon","coordinates":[[[24.935924,60.169503],[24.935872,60.169496],[24.935835,60.169489],[24.935803,60.169481],[24.935775,60.169472],[24.935753,60.16946],[24.935743,60.169451],[24.93574,60.16944],[24.935744,60.169431],[24.935751,60.16942],[24.935768,60.169409],[24.935803,60.1694],[24.935847,60.169392],[24.935911,60.169386],[24.93596,60.169386],[24.93599,60.169388],[24.936032,60.169396],[24.936062,60.169407],[24.936084,60.169419],[24.936097,60.169433],[24.936098,60.169446],[24.936095,60.169462],[24.936086,60.169475],[24.936064,60.16949],[24.936034,60.1695],[24.935983,60.169505],[24.935924,60.169503]]]},"properties":{}},{"type":"Feature","geometry":{"type":"Polygon","coordinates":[[[24.947776,60.169926],[24.947724,60.169924],[24.947697,60.169923],[24.94767,60.170127],[24.947749,60.17013],[24.947776,60.169926]]]},"properties":{}},{"type":"Feature","geometry":{"type":"Polygon","coordinates":[[[24.937691,60.175247],[24.937707,60.175081],[24.937708,60.175076],[24.938189,60.175088],[24.938188,60.175117],[24.938244,60.175118],[24.938363,60.175121],[24.938465,60.175124],[24.938516,60.175125],[24.938531,60.17511],[24.938559,60.175097],[24.938584,60.175086],[24.93862,60.17508],[24.938658,60.175077],[24.938695,60.17508],[24.938742,60.174635],[24.93913,60.174644],[24.939205,60.174647],[24.939285,60.174649],[24.939252,60.174983],[24.939221,60.175285],[24.939118,60.175283],[24.938598,60.17527],[24.938451,60.175266],[24.938349,60.175263],[24.938229,60.17526],[24.938174,60.175259],[24.938128,60.175258],[24.937713,60.175247],[24.937691,60.175247]]]},"properties":{}},{"type":"Feature","geometry":{"type":"Polygon","coordinates":[[[24.940402,60.169706],[24.940404,60.169685],[24.940423,60.169685],[24.940441,60.169491],[24.940408,60.169466],[24.940407,60.169443],[24.940449,60.169431],[24.940462,60.16943],[24.940478,60.169426],[24.940488,60.16942],[24.940496,60.169412],[24.9405,60.169403],[24.940499,60.169393],[24.940495,60.169387],[24.940489,60.169383],[24.940483,60.169379],[24.940468,60.169373],[24.940452,60.169371],[24.940455,60.169304],[24.940344,60.169302],[24.940318,60.169301],[24.940216,60.169299],[24.94012,60.169296],[24.940067,60.169295],[24.940059,60.169285],[24.940013,60.169285],[24.940004,60.169292],[24.939975,60.169292],[24.939975,60.169297],[24.939953,60.169297],[24.939933,60.169301],[24.939918,60.169304],[24.9399,60.169311],[24.939882,60.169319],[24.939874,60.169316],[24.93979,60.169356],[24.939609,60.169479],[24.939457,60.169582],[24.939313,60.16968],[24.939905,60.169696],[24.940177,60.169701],[24.940402,60.169706]]]},"properties":{}},{"type":"Feature","geometry":{"type":"Polygon","coordinates":[[[24.944498,60.169781],[24.944496,60.169808],[24.944772,60.169815],[24.944772,60.169811],[24.944779,60.169811],[24.944786,60.169809],[24.944792,60.169806],[24.944795,60.169802],[24.944796,60.169797],[24.944793,60.169793],[24.944787,60.169791],[24.944777,60.169787],[24.944498,60.169781]]]},"properties":{}},{"type":"Feature","geometry":{"type":"Polygon","coordinates":[[[24.94342,60.169779],[24.943695,60.169785],[24.943696,60.169759],[24.943414,60.169751],[24.943406,60.169753],[24.943401,60.169755],[24.943398,60.169758],[24.943396,60.169761],[24.943397,60.169765],[24.9434,60.169768],[24.943404,60.169771],[24.943411,60.169773],[24.943417,60.169775],[24.943416,60.169779],[24.94342,60.169779]]]},"properties":{}},{"type":"Feature","geometry":{"type":"Polygon","coordinates":[[[24.952167,60.170317],[24.952133,60.17032],[24.952102,60.170328],[24.952076,60.17034],[24.952058,60.170355],[24.95205,60.170372],[24.952052,60.17039],[24.952063,60.170407],[24.952084,60.170421],[24.952112,60.170432],[24.952145,60.170439],[24.95218,60.17044],[24.952215,60.170437],[24.952246,60.170429],[24.952271,60.170417],[24.952289,60.170401],[24.952297,60.170384],[24.952295,60.170367],[24.952284,60.17035],[24.952263,60.170336],[24.952235,60.170325],[24.952202,60.170319],[24.952167,60.170317]]]},"properties":{}},{"type":"Feature","geometry":{"type":"Polygon","coordinates":[[[24.95218,60.170451],[24.952139,60.170449],[24.9521,60.170441],[24.952067,60.170428],[24.952043,60.170411],[24.95203,60.170392],[24.952028,60.170371],[24.952037,60.170351],[24.952058,60.170333],[24.952088,60.170319],[24.952125,60.170309],[24.952166,60.170305],[24.952208,60.170307],[24.952246,60.170315],[24.952279,60.170328],[24.952303,60.170345],[24.952317,60.170364],[24.952319,60.170385],[24.952309,60.170405],[24.952288,60.170423],[24.952258,60.170437],[24.952221,60.170447],[24.95218,60.170451]]]},"properties":{}},{"type":"Feature","geometry":{"type":"Polygon","coordinates":[[[24.951898,60.170245],[24.951901,60.170238],[24.951908,60.170233],[24.951919,60.170228],[24.951932,60.170226],[24.951945,60.170226],[24.951958,60.170229],[24.951968,60.170233],[24.951975,60.170239],[24.951977,60.170246],[24.951974,60.170253],[24.951967,60.170259],[24.951956,60.170263],[24.951943,60.170265],[24.95193,60.170265],[24.951917,60.170262],[24.951907,60.170258],[24.9519,60.170252],[24.951898,60.170245]]]},"properties":{}},{"type":"Feature","geometry":{"type":"Polygon","coordinates":[[[24.952453,60.170513],[24.952448,60.170519],[24.95244,60.170525],[24.952428,60.170529],[24.952415,60.17053],[24.952401,60.170529],[24.952389,60.170526],[24.952379,60.170521],[24.952374,60.170515],[24.952373,60.170508],[24.952377,60.170501],[24.952386,60.170496],[24.952398,60.170492],[24.952411,60.17049],[24.952425,60.170491],[24.952437,60.170495],[24.952447,60.1705],[24.952452,60.170506],[24.952453,60.170513]]]},"properties":{}},{"type":"Feature","geometry":{"type":"Polygon","coordinates":[[[24.952418,60.170242],[24.952407,60.170247],[24.952401,60.170254],[24.952399,60.170261],[24.952403,60.170268],[24.952412,60.170274],[24.952425,60.170278],[24.952439,60.170279],[24.952454,60.170278],[24.952466,60.170274],[24.952475,60.170268],[24.952479,60.170261],[24.952478,60.170254],[24.952471,60.170247],[24.95246,60.170243],[24.952447,60.17024],[24.952432,60.17024],[24.952418,60.170242]]]},"properties":{}},{"type":"Feature","geometry":{"type":"Polygon","coordinates":[[[24.951876,60.17049],[24.951883,60.170485],[24.951894,60.170481],[24.951907,60.170479],[24.95192,60.17048],[24.951932,60.170482],[24.951941,60.170487],[24.951946,60.170494],[24.951946,60.1705],[24.951942,60.170507],[24.951932,60.170512],[24.95192,60.170515],[24.951907,60.170515],[24.951894,60.170513],[24.951883,60.170509],[24.951876,60.170504],[24.951874,60.170497],[24.951876,60.17049]]]},"properties":{}},{"type":"Feature","geometry":{"type":"Polygon","coordinates":[[[24.948993,60.178077],[24.948998,60.177911],[24.94853,60.177897],[24.947927,60.177878],[24.947918,60.177946],[24.947843,60.177944],[24.947782,60.177942],[24.94777,60.178039],[24.947831,60.178041],[24.947892,60.178043],[24.94895,60.178076],[24.948993,60.178077]]]},"properties":{}},{"type":"Feature","geometry":{"type":"Polygon","coordinates":[[[24.951992,60.179018],[24.951993,60.178962],[24.952068,60.178962],[24.952066,60.179018],[24.951992,60.179018]]]},"properties":{}},{"type":"Feature","geometry":{"type":"Polygon","coordinates":[[[24.938841,60.174274],[24.93884,60.174267],[24.938843,60.17426],[24.938915,60.174162],[24.93889,60.17386],[24.938897,60.173851],[24.939216,60.173642],[24.939229,60.17363],[24.939229,60.173622],[24.939223,60.173613],[24.939209,60.173604],[24.939097,60.173566],[24.939012,60.173537],[24.939005,60.173531],[24.939001,60.173524],[24.938999,60.173516],[24.939056,60.173299],[24.938955,60.173177],[24.938952,60.173168],[24.938953,60.173158],[24.938958,60.173149],[24.939171,60.173015],[24.939236,60.173042],[24.939449,60.173047],[24.939439,60.173141],[24.939429,60.17324],[24.93938,60.173716],[24.939336,60.174146],[24.939311,60.174389],[24.9391,60.174384],[24.939036,60.174408],[24.938848,60.174283],[24.938841,60.174274]]]},"properties":{}},{"type":"Feature","geometry":{"type":"Polygon","coordinates":[[[24.9441,60.169321],[24.944086,60.16932],[24.944079,60.169387],[24.944064,60.169532],[24.944062,60.169549],[24.944045,60.169711],[24.944242,60.169716],[24.944823,60.169731],[24.945114,60.169739],[24.945144,60.169739],[24.945198,60.169741],[24.945224,60.169525],[24.945231,60.169454],[24.945242,60.16935],[24.944928,60.169342],[24.944798,60.169339],[24.9441,60.169321]]]},"properties":{}},{"type":"Feature","geometry":{"type":"Polygon","coordinates":[[[24.943045,60.169361],[24.943033,60.169477],[24.943023,60.169568],[24.943022,60.169584],[24.943016,60.16964],[24.943186,60.169644],[24.943362,60.169649],[24.94339,60.169649],[24.943389,60.169657],[24.943385,60.169692],[24.944045,60.169711],[24.944062,60.169549],[24.944064,60.169532],[24.944079,60.169387],[24.943206,60.169365],[24.943045,60.169361]]]},"properties":{}},{"type":"Feature","geometry":{"type":"Polygon","coordinates":[[[24.938147,60.168794],[24.937816,60.169005],[24.937966,60.169067],[24.937721,60.169232],[24.937555,60.169173],[24.937492,60.169219],[24.937317,60.169334],[24.937545,60.169417],[24.937633,60.169449],[24.937881,60.169539],[24.938161,60.16964],[24.938211,60.169658],[24.93828,60.169683],[24.938296,60.169655],[24.938986,60.1692],[24.939081,60.169134],[24.938147,60.168794]]]},"properties":{}},{"type":"Feature","geometry":{"type":"Polygon","coordinates":[[[24.93878,60.168138],[24.938569,60.168282],[24.939182,60.1685],[24.9393,60.168421],[24.93946,60.168313],[24.939487,60.168293],[24.939384,60.168256],[24.939295,60.168318],[24.939111,60.168249],[24.939015,60.168217],[24.939048,60.168193],[24.939097,60.168158],[24.938867,60.168078],[24.93882,60.16811],[24.93878,60.168138]]]},"properties":{}},{"type":"Feature","geometry":{"type":"Polygon","coordinates":[[[24.937486,60.168201],[24.9377,60.168276],[24.93776,60.168234],[24.938006,60.168322],[24.938169,60.168209],[24.938186,60.168197],[24.937953,60.168114],[24.938049,60.168047],[24.938284,60.168131],[24.938447,60.168017],[24.937994,60.167853],[24.937486,60.168201]]]},"properties":{}},{"type":"Feature","geometry":{"type":"Polygon","coordinates":[[[24.936831,60.169159],[24.937317,60.169334],[24.937492,60.169219],[24.937319,60.169157],[24.937435,60.169077],[24.937514,60.169106],[24.937657,60.169008],[24.937753,60.169042],[24.937816,60.169005],[24.937501,60.168891],[24.937319,60.168825],[24.937046,60.169012],[24.936965,60.169067],[24.936831,60.169159]]]},"properties":{}},{"type":"Feature","geometry":{"type":"Polygon","coordinates":[[[24.939719,60.168698],[24.940372,60.168252],[24.940059,60.168139],[24.939886,60.168076],[24.939912,60.168058],[24.93986,60.168039],[24.939655,60.168175],[24.939975,60.168295],[24.939772,60.168429],[24.93946,60.168313],[24.9393,60.168421],[24.9396,60.168532],[24.939481,60.168611],[24.939719,60.168698]]]},"properties":{}},{"type":"Feature","geometry":{"type":"Polygon","coordinates":[[[24.937035,60.168722],[24.937072,60.168697],[24.937109,60.168671],[24.937575,60.168841],[24.9378,60.168688],[24.938062,60.16851],[24.93773,60.168389],[24.9376,60.168479],[24.937704,60.168517],[24.937501,60.168655],[24.937396,60.168617],[24.937453,60.168577],[24.93737,60.168547],[24.937421,60.168516],[24.937162,60.168423],[24.93687,60.168622],[24.936846,60.168639],[24.936831,60.168649],[24.937035,60.168722]]]},"properties":{}},{"type":"Feature","geometry":{"type":"Polygon","coordinates":[[[24.93878,60.168138],[24.938725,60.168118],[24.938542,60.168051],[24.938447,60.168017],[24.938284,60.168131],[24.938519,60.168216],[24.938428,60.168277],[24.938308,60.168232],[24.938281,60.16825],[24.938169,60.168209],[24.938006,60.168322],[24.938107,60.16837],[24.938056,60.168404],[24.938166,60.168445],[24.938204,60.168459],[24.938485,60.168565],[24.938765,60.168666],[24.938856,60.168699],[24.939165,60.168811],[24.939235,60.168837],[24.93942,60.168904],[24.939719,60.168698],[24.939481,60.168611],[24.939182,60.1685],[24.938569,60.168282],[24.93878,60.168138]]]},"properties":{}},{"type":"Feature","geometry":{"type":"Polygon","coordinates":[[[24.939248,60.167818],[24.939232,60.167828],[24.938867,60.168078],[24.939097,60.168158],[24.939384,60.168256],[24.939487,60.168293],[24.939655,60.168175],[24.93986,60.168039],[24.939248,60.167818]]]},"properties":{}},{"type":"Feature","geometry":{"type":"Polygon","coordinates":[[[24.936343,60.168982],[24.936586,60.16907],[24.936831,60.169159],[24.936965,60.169067],[24.937046,60.169012],[24.937319,60.168825],[24.937035,60.168722],[24.936831,60.168649],[24.936343,60.168982]]]},"properties":{}},{"type":"Feature","geometry":{"type":"Polygon","coordinates":[[[24.937162,60.168423],[24.937421,60.168516],[24.937518,60.168449],[24.9376,60.168479],[24.93773,60.168389],[24.937758,60.16837],[24.937628,60.168323],[24.937662,60.168301],[24.9377,60.168276],[24.937486,60.168201],[24.937471,60.168211],[24.93745,60.168226],[24.937162,60.168423]]]},"properties":{}},{"type":"Feature","geometry":{"type":"Polygon","coordinates":[[[24.939081,60.169134],[24.939386,60.168927],[24.93942,60.168904],[24.939165,60.168811],[24.939017,60.168912],[24.938617,60.168766],[24.938765,60.168666],[24.938485,60.168565],[24.938317,60.168679],[24.938147,60.168794],[24.939081,60.169134]]]},"properties":{}},{"type":"Feature","geometry":{"type":"Polygon","coordinates":[[[24.944681,60.171047],[24.944762,60.171049],[24.944769,60.170995],[24.944688,60.170992],[24.944681,60.171047]]]},"properties":{}},{"type":"Feature","geometry":{"type":"Polygon","coordinates":[[[24.950888,60.168339],[24.950701,60.168334],[24.950394,60.168327],[24.950216,60.168321],[24.950209,60.16838],[24.950635,60.168391],[24.950637,60.168386],[24.950883,60.168392],[24.950888,60.168339]]]},"properties":{}},{"type":"Feature","geometry":{"type":"Polygon","coordinates":[[[24.938185,60.170008],[24.938202,60.170014],[24.938285,60.169961],[24.93825,60.169947],[24.938167,60.170001],[24.938185,60.170008]]]},"properties":{}},{"type":"Feature","geometry":{"type":"Polygon","coordinates":[[[24.942434,60.172959],[24.942404,60.172959],[24.942398,60.173013],[24.942439,60.173014],[24.94268,60.17302],[24.942996,60.173029],[24.943,60.172998],[24.943002,60.172975],[24.942711,60.172967],[24.942434,60.172959]]]},"properties":{}},{"type":"Feature","geometry":{"type":"Polygon","coordinates":[[[24.938429,60.176187],[24.938885,60.176181],[24.938878,60.176222],[24.939128,60.176179],[24.939193,60.17553],[24.93917,60.17553],[24.939036,60.175528],[24.938546,60.17552],[24.938533,60.175669],[24.93871,60.175674],[24.93874,60.175993],[24.938439,60.176038],[24.938429,60.176187]]]},"properties":{}},{"type":"Feature","geometry":{"type":"Polygon","coordinates":[[[24.938546,60.17552],[24.938322,60.175517],[24.938207,60.175515],[24.938136,60.175514],[24.938124,60.175658],[24.938188,60.17566],[24.938307,60.175663],[24.93844,60.175666],[24.938533,60.175669],[24.938546,60.17552]]]},"properties":{}},{"type":"Feature","geometry":{"type":"Polygon","coordinates":[[[24.938119,60.176052],[24.938268,60.17605],[24.938387,60.176048],[24.938439,60.176038],[24.938429,60.176187],[24.938253,60.176189],[24.93812,60.17619],[24.938119,60.176052]]]},"properties":{}},{"type":"Feature","geometry":{"type":"Polygon","coordinates":[[[24.938119,60.176052],[24.938114,60.176019],[24.937674,60.176027],[24.937676,60.176181],[24.938088,60.176189],[24.93812,60.17619],[24.938119,60.176052]]]},"properties":{}},{"type":"Feature","geometry":{"type":"Polygon","coordinates":[[[24.938136,60.175514],[24.938124,60.175658],[24.937632,60.175645],[24.937641,60.175505],[24.937642,60.175486],[24.938053,60.175488],[24.938139,60.175488],[24.938136,60.175514]]]},"properties":{}},{"type":"Feature","geometry":{"type":"Polygon","coordinates":[[[24.938043,60.176644],[24.938056,60.176516],[24.938032,60.176502],[24.938034,60.176474],[24.937631,60.176465],[24.937609,60.17663],[24.937863,60.176625],[24.938043,60.176644]]]},"properties":{}},{"type":"Feature","geometry":{"type":"Polygon","coordinates":[[[24.938339,60.176523],[24.938203,60.176519],[24.938056,60.176516],[24.938043,60.176644],[24.938189,60.176647],[24.938326,60.176651],[24.938339,60.176523]]]},"properties":{}},{"type":"Feature","geometry":{"type":"Polygon","coordinates":[[[24.939081,60.176526],[24.938339,60.176523],[24.938326,60.176651],[24.938316,60.176669],[24.938544,60.176698],[24.938494,60.176842],[24.938608,60.177053],[24.938507,60.177071],[24.938457,60.177051],[24.938222,60.177115],[24.938066,60.177129],[24.938143,60.177266],[24.938405,60.177221],[24.939016,60.177172],[24.939081,60.176526]]]},"properties":{}},{"type":"Feature","geometry":{"type":"Polygon","coordinates":[[[24.951659,60.170365],[24.951648,60.170469],[24.951774,60.170472],[24.951868,60.170474],[24.951864,60.170518],[24.951952,60.170521],[24.951947,60.170568],[24.95194,60.170631],[24.952147,60.170636],[24.952353,60.170642],[24.952359,60.170579],[24.952364,60.170531],[24.952459,60.170533],[24.952464,60.17049],[24.95256,60.170492],[24.952684,60.170496],[24.952706,60.170288],[24.952581,60.170285],[24.952485,60.170282],[24.952489,60.170237],[24.952395,60.170235],[24.9524,60.170191],[24.952407,60.170125],[24.952201,60.17012],[24.951994,60.170114],[24.951987,60.170181],[24.951983,60.170224],[24.951894,60.170222],[24.951889,60.170267],[24.951795,60.170265],[24.95167,60.170261],[24.951659,60.170365]]]},"properties":{}},{"type":"Feature","geometry":{"type":"Polygon","coordinates":[[[24.952615,60.178485],[24.952615,60.178509],[24.952691,60.178509],[24.952693,60.178485],[24.952615,60.178485]]]},"properties":{}},{"type":"Feature","geometry":{"type":"Polygon","coordinates":[[[24.948136,60.173546],[24.948044,60.173542],[24.948008,60.173507],[24.947924,60.173504],[24.947882,60.173459],[24.948063,60.173465],[24.948136,60.173546]]]},"properties":{}},{"type":"Feature","geometry":{"type":"Polygon","coordinates":[[[24.953266,60.166667],[24.953263,60.166703],[24.953213,60.166702],[24.953216,60.166666],[24.953266,60.166667]]]},"properties":{}},{"type":"Feature","geometry":{"type":"Polygon","coordinates":[[[24.94955,60.17567],[24.949481,60.175676],[24.949473,60.175654],[24.949542,60.175647],[24.94955,60.17567]]]},"properties":{}},{"type":"Feature","geometry":{"type":"Polygon","coordinates":[[[24.949562,60.173179],[24.949511,60.173178],[24.949514,60.173155],[24.949564,60.173156],[24.949562,60.173179]]]},"properties":{}},{"type":"Feature","geometry":{"type":"Polygon","coordinates":[[[24.944651,60.17167],[24.944649,60.171706],[24.94461,60.171705],[24.944613,60.171669],[24.944651,60.17167]]]},"properties":{}},{"type":"Feature","geometry":{"type":"Polygon","coordinates":[[[24.935253,60.172325],[24.935287,60.172333],[24.935324,60.172292],[24.93529,60.172284],[24.935253,60.172325]]]},"properties":{}},{"type":"Feature","geometry":{"type":"Polygon","coordinates":[[[24.941524,60.173099],[24.941545,60.173099],[24.941564,60.1731],[24.941574,60.173024],[24.941554,60.173023],[24.941533,60.173022],[24.941524,60.173099]]]},"properties":{}},{"type":"Feature","geometry":{"type":"Polygon","coordinates":[[[24.941234,60.173093],[24.941255,60.173093],[24.941275,60.173094],[24.941283,60.173018],[24.941264,60.173017],[24.941242,60.173017],[24.941234,60.173093]]]},"properties":{}},{"type":"Feature","geometry":{"type":"Polygon","coordinates":[[[24.940956,60.173007],[24.940976,60.173007],[24.940998,60.173008],[24.941004,60.172932],[24.940983,60.172932],[24.940962,60.172931],[24.940956,60.173007]]]},"properties":{}},{"type":"Feature","geometry":{"type":"Polygon","coordinates":[[[24.941547,60.172932],[24.941566,60.172933],[24.941584,60.172933],[24.941585,60.172914],[24.941568,60.172913],[24.941549,60.172913],[24.941547,60.172932]]]},"properties":{}},{"type":"Feature","geometry":{"type":"Polygon","coordinates":[[[24.941261,60.172894],[24.94128,60.172894],[24.941297,60.172895],[24.941299,60.172875],[24.941282,60.172875],[24.941263,60.172875],[24.941261,60.172894]]]},"properties":{}},{"type":"Feature","geometry":{"type":"Polygon","coordinates":[[[24.940979,60.172859],[24.940998,60.172859],[24.941015,60.172859],[24.941016,60.17284],[24.941,60.17284],[24.94098,60.17284],[24.940979,60.172859]]]},"properties":{}},{"type":"Feature","geometry":{"type":"Polygon","coordinates":[[[24.942055,60.172956],[24.94192,60.172954],[24.941923,60.172922],[24.942057,60.172925],[24.942056,60.172941],[24.942055,60.172956]]]},"properties":{}},{"type":"Feature","geometry":{"type":"Polygon","coordinates":[[[24.947883,60.166124],[24.947935,60.16567],[24.948479,60.165686],[24.949008,60.165701],[24.948984,60.165886],[24.948956,60.166129],[24.948953,60.166154],[24.948856,60.166152],[24.948706,60.166147],[24.948626,60.166145],[24.948337,60.166137],[24.948179,60.166132],[24.947883,60.166124]]]},"properties":{}},{"type":"Feature","geometry":{"type":"Polygon","coordinates":[[[24.95221,60.17328],[24.952619,60.173289],[24.952613,60.173358],[24.952204,60.173349],[24.95221,60.17328]]]},"properties":{}},{"type":"Feature","geometry":{"type":"Polygon","coordinates":[[[24.947548,60.171061],[24.947571,60.171062],[24.947559,60.171182],[24.947508,60.17118],[24.947519,60.171061],[24.947548,60.171061]]]},"properties":{}},{"type":"Feature","geometry":{"type":"Polygon","coordinates":[[[24.937714,60.174343],[24.937798,60.173533],[24.937853,60.172999],[24.937584,60.173431],[24.937568,60.173459],[24.937557,60.17348],[24.937551,60.173504],[24.937548,60.173524],[24.937549,60.173551],[24.937554,60.173578],[24.937714,60.174343]]]},"properties":{}},{"type":"Feature","geometry":{"type":"Polygon","coordinates":[[[24.946127,60.168135],[24.946125,60.168164],[24.946139,60.168192],[24.946169,60.168217],[24.946212,60.168237],[24.946264,60.16825],[24.946322,60.168255],[24.94638,60.168251],[24.946434,60.16824],[24.946479,60.168222],[24.946512,60.168198],[24.94653,60.16817],[24.946532,60.168141],[24.946517,60.168113],[24.946487,60.168089],[24.946444,60.168069],[24.946392,60.168056],[24.946335,60.168051],[24.946277,60.168054],[24.946223,60.168065],[24.946178,60.168084],[24.946145,60.168107],[24.946127,60.168135]]]},"properties":{}},{"type":"Feature","geometry":{"type":"Polygon","coordinates":[[[24.943996,60.168521],[24.943987,60.168617],[24.943982,60.168671],[24.943971,60.168779],[24.944696,60.168798],[24.944715,60.168636],[24.944717,60.168613],[24.944737,60.168411],[24.944644,60.16841],[24.944651,60.168339],[24.94425,60.168329],[24.944246,60.168365],[24.944011,60.168359],[24.943996,60.168521]]]},"properties":{}},{"type":"Feature","geometry":{"type":"Polygon","coordinates":[[[24.944384,60.173917],[24.944379,60.173955],[24.944484,60.173955],[24.94449,60.173923],[24.944384,60.173917]]]},"properties":{}},{"type":"Feature","geometry":{"type":"Polygon","coordinates":[[[24.94236,60.170763],[24.942355,60.170819],[24.94244,60.170821],[24.942445,60.170765],[24.94236,60.170763]]]},"properties":{}},{"type":"Feature","geometry":{"type":"Polygon","coordinates":[[[24.942653,60.176648],[24.942585,60.176679],[24.942704,60.176744],[24.942772,60.176713],[24.942653,60.176648]]]},"properties":{}},{"type":"Feature","geometry":{"type":"Polygon","coordinates":[[[24.948708,60.173762],[24.948654,60.173715],[24.948575,60.173738],[24.948629,60.173784],[24.948708,60.173762]]]},"properties":{}},{"type":"Feature","geometry":{"type":"Polygon","coordinates":[[[24.948834,60.174346],[24.947914,60.174317],[24.947644,60.174309],[24.94763,60.17442],[24.949029,60.174463],[24.949079,60.174062],[24.947951,60.174028],[24.947945,60.174068],[24.947936,60.17414],[24.948856,60.174169],[24.948834,60.174346]]]},"properties":{}},{"type":"Feature","geometry":{"type":"Polygon","coordinates":[[[24.938404,60.173198],[24.938213,60.17313],[24.937853,60.172999],[24.937798,60.173533],[24.937714,60.174343],[24.93829,60.174357],[24.938404,60.173198]]]},"properties":{}},{"type":"Feature","geometry":{"type":"Polygon","coordinates":[[[24.935747,60.171957],[24.935727,60.171952],[24.935663,60.17202],[24.935683,60.172024],[24.935747,60.171957]]]},"properties":{}},{"type":"Feature","geometry":{"type":"Polygon","coordinates":[[[24.935986,60.16925],[24.935914,60.169223],[24.935807,60.169293],[24.935878,60.16932],[24.935986,60.16925]]]},"properties":{}},{"type":"Feature","geometry":{"type":"Polygon","coordinates":[[[24.952794,60.17026],[24.952782,60.17035],[24.952915,60.170355],[24.952925,60.170285],[24.952928,60.170263],[24.952794,60.17026]]]},"properties":{}},{"type":"Feature","geometry":{"type":"Polygon","coordinates":[[[24.94831,60.164822],[24.9483,60.16482],[24.94829,60.164819],[24.948279,60.164821],[24.948271,60.164824],[24.948266,60.164829],[24.948265,60.164834],[24.948268,60.164839],[24.948275,60.164844],[24.948284,60.164846],[24.948295,60.164847],[24.948305,60.164845],[24.948314,60.164842],[24.948319,60.164837],[24.94832,60.164832],[24.948317,60.164827],[24.94831,60.164822]]]},"properties":{}},{"type":"Feature","geometry":{"type":"Polygon","coordinates":[[[24.948447,60.175572],[24.948209,60.175582],[24.948213,60.175605],[24.948451,60.175595],[24.948447,60.175572]]]},"properties":{}},{"type":"Feature","geometry":{"type":"Polygon","coordinates":[[[24.944331,60.174432],[24.944235,60.174429],[24.944223,60.174542],[24.944318,60.174545],[24.944331,60.174432]]]},"properties":{}},{"type":"Feature","geometry":{"type":"Polygon","coordinates":[[[24.942986,60.172481],[24.94295,60.172829],[24.942914,60.172828],[24.942912,60.172852],[24.942947,60.172853],[24.942946,60.172864],[24.943237,60.172871],[24.943248,60.172872],[24.943249,60.172862],[24.943333,60.17206],[24.943334,60.172054],[24.943244,60.172052],[24.943185,60.17205],[24.943123,60.172049],[24.943103,60.172048],[24.942741,60.172039],[24.942724,60.172038],[24.942665,60.172037],[24.942604,60.172035],[24.942376,60.172029],[24.942383,60.171963],[24.942399,60.171813],[24.9424,60.1718],[24.942407,60.171734],[24.942409,60.171713],[24.942416,60.171652],[24.942418,60.171628],[24.942433,60.171489],[24.942439,60.171432],[24.942441,60.171417],[24.942442,60.171405],[24.94205,60.171395],[24.942043,60.171466],[24.941914,60.172692],[24.9419,60.172691],[24.941893,60.172755],[24.941899,60.172755],[24.941931,60.172756],[24.941923,60.172833],[24.942211,60.172841],[24.942276,60.172218],[24.942577,60.172226],[24.942716,60.172229],[24.943012,60.172237],[24.942993,60.172419],[24.942976,60.172422],[24.942962,60.172428],[24.942951,60.172436],[24.942945,60.172444],[24.942943,60.172453],[24.942947,60.172462],[24.942956,60.172471],[24.942968,60.172477],[24.942981,60.17248],[24.942986,60.172481]]]},"properties":{}},{"type":"Feature","geometry":{"type":"Polygon","coordinates":[[[24.942716,60.172229],[24.942577,60.172226],[24.942576,60.172238],[24.942579,60.172249],[24.942588,60.172258],[24.942602,60.172266],[24.942621,60.172271],[24.942641,60.172273],[24.942662,60.172272],[24.942681,60.172268],[24.942698,60.172261],[24.942709,60.172252],[24.942714,60.172242],[24.942716,60.172229]]]},"properties":{}},{"type":"Feature","geometry":{"type":"Polygon","coordinates":[[[24.941188,60.169725],[24.941131,60.169724],[24.940987,60.169721],[24.940956,60.17007],[24.940944,60.1702],[24.941074,60.170203],[24.941229,60.170207],[24.94155,60.170214],[24.94254,60.170235],[24.942557,60.170049],[24.942596,60.17005],[24.942651,60.169427],[24.942658,60.169354],[24.942364,60.169348],[24.942162,60.169343],[24.941906,60.169338],[24.941223,60.169323],[24.941188,60.169725]]]},"properties":{}},{"type":"Feature","geometry":{"type":"Polygon","coordinates":[[[24.941223,60.169323],[24.941149,60.169321],[24.941156,60.169239],[24.941164,60.169138],[24.941115,60.169138],[24.94107,60.16915],[24.941102,60.169178],[24.941095,60.16926],[24.940896,60.169317],[24.940879,60.169316],[24.940869,60.169313],[24.940863,60.169308],[24.940863,60.169329],[24.940793,60.169327],[24.94079,60.169337],[24.940773,60.169337],[24.940773,60.169331],[24.940729,60.169329],[24.940723,60.169395],[24.940625,60.169394],[24.940621,60.169466],[24.940714,60.169468],[24.940713,60.169487],[24.940693,60.169693],[24.940711,60.169693],[24.940712,60.169704],[24.940711,60.169714],[24.940987,60.169721],[24.941131,60.169724],[24.941188,60.169725],[24.941223,60.169323]]]},"properties":{}},{"type":"Feature","geometry":{"type":"Polygon","coordinates":[[[24.942364,60.169348],[24.942658,60.169354],[24.942697,60.168908],[24.941946,60.168891],[24.941933,60.169033],[24.941932,60.169042],[24.941929,60.169074],[24.941922,60.169157],[24.941913,60.169256],[24.941906,60.169338],[24.942162,60.169343],[24.942364,60.169348]]]},"properties":{}}]}