{"type":"FeatureCollection","features":[{"type":"Feature","geometry":{"type":"LineString","coordinates":[[24.945426,60.169772],[24.94532,60.16977],[24.945147,60.169767],[24.94482,60.16976],[24.944238,60.169746],[24.943617,60.169728],[24.943484,60.169738],[24.943285,60.169734],[24.943008,60.169728]]},"properties":{"c":"footway"}},{"type":"Feature","geometry":{"type":"LineString","coordinates":[[24.944308,60.167112],[24.944344,60.167201],[24.944529,60.1673],[24.944652,60.167403],[24.944529,60.167508],[24.944334,60.16759],[24.944284,60.167626]]},"properties":{"c":"footway"}},{"type":"Feature","geometry":{"type":"LineString","coordinates":[[24.943063,60.169795],[24.943196,60.169799],[24.943154,60.170147],[24.94302,60.170143]]},"properties":{"c":"footway"}},{"type":"Feature","geometry":{"type":"LineString","coordinates":[[24.937448,60.170089],[24.937232,60.17001]]},"properties":{"c":"footway"}},{"type":"Feature","geometry":{"type":"LineString","coordinates":[[24.936075,60.170751],[24.936239,60.17064],[24.936276,60.170578],[24.936305,60.170482]]},"properties":{"c":"footway"}},{"type":"Feature","geometry":{"type":"LineString","coordinates":[[24.938058,60.177705],[24.937895,60.177555],[24.937815,60.177478],[24.937636,60.177329],[24.937533,60.177231],[24.937481,60.177148],[24.937365,60.176882],[24.937338,60.176799],[24.93733,60.176732],[24.937346,60.17665],[24.93752,60.176299],[24.937575,60.175978],[24.93753,60.175664],[24.937492,60.175501],[24.937463,60.175345],[24.937482,60.175185],[24.937523,60.175052],[24.937563,60.174943],[24.937621,60.174717],[24.937649,60.174611]]},"properties":{"c":"footway"}},{"type":"Feature","geometry":{"type":"LineString","coordinates":[[24.941446,60.165996],[24.941349,60.166005],[24.941136,60.166006],[24.940969,60.166002],[24.94009,60.165976],[24.93986,60.166002],[24.939608,60.165995],[24.939375,60.166007],[24.939076,60.166049],[24.938747,60.166097],[24.938422,60.166123],[24.93808,60.16615]]},"properties":{"c":"footway"}},{"type":"Feature","geometry":{"type":"LineString","coordinates":[[24.943172,60.173005],[24.943,60.172998]]},"properties":{"c":"footway"}},{"type":"Feature","geometry":{"type":"LineString","coordinates":[[24.943,60.172998],[24.942041,60.172977],[24.941886,60.172973],[24.941559,60.172964],[24.941277,60.17293],[24.940994,60.172883],[24.940811,60.172777],[24.94052,60.17238],[24.940481,60.172368],[24.940472,60.172368]]},"properties":{"c":"footway"}},{"type":"Feature","geometry":{"type":"LineString","coordinates":[[24.94052,60.17238],[24.940303,60.172377]]},"properties":{"c":"steps"}},{"type":"Feature","geometry":{"type":"LineString","coordinates":[[24.940472,60.172368],[24.940484,60.172242]]},"properties":{"c":"steps"}},{"type":"Feature","geometry":{"type":"LineString","coordinates":[[24.93984,60.172194],[24.939889,60.172218],[24.939953,60.172252]]},"properties":{"c":"footway"}},{"type":"Feature","geometry":{"type":"LineString","coordinates":[[24.941277,60.17293],[24.941255,60.173093]]},"properties":{"c":"steps"}},{"type":"Feature","geometry":{"type":"LineString","coordinates":[[24.941568,60.172913],[24.941559,60.172964],[24.941545,60.173099]]},"properties":{"c":"footway"}},{"type":"Feature","geometry":{"type":"LineString","coordinates":[[24.940994,60.172883],[24.940976,60.173007]]},"properties":{"c":"steps"}},{"type":"Feature","geometry":{"type":"LineString","coordinates":[[24.947742,60.169791],[24.947735,60.169838],[24.947728,60.169891],[24.947726,60.169904]]},"properties":{"c":"footway"}},{"type":"Feature","geometry":{"type":"LineString","coordinates":[[24.947724,60.169924],[24.947696,60.17014],[24.947621,60.170881],[24.947512,60.17111]]},"properties":{"c":"footway"}},{"type":"Feature","geometry":{"type":"LineString","coordinates":[[24.947284,60.172166],[24.947281,60.172193],[24.947249,60.172193],[24.94725,60.172179]]},"properties":{"c":"steps"}},{"type":"Feature","geometry":{"type":"LineString","coordinates":[[24.947271,60.172161],[24.947287,60.172153],[24.947299,60.172091],[24.947301,60.172074],[24.947308,60.172038]]},"properties":{"c":"footway"}},{"type":"Feature","geometry":{"type":"LineString","coordinates":[[24.947591,60.171279],[24.947597,60.171174]]},"properties":{"c":"steps"}},{"type":"Feature","geometry":{"type":"LineString","coordinates":[[24.947597,60.171174],[24.947531,60.171173],[24.94752,60.17131]]},"properties":{"c":"footway"}},{"type":"Feature","geometry":{"type":"LineString","coordinates":[[24.94256,60.171173],[24.942535,60.171172]]},"properties":{"c":"steps"}},{"type":"Feature","geometry":{"type":"LineString","coordinates":[[24.943459,60.171197],[24.943357,60.171194],[24.94328,60.171192],[24.943254,60.171191],[24.943228,60.171191],[24.943126,60.171188],[24.943046,60.171186],[24.94302,60.171185],[24.942993,60.171184],[24.942886,60.171182],[24.942813,60.17118],[24.942787,60.171179],[24.942757,60.171178]]},"properties":{"c":"footway"}},{"type":"Feature","geometry":{"type":"LineString","coordinates":[[24.939845,60.170385],[24.940529,60.170399]]},"properties":{"c":"steps"}},{"type":"Feature","geometry":{"type":"LineString","coordinates":[[24.940256,60.170547],[24.940253,60.170669]]},"properties":{"c":"steps"}},{"type":"Feature","geometry":{"type":"LineString","coordinates":[[24.941446,60.17025],[24.941445,60.170268],[24.941434,60.170413],[24.941433,60.170426],[24.941433,60.170436],[24.941423,60.170567],[24.940324,60.170548],[24.940256,60.170547],[24.940258,60.170519],[24.94026,60.170497],[24.940266,60.17041],[24.940273,60.170313],[24.940278,60.170246],[24.940391,60.170248],[24.940392,60.170236],[24.940394,60.170207]]},"properties":{"c":"footway"}},{"type":"Feature","geometry":{"type":"LineString","coordinates":[[24.938358,60.169894],[24.93832,60.169919]]},"properties":{"c":"footway"}},{"type":"Feature","geometry":{"type":"LineString","coordinates":[[24.941446,60.17025],[24.941278,60.170247]]},"properties":{"c":"steps"}},{"type":"Feature","geometry":{"type":"LineString","coordinates":[[24.94193,60.170746],[24.942124,60.170752]]},"properties":{"c":"steps"}},{"type":"Feature","geometry":{"type":"LineString","coordinates":[[24.94193,60.170746],[24.941939,60.170638],[24.941528,60.170629],[24.941409,60.170626],[24.941101,60.170619],[24.941091,60.170714]]},"properties":{"c":"footway"}},{"type":"Feature","geometry":{"type":"LineString","coordinates":[[24.941409,60.170626],[24.941423,60.170567]]},"properties":{"c":"steps"}},{"type":"Feature","geometry":{"type":"LineString","coordinates":[[24.941528,60.170629],[24.94152,60.17071]]},"properties":{"c":"footway"}},{"type":"Feature","geometry":{"type":"LineString","coordinates":[[24.94152,60.17071],[24.941509,60.170836]]},"properties":{"c":"steps"}},{"type":"Feature","geometry":{"type":"LineString","coordinates":[[24.938834,60.170194],[24.938726,60.170154]]},"properties":{"c":"steps"}},{"type":"Feature","geometry":{"type":"LineString","coordinates":[[24.940529,60.170399],[24.94053,60.170383],[24.940536,60.170316],[24.940539,60.170281],[24.941221,60.170291],[24.94121,60.170408],[24.941208,60.170421],[24.941207,60.170432],[24.941198,60.170528],[24.940518,60.170517],[24.94052,60.1705],[24.940523,60.170464],[24.940529,60.170399]]},"properties":{"c":"footway"}},{"type":"Feature","geometry":{"type":"LineString","coordinates":[[24.941208,60.170421],[24.941433,60.170426]]},"properties":{"c":"steps"}},{"type":"Feature","geometry":{"type":"LineString","coordinates":[[24.947457,60.171308],[24.947464,60.17123]]},"properties":{"c":"steps"}},{"type":"Feature","geometry":{"type":"LineString","coordinates":[[24.945013,60.172981],[24.945047,60.172982],[24.945241,60.172984]]},"properties":{"c":"footway"}},{"type":"Feature","geometry":{"type":"LineString","coordinates":[[24.942594,60.165193],[24.942673,60.165221],[24.942694,60.165228],[24.942716,60.165236],[24.942765,60.165255]]},"properties":{"c":"footway"}},{"type":"Feature","geometry":{"type":"LineString","coordinates":[[24.939946,60.166795],[24.940052,60.16671],[24.940186,60.166661],[24.940322,60.166601],[24.940297,60.166487],[24.940159,60.16625],[24.93986,60.166002],[24.93965,60.165806],[24.939477,60.165575],[24.939403,60.165432],[24.939268,60.165459],[24.939167,60.165508],[24.93911,60.165565],[24.939086,60.165616],[24.939078,60.165698],[24.93913,60.165853],[24.93915,60.165927],[24.939124,60.165978],[24.939076,60.166049],[24.938907,60.166188],[24.938832,60.166252],[24.938696,60.166368],[24.938687,60.166374],[24.938641,60.166412]]},"properties":{"c":"footway"}},{"type":"Feature","geometry":{"type":"LineString","coordinates":[[24.950655,60.176789],[24.950789,60.176673]]},"properties":{"c":"footway"}},{"type":"Feature","geometry":{"type":"LineString","coordinates":[[24.953298,60.176685],[24.952991,60.17661],[24.951567,60.176177],[24.951387,60.176116],[24.951264,60.17603]]},"properties":{"c":"footway"}},{"type":"Feature","geometry":{"type":"LineString","coordinates":[[24.94316,60.173067],[24.943154,60.17311],[24.943109,60.173407],[24.943074,60.173636],[24.943043,60.173817],[24.943013,60.173965],[24.942986,60.174042],[24.942861,60.174135],[24.942637,60.174263],[24.942432,60.174492],[24.942387,60.174578],[24.942329,60.174692],[24.942283,60.174819],[24.942197,60.175013],[24.942068,60.175561],[24.942042,60.17571],[24.941915,60.175916],[24.941699,60.176173]]},"properties":{"c":"footway"}},{"type":"Feature","geometry":{"type":"LineString","coordinates":[[24.942937,60.176752],[24.942857,60.176708],[24.942821,60.176694],[24.942371,60.176516],[24.942037,60.176353],[24.941804,60.176203]]},"properties":{"c":"footway"}},{"type":"Feature","geometry":{"type":"LineString","coordinates":[[24.952533,60.167397],[24.95253,60.167442],[24.952524,60.167574],[24.952526,60.167627],[24.952538,60.167662],[24.952557,60.167688],[24.9526,60.167714],[24.952633,60.16773],[24.952698,60.167751],[24.952789,60.167769],[24.952859,60.167777],[24.95295,60.167782],[24.953257,60.167794]]},"properties":{"c":"cycleway"}},{"type":"Feature","geometry":{"type":"LineString","coordinates":[[24.946765,60.172989],[24.946627,60.17299]]},"properties":{"c":"steps"}},{"type":"Feature","geometry":{"type":"LineString","coordinates":[[24.946765,60.172989],[24.947237,60.173003]]},"properties":{"c":"footway"}},{"type":"Feature","geometry":{"type":"LineString","coordinates":[[24.941156,60.168873],[24.941154,60.168903],[24.941148,60.169044],[24.941091,60.169497]]},"properties":{"c":"footway"}},{"type":"Feature","geometry":{"type":"LineString","coordinates":[[24.941421,60.169516],[24.941544,60.169486]]},"properties":{"c":"footway"}},{"type":"Feature","geometry":{"type":"LineString","coordinates":[[24.941508,60.169401],[24.941545,60.169431],[24.941544,60.169486],[24.941534,60.169612],[24.941536,60.169638]]},"properties":{"c":"footway"}},{"type":"Feature","geometry":{"type":"LineString","coordinates":[[24.941962,60.169656],[24.942022,60.169718],[24.942331,60.169726],[24.942518,60.16973],[24.942619,60.169732]]},"properties":{"c":"footway"}},{"type":"Feature","geometry":{"type":"LineString","coordinates":[[24.940035,60.169447],[24.939924,60.169406]]},"properties":{"c":"steps"}},{"type":"Feature","geometry":{"type":"LineString","coordinates":[[24.939924,60.169406],[24.93979,60.169356]]},"properties":{"c":"footway"}},{"type":"Feature","geometry":{"type":"LineString","coordinates":[[24.940122,60.169479],[24.939881,60.169569],[24.939568,60.169607],[24.939301,60.169657],[24.939003,60.169858],[24.938358,60.169894],[24.938105,60.169892],[24.937915,60.169836]]},"properties":{"c":"footway"}},{"type":"Feature","geometry":{"type":"LineString","coordinates":[[24.939301,60.169657],[24.939239,60.16963]]},"properties":{"c":"footway"}},{"type":"Feature","geometry":{"type":"LineString","coordinates":[[24.940394,60.170207],[24.940396,60.170103],[24.940396,60.170086]]},"properties":{"c":"steps"}},{"type":"Feature","geometry":{"type":"LineString","coordinates":[[24.940443,60.170087],[24.940396,60.170086],[24.940309,60.170085],[24.940305,60.170133],[24.9403,60.170184]]},"properties":{"c":"footway"}},{"type":"Feature","geometry":{"type":"LineString","coordinates":[[24.938649,60.170065],[24.938596,60.170089],[24.938576,60.170102],[24.938494,60.170153],[24.938148,60.170403],[24.93761,60.17076]]},"properties":{"c":"footway"}},{"type":"Feature","geometry":{"type":"LineString","coordinates":[[24.941714,60.169627],[24.941713,60.169651]]},"properties":{"c":"footway"}},{"type":"Feature","geometry":{"type":"LineString","coordinates":[[24.941427,60.169689],[24.941441,60.169608]]},"properties":{"c":"steps"}},{"type":"Feature","geometry":{"type":"LineString","coordinates":[[24.941545,60.169431],[24.941646,60.169433],[24.941752,60.169435],[24.942013,60.169441],[24.942119,60.169443],[24.942248,60.169432]]},"properties":{"c":"footway"}},{"type":"Feature","geometry":{"type":"LineString","coordinates":[[24.942248,60.169432],[24.942451,60.16943],[24.94251,60.169429],[24.942543,60.169429],[24.942651,60.169427]]},"properties":{"c":"footway"}},{"type":"Feature","geometry":{"type":"LineString","coordinates":[[24.942451,60.16943],[24.94245,60.169441]]},"properties":{"c":"footway"}},{"type":"Feature","geometry":{"type":"LineString","coordinates":[[24.94245,60.169441],[24.942352,60.169441]]},"properties":{"c":"steps"}},{"type":"Feature","geometry":{"type":"LineString","coordinates":[[24.942352,60.169441],[24.942326,60.169736],[24.941539,60.169725],[24.941514,60.170166],[24.941511,60.170215],[24.941445,60.170268]]},"properties":{"c":"footway"}},{"type":"Feature","geometry":{"type":"LineString","coordinates":[[24.942326,60.169736],[24.942321,60.169841],[24.942238,60.169896],[24.942223,60.170076],[24.942217,60.170133],[24.942208,60.170227],[24.942083,60.170418],[24.941939,60.170638]]},"properties":{"c":"footway"}},{"type":"Feature","geometry":{"type":"LineString","coordinates":[[24.938404,60.169636],[24.938465,60.16966],[24.938489,60.169669],[24.938552,60.169693],[24.938644,60.169729],[24.93867,60.169739],[24.938673,60.16974],[24.938705,60.169752],[24.93871,60.169754],[24.938761,60.169775],[24.938828,60.1698],[24.938975,60.169856]]},"properties":{"c":"footway"}},{"type":"Feature","geometry":{"type":"LineString","coordinates":[[24.943033,60.169477],[24.943194,60.169482],[24.943376,60.169534],[24.944062,60.169549]]},"properties":{"c":"footway"}},{"type":"Feature","geometry":{"type":"LineString","coordinates":[[24.943285,60.169734],[24.943306,60.169705],[24.943362,60.169649]]},"properties":{"c":"footway"}},{"type":"Feature","geometry":{"type":"LineString","coordinates":[[24.943362,60.169649],[24.943376,60.169534]]},"properties":{"c":"footway"}},{"type":"Feature","geometry":{"type":"LineString","coordinates":[[24.944498,60.168951],[24.944483,60.169109]]},"properties":{"c":"footway"}},{"type":"Feature","geometry":{"type":"LineString","coordinates":[[24.94482,60.16976],[24.944823,60.169731]]},"properties":{"c":"footway"}},{"type":"Feature","geometry":{"type":"LineString","coordinates":[[24.944823,60.169731],[24.944848,60.169479]]},"properties":{"c":"footway"}},{"type":"Feature","geometry":{"type":"LineString","coordinates":[[24.937545,60.169417],[24.937748,60.169285],[24.938105,60.169053],[24.938519,60.169205],[24.9386,60.169235],[24.938775,60.169301]]},"properties":{"c":"footway"}},{"type":"Feature","geometry":{"type":"LineString","coordinates":[[24.9386,60.169235],[24.938466,60.169324],[24.937935,60.169359],[24.937748,60.169285]]},"properties":{"c":"footway"}},{"type":"Feature","geometry":{"type":"LineString","coordinates":[[24.939386,60.168927],[24.939166,60.168849],[24.938909,60.168755],[24.938758,60.168758],[24.938607,60.168706],[24.938288,60.168649],[24.938042,60.168808],[24.938077,60.168944],[24.938105,60.169053],[24.938164,60.169108]]},"properties":{"c":"footway"}},{"type":"Feature","geometry":{"type":"LineString","coordinates":[[24.938759,60.168096],[24.938725,60.168118]]},"properties":{"c":"footway"}},{"type":"Feature","geometry":{"type":"LineString","coordinates":[[24.937383,60.168201],[24.93745,60.168226]]},"properties":{"c":"footway"}},{"type":"Feature","geometry":{"type":"LineString","coordinates":[[24.939166,60.168849],[24.939939,60.168349],[24.940129,60.168418]]},"properties":{"c":"footway"}},{"type":"Feature","geometry":{"type":"LineString","coordinates":[[24.937072,60.168697],[24.93754,60.168865],[24.937576,60.168878],[24.937756,60.168949]]},"properties":{"c":"footway"}},{"type":"Feature","geometry":{"type":"LineString","coordinates":[[24.938277,60.168525],[24.938224,60.168506],[24.938165,60.168484],[24.938126,60.16847],[24.937662,60.168301]]},"properties":{"c":"footway"}},{"type":"Feature","geometry":{"type":"LineString","coordinates":[[24.938909,60.168755],[24.938277,60.168525]]},"properties":{"c":"steps"}},{"type":"Feature","geometry":{"type":"LineString","coordinates":[[24.936586,60.16907],[24.936744,60.168961]]},"properties":{"c":"footway"}},{"type":"Feature","geometry":{"type":"LineString","coordinates":[[24.937215,60.169107],[24.937132,60.169105]]},"properties":{"c":"steps"}},{"type":"Feature","geometry":{"type":"LineString","coordinates":[[24.937215,60.169107],[24.93728,60.169109],[24.937525,60.168959],[24.937774,60.16905],[24.937928,60.168954],[24.938077,60.168944]]},"properties":{"c":"footway"}},{"type":"Feature","geometry":{"type":"LineString","coordinates":[[24.937756,60.168949],[24.937986,60.169008]]},"properties":{"c":"footway"}},{"type":"Feature","geometry":{"type":"LineString","coordinates":[[24.937986,60.169008],[24.937986,60.169008],[24.938012,60.169082],[24.938047,60.169095],[24.938146,60.169134]]},"properties":{"c":"footway"}},{"type":"Feature","geometry":{"type":"LineString","coordinates":[[24.938146,60.169134],[24.938396,60.169229]]},"properties":{"c":"steps"}},{"type":"Feature","geometry":{"type":"LineString","coordinates":[[24.938396,60.169229],[24.938448,60.169249],[24.938519,60.169205]]},"properties":{"c":"footway"}},{"type":"Feature","geometry":{"type":"LineString","coordinates":[[24.938164,60.169108],[24.938428,60.169209]]},"properties":{"c":"steps"}},{"type":"Feature","geometry":{"type":"LineString","coordinates":[[24.938428,60.169209],[24.938518,60.169242],[24.938288,60.169382],[24.938344,60.169577],[24.938358,60.169894],[24.938675,60.170153],[24.938775,60.170192],[24.938834,60.170194],[24.938995,60.17025],[24.939177,60.170313],[24.939356,60.170347],[24.939922,60.170403],[24.940266,60.17041]]},"properties":{"c":"footway"}},{"type":"Feature","geometry":{"type":"LineString","coordinates":[[24.938344,60.169577],[24.938243,60.169635]]},"properties":{"c":"steps"}},{"type":"Feature","geometry":{"type":"LineString","coordinates":[[24.941536,60.169638],[24.941539,60.169709]]},"properties":{"c":"steps"}},{"type":"Feature","geometry":{"type":"LineString","coordinates":[[24.941539,60.169709],[24.941539,60.169725]]},"properties":{"c":"footway"}},{"type":"Feature","geometry":{"type":"LineString","coordinates":[[24.941713,60.169651],[24.941705,60.169764],[24.941576,60.169762],[24.94155,60.170214]]},"properties":{"c":"footway"}},{"type":"Feature","geometry":{"type":"LineString","coordinates":[[24.937132,60.169105],[24.937103,60.169094],[24.936744,60.168961],[24.936699,60.168943]]},"properties":{"c":"footway"}},{"type":"Feature","geometry":{"type":"LineString","coordinates":[[24.936699,60.168943],[24.936638,60.168919]]},"properties":{"c":"steps"}},{"type":"Feature","geometry":{"type":"LineString","coordinates":[[24.935324,60.169105],[24.935524,60.168967],[24.93577,60.169053],[24.936071,60.169053],[24.936231,60.168995],[24.936484,60.168857],[24.936638,60.168919]]},"properties":{"c":"corridor"}},{"type":"Feature","geometry":{"type":"LineString","coordinates":[[24.936887,60.170615],[24.937049,60.170666],[24.937115,60.170682]]},"properties":{"c":"cycleway"}},{"type":"Feature","geometry":{"type":"LineString","coordinates":[[24.937632,60.17085],[24.937617,60.17091],[24.937601,60.170961]]},"properties":{"c":"cycleway"}},{"type":"Feature","geometry":{"type":"LineString","coordinates":[[24.935679,60.17125],[24.935565,60.171224],[24.935324,60.171224]]},"properties":{"c":"cycleway"}},{"type":"Feature","geometry":{"type":"LineString","coordinates":[[24.950916,60.167659],[24.951083,60.167665],[24.951158,60.167667],[24.951184,60.167668]]},"properties":{"c":"footway"}},{"type":"Feature","geometry":{"type":"LineString","coordinates":[[24.952163,60.167707],[24.952196,60.167707],[24.952232,60.167708],[24.95227,60.167709],[24.952297,60.167709],[24.952398,60.167711],[24.9526,60.167714],[24.95262,60.167711]]},"properties":{"c":"footway"}},{"type":"Feature","geometry":{"type":"LineString","coordinates":[[24.952648,60.167723],[24.952633,60.16773],[24.952551,60.167766]]},"properties":{"c":"footway"}},{"type":"Feature","geometry":{"type":"LineString","coordinates":[[24.952533,60.167397],[24.952519,60.167397],[24.95242,60.167396],[24.952281,60.167392],[24.95225,60.167388]]},"properties":{"c":"cycleway"}},{"type":"Feature","geometry":{"type":"LineString","coordinates":[[24.951309,60.167751],[24.951283,60.167791],[24.951256,60.167836],[24.95125,60.167881],[24.951242,60.167941]]},"properties":{"c":"footway"}},{"type":"Feature","geometry":{"type":"LineString","coordinates":[[24.94006,60.169085],[24.94,60.169062],[24.939888,60.169019],[24.939845,60.169002],[24.939802,60.168985],[24.939697,60.168943],[24.939578,60.168898],[24.939534,60.168881]]},"properties":{"c":"footway"}},{"type":"Feature","geometry":{"type":"LineString","coordinates":[[24.95339,60.176633],[24.953253,60.176615],[24.953117,60.176584],[24.953002,60.176552],[24.951427,60.176063],[24.951264,60.17603]]},"properties":{"c":"cycleway"}},{"type":"Feature","geometry":{"type":"LineString","coordinates":[[24.942857,60.176708],[24.943369,60.176493],[24.943618,60.176386],[24.943827,60.176329],[24.94404,60.176284],[24.944404,60.176242],[24.945435,60.176109]]},"properties":{"c":"footway"}},{"type":"Feature","geometry":{"type":"LineString","coordinates":[[24.951264,60.17603],[24.951031,60.175954],[24.950932,60.175936],[24.95083,60.175923],[24.950618,60.175915],[24.950457,60.175914]]},"properties":{"c":"cycleway"}},{"type":"Feature","geometry":{"type":"LineString","coordinates":[[24.950318,60.176625],[24.950307,60.176694],[24.950305,60.17671],[24.9503,60.176792],[24.950306,60.176816],[24.950326,60.176831],[24.95035,60.176842],[24.950387,60.176845],[24.950554,60.176846],[24.950628,60.176849],[24.951552,60.176873]]},"properties":{"c":"cycleway"}},{"type":"Feature","geometry":{"type":"LineString","coordinates":[[24.938961,60.171071],[24.939124,60.171073]]},"properties":{"c":"cycleway"}},{"type":"Feature","geometry":{"type":"LineString","coordinates":[[24.941502,60.176533],[24.941429,60.176556],[24.941291,60.176596],[24.941043,60.176752],[24.940872,60.177162],[24.940748,60.177346],[24.940722,60.177416]]},"properties":{"c":"cycleway"}},{"type":"Feature","geometry":{"type":"LineString","coordinates":[[24.939004,60.170882],[24.938988,60.170936],[24.938971,60.171007],[24.938961,60.171071]]},"properties":{"c":"footway"}},{"type":"Feature","geometry":{"type":"LineString","coordinates":[[24.939438,60.17036],[24.939428,60.170347],[24.93941,60.170338],[24.939374,60.170324],[24.939247,60.170277],[24.939235,60.170285],[24.939007,60.1702],[24.938704,60.170086],[24.938649,60.170065]]},"properties":{"c":"footway"}},{"type":"Feature","geometry":{"type":"LineString","coordinates":[[24.936246,60.171429],[24.936116,60.171405],[24.935933,60.171367],[24.935879,60.171355],[24.93584,60.171345],[24.935811,60.171337],[24.9357,60.171313]]},"properties":{"c":"cycleway"}},{"type":"Feature","geometry":{"type":"LineString","coordinates":[[24.94366,60.170615],[24.943575,60.170612],[24.943317,60.170605],[24.943249,60.170613],[24.943234,60.170624],[24.943206,60.170641],[24.942993,60.170636],[24.942812,60.170632],[24.942747,60.170631],[24.942688,60.17063]]},"properties":{"c":"footway"}},{"type":"Feature","geometry":{"type":"LineString","coordinates":[[24.949938,60.176814],[24.949965,60.176801],[24.949976,60.176698],[24.949976,60.176686],[24.949983,60.17662]]},"properties":{"c":"cycleway"}},{"type":"Feature","geometry":{"type":"LineString","coordinates":[[24.940711,60.168179],[24.941171,60.167842],[24.941177,60.167803],[24.941462,60.167607],[24.941509,60.167609],[24.941627,60.167528],[24.941695,60.167471],[24.941902,60.16734],[24.942439,60.166981],[24.943031,60.166574],[24.94305,60.166519]]},"properties":{"c":"cycleway"}},{"type":"Feature","geometry":{"type":"LineString","coordinates":[[24.938851,60.16933],[24.93887,60.169338]]},"properties":{"c":"footway"}},{"type":"Feature","geometry":{"type":"LineString","coordinates":[[24.939386,60.168927],[24.939432,60.168946]]},"properties":{"c":"footway"}},{"type":"Feature","geometry":{"type":"LineString","coordinates":[[24.94305,60.166519],[24.942388,60.166962],[24.941872,60.167328],[24.941744,60.167414],[24.94166,60.167458],[24.941582,60.1675],[24.940627,60.168137],[24.940603,60.168191],[24.940574,60.168212],[24.94053,60.168248],[24.940503,60.168263],[24.940276,60.168397],[24.940203,60.168446],[24.939534,60.168881],[24.939432,60.168946],[24.939296,60.169041],[24.93887,60.169338],[24.938757,60.169407],[24.938404,60.169636],[24.938348,60.169673],[24.938278,60.169717],[24.938238,60.169744],[24.938208,60.169763],[24.938195,60.169771],[24.93818,60.169781],[24.938169,60.169789],[24.938164,60.169792],[24.938142,60.169806],[24.938062,60.169853]]},"properties":{"c":"footway"}},{"type":"Feature","geometry":{"type":"LineString","coordinates":[[24.949636,60.167257],[24.949609,60.167273],[24.949586,60.167289]]},"properties":{"c":"cycleway"}},{"type":"Feature","geometry":{"type":"LineString","coordinates":[[24.952097,60.167247],[24.952092,60.167257],[24.952074,60.167294],[24.952055,60.167323],[24.952038,60.167349],[24.952032,60.167371],[24.952128,60.167402],[24.952261,60.167439],[24.952298,60.167439],[24.952416,60.167442],[24.952511,60.167442],[24.95253,60.167442],[24.952556,60.167443]]},"properties":{"c":"footway"}},{"type":"Feature","geometry":{"type":"LineString","coordinates":[[24.936953,60.164214],[24.937014,60.164234],[24.9371,60.164262],[24.937114,60.164267],[24.937187,60.164291],[24.937212,60.164299],[24.937274,60.164322],[24.938216,60.164655],[24.938669,60.164815],[24.938707,60.164828],[24.939333,60.165049],[24.939421,60.16508]]},"properties":{"c":"cycleway"}},{"type":"Feature","geometry":{"type":"LineString","coordinates":[[24.94305,60.166519],[24.942712,60.166395],[24.942117,60.166186],[24.941692,60.166046],[24.941585,60.166016],[24.941473,60.165974],[24.941168,60.165859],[24.940409,60.165591],[24.939406,60.165247],[24.939351,60.165229],[24.939259,60.165196],[24.939169,60.165164],[24.938402,60.164896],[24.938192,60.164825],[24.937594,60.164617],[24.937324,60.164521],[24.937104,60.164442],[24.937023,60.164414],[24.936934,60.164383],[24.936846,60.164355],[24.936789,60.164335],[24.93654,60.164248]]},"properties":{"c":"cycleway"}},{"type":"Feature","geometry":{"type":"LineString","coordinates":[[24.950658,60.173113],[24.950639,60.17321],[24.950637,60.173246],[24.950595,60.173621],[24.950449,60.173852]]},"properties":{"c":"cycleway"}},{"type":"Feature","geometry":{"type":"LineString","coordinates":[[24.945443,60.169743],[24.945557,60.169745],[24.947373,60.169783],[24.947742,60.169791],[24.948286,60.169806]]},"properties":{"c":"footway"}},{"type":"Feature","geometry":{"type":"LineString","coordinates":[[24.938062,60.169853],[24.937766,60.169738],[24.937287,60.169566],[24.937177,60.169529],[24.937085,60.169501],[24.937007,60.169474],[24.936273,60.169193],[24.936138,60.169143],[24.935972,60.169076],[24.93588,60.169039],[24.935301,60.168836]]},"properties":{"c":"cycleway"}},{"type":"Feature","geometry":{"type":"LineString","coordinates":[[24.950337,60.176955],[24.950344,60.17707],[24.950292,60.177564],[24.950289,60.17759],[24.950287,60.177667],[24.950262,60.177923],[24.950257,60.177966],[24.950304,60.178036],[24.950366,60.178094],[24.950437,60.178129],[24.950501,60.178146],[24.950591,60.178161],[24.950807,60.178162],[24.950896,60.178166],[24.950973,60.178167],[24.951078,60.178148],[24.951464,60.178159],[24.951586,60.178161],[24.951626,60.17815]]},"properties":{"c":"footway"}},{"type":"Feature","geometry":{"type":"LineString","coordinates":[[24.93687,60.168622],[24.937072,60.168697]]},"properties":{"c":"footway"}},{"type":"Feature","geometry":{"type":"LineString","coordinates":[[24.93745,60.168226],[24.937662,60.168301]]},"properties":{"c":"footway"}},{"type":"Feature","geometry":{"type":"LineString","coordinates":[[24.938725,60.168118],[24.938204,60.168459]]},"properties":{"c":"footway"}},{"type":"Feature","geometry":{"type":"LineString","coordinates":[[24.940091,60.168116],[24.940308,60.168193]]},"properties":{"c":"steps"}},{"type":"Feature","geometry":{"type":"LineString","coordinates":[[24.940308,60.168193],[24.940503,60.168263]]},"properties":{"c":"footway"}},{"type":"Feature","geometry":{"type":"LineString","coordinates":[[24.93588,60.169039],[24.935924,60.169009]]},"properties":{"c":"footway"}},{"type":"Feature","geometry":{"type":"LineString","coordinates":[[24.937507,60.169427],[24.937454,60.169461],[24.937417,60.169483],[24.9374,60.169494],[24.937385,60.169504],[24.937347,60.169528],[24.937287,60.169566]]},"properties":{"c":"footway"}},{"type":"Feature","geometry":{"type":"LineString","coordinates":[[24.941684,60.169745],[24.941426,60.169742],[24.941427,60.169689]]},"properties":{"c":"footway"}},{"type":"Feature","geometry":{"type":"LineString","coordinates":[[24.94042,60.171352],[24.940685,60.171357],[24.940813,60.17136]]},"properties":{"c":"footway"}},{"type":"Feature","geometry":{"type":"LineString","coordinates":[[24.937895,60.169946],[24.938039,60.169996],[24.938139,60.17003],[24.938196,60.170051],[24.938243,60.170066],[24.938247,60.170068],[24.93828,60.170079],[24.938379,60.170113],[24.938494,60.170153]]},"properties":{"c":"footway"}},{"type":"Feature","geometry":{"type":"LineString","coordinates":[[24.937915,60.169836],[24.937752,60.16977]]},"properties":{"c":"steps"}},{"type":"Feature","geometry":{"type":"LineString","coordinates":[[24.936747,60.169742],[24.936831,60.169686],[24.937011,60.169752],[24.937181,60.169815],[24.937355,60.16988],[24.937616,60.169977],[24.937485,60.170064],[24.937409,60.170115],[24.936671,60.170607],[24.936508,60.170717],[24.936409,60.170782],[24.936336,60.170831],[24.936319,60.170843],[24.936392,60.170865],[24.936703,60.170735],[24.936887,60.170615],[24.937219,60.170389],[24.937437,60.170242],[24.937895,60.169946],[24.937993,60.169888],[24.937831,60.169825],[24.937808,60.169817],[24.937727,60.169786],[24.93771,60.169779],[24.937735,60.169763],[24.937761,60.169747],[24.937766,60.169738],[24.937287,60.169566],[24.937177,60.169529],[24.937104,60.169549],[24.936845,60.169622],[24.936752,60.16963],[24.93667,60.169608],[24.936131,60.16941],[24.936097,60.169433],[24.936098,60.169446],[24.936095,60.169462],[24.936086,60.169475],[24.936221,60.169552],[24.936747,60.169742]]},"properties":{"c":"footway"}},{"type":"Feature","geometry":{"type":"LineString","coordinates":[[24.950904,60.1678],[24.950472,60.167789],[24.950054,60.167778],[24.949588,60.167767],[24.949571,60.167767],[24.949542,60.167766],[24.949463,60.167765],[24.949371,60.167763],[24.949337,60.167763],[24.949271,60.167761],[24.947572,60.167717],[24.945924,60.167674],[24.945794,60.167671],[24.945723,60.167669],[24.945668,60.167668],[24.945607,60.167666],[24.945584,60.167665],[24.945528,60.167663],[24.945186,60.167652],[24.944785,60.16764],[24.944284,60.167626]]},"properties":{"c":"footway"}},{"type":"Feature","geometry":{"type":"LineString","coordinates":[[24.952128,60.167402],[24.952075,60.167418],[24.952018,60.167438],[24.951977,60.167461],[24.951955,60.167473]]},"properties":{"c":"footway"}},{"type":"Feature","geometry":{"type":"LineString","coordinates":[[24.949609,60.167273],[24.949601,60.167368],[24.949587,60.167541],[24.949571,60.167767]]},"properties":{"c":"footway"}},{"type":"Feature","geometry":{"type":"LineString","coordinates":[[24.935606,60.171257],[24.935324,60.171413],[24.935287,60.171429],[24.935292,60.171484],[24.935325,60.171467],[24.93565,60.171285],[24.935632,60.171268],[24.935606,60.171257]]},"properties":{"c":"footway"}},{"type":"Feature","geometry":{"type":"LineString","coordinates":[[24.93533,60.17163],[24.935325,60.171467],[24.935292,60.171484],[24.935291,60.171615],[24.93529,60.171636],[24.935264,60.171639],[24.935363,60.171639],[24.935377,60.171622],[24.93533,60.17163]]},"properties":{"c":"footway"}},{"type":"Feature","geometry":{"type":"LineString","coordinates":[[24.937221,60.172297],[24.937255,60.172167]]},"properties":{"c":"steps"}},{"type":"Feature","geometry":{"type":"LineString","coordinates":[[24.935215,60.174335],[24.935315,60.17437],[24.935527,60.174419]]},"properties":{"c":"cycleway"}},{"type":"Feature","geometry":{"type":"LineString","coordinates":[[24.938946,60.173016],[24.938822,60.173013],[24.938589,60.173008],[24.938487,60.173006]]},"properties":{"c":"footway"}},{"type":"Feature","geometry":{"type":"LineString","coordinates":[[24.938973,60.172819],[24.93886,60.172813],[24.938727,60.172805],[24.93864,60.172799]]},"properties":{"c":"footway"}},{"type":"Feature","geometry":{"type":"LineString","coordinates":[[24.940729,60.172385],[24.940575,60.172384]]},"properties":{"c":"footway"}},{"type":"Feature","geometry":{"type":"LineString","coordinates":[[24.942058,60.17713],[24.942027,60.177227],[24.941988,60.177243],[24.941613,60.177439],[24.941459,60.17749],[24.94068,60.177886],[24.94052,60.177991],[24.940448,60.178113]]},"properties":{"c":"cycleway"}},{"type":"Feature","geometry":{"type":"LineString","coordinates":[[24.940711,60.168179],[24.940782,60.168205],[24.940831,60.168225],[24.940863,60.168237],[24.940883,60.168245],[24.940908,60.168253],[24.940948,60.168268],[24.940956,60.168271],[24.940982,60.168281],[24.941,60.168287],[24.941087,60.168324],[24.94119,60.168382]]},"properties":{"c":"cycleway"}},{"type":"Feature","geometry":{"type":"LineString","coordinates":[[24.945957,60.16721],[24.946102,60.167276],[24.946295,60.167364],[24.946361,60.16745],[24.946302,60.167519],[24.945924,60.167674]]},"properties":{"c":"footway"}},{"type":"Feature","geometry":{"type":"LineString","coordinates":[[24.945584,60.167665],[24.945603,60.167434],[24.945613,60.16729],[24.945558,60.167207],[24.945581,60.167159],[24.945602,60.167101],[24.945625,60.167046]]},"properties":{"c":"footway"}},{"type":"Feature","geometry":{"type":"LineString","coordinates":[[24.943648,60.165339],[24.94373,60.165371],[24.943791,60.165386]]},"properties":{"c":"footway"}},{"type":"Feature","geometry":{"type":"LineString","coordinates":[[24.945558,60.167207],[24.945425,60.167226],[24.945199,60.16731],[24.94502,60.16738],[24.944941,60.167415]]},"properties":{"c":"footway"}},{"type":"Feature","geometry":{"type":"LineString","coordinates":[[24.945851,60.16721],[24.945826,60.16744],[24.945794,60.167671],[24.945788,60.167728]]},"properties":{"c":"cycleway"}},{"type":"Feature","geometry":{"type":"LineString","coordinates":[[24.944012,60.166649],[24.943923,60.166708],[24.943851,60.166761]]},"properties":{"c":"footway"}},{"type":"Feature","geometry":{"type":"LineString","coordinates":[[24.950929,60.169478],[24.950827,60.169477]]},"properties":{"c":"steps"}},{"type":"Feature","geometry":{"type":"LineString","coordinates":[[24.937421,60.168005],[24.936108,60.167558]]},"properties":{"c":"footway"}},{"type":"Feature","geometry":{"type":"LineString","coordinates":[[24.949411,60.173818],[24.949078,60.173541],[24.948933,60.17339],[24.948854,60.173284],[24.948694,60.173166]]},"properties":{"c":"footway"}},{"type":"Feature","geometry":{"type":"LineString","coordinates":[[24.948854,60.173284],[24.948888,60.173274],[24.948919,60.173266],[24.948967,60.173253],[24.949017,60.173239],[24.949039,60.173233],[24.949062,60.173227],[24.949088,60.173219],[24.949131,60.173207],[24.949154,60.173201],[24.949176,60.173195],[24.949198,60.173189],[24.949246,60.173176],[24.949311,60.173158],[24.949348,60.173142]]},"properties":{"c":"footway"}},{"type":"Feature","geometry":{"type":"LineString","coordinates":[[24.944605,60.170762],[24.944702,60.170716],[24.944745,60.170679],[24.944822,60.170618],[24.94485,60.170597],[24.944873,60.170579],[24.944917,60.170545],[24.945002,60.17048]]},"properties":{"c":"cycleway"}},{"type":"Feature","geometry":{"type":"LineString","coordinates":[[24.939218,60.171241],[24.939269,60.171273],[24.939327,60.171311]]},"properties":{"c":"footway"}},{"type":"Feature","geometry":{"type":"LineString","coordinates":[[24.940393,60.17056],[24.940394,60.170545],[24.9404,60.170473],[24.940403,60.170429],[24.940405,60.170394],[24.940407,60.170367],[24.940409,60.170338],[24.940412,60.170287],[24.940419,60.170214],[24.94047,60.170187]]},"properties":{"c":"footway"}},{"type":"Feature","geometry":{"type":"LineString","coordinates":[[24.941511,60.170583],[24.941513,60.170572],[24.94152,60.1705],[24.941525,60.170453],[24.941528,60.170422],[24.941531,60.170393],[24.941534,60.170363],[24.941539,60.170314],[24.941544,60.170271]]},"properties":{"c":"footway"}},{"type":"Feature","geometry":{"type":"LineString","coordinates":[[24.942553,60.170254],[24.942546,60.170306],[24.942542,60.170339]]},"properties":{"c":"footway"}},{"type":"Feature","geometry":{"type":"LineString","coordinates":[[24.939708,60.170543],[24.939687,60.170535],[24.93961,60.170507],[24.939448,60.170449],[24.93938,60.170427]]},"properties":{"c":"footway"}},{"type":"Feature","geometry":{"type":"LineString","coordinates":[[24.941627,60.167528],[24.941582,60.1675],[24.941501,60.167467],[24.940925,60.167269],[24.940277,60.167045],[24.940184,60.167016],[24.940091,60.166981]]},"properties":{"c":"footway"}},{"type":"Feature","geometry":{"type":"LineString","coordinates":[[24.949437,60.165224],[24.94948,60.165226],[24.949627,60.16523],[24.949652,60.165231]]},"properties":{"c":"footway"}},{"type":"Feature","geometry":{"type":"LineString","coordinates":[[24.938278,60.169717],[24.938177,60.16968],[24.937522,60.169431],[24.937507,60.169427],[24.936563,60.169086],[24.936345,60.169004],[24.93631,60.168983]]},"properties":{"c":"footway"}},{"type":"Feature","geometry":{"type":"LineString","coordinates":[[24.939577,60.172536],[24.939645,60.172537],[24.939794,60.17254],[24.939859,60.172541],[24.93992,60.172542],[24.940073,60.172545],[24.940144,60.172547],[24.940216,60.172548],[24.940358,60.172551],[24.940425,60.172552],[24.940495,60.172554],[24.94071,60.172558]]},"properties":{"c":"footway"}},{"type":"Feature","geometry":{"type":"LineString","coordinates":[[24.93938,60.173716],[24.939428,60.173774]]},"properties":{"c":"steps"}},{"type":"Feature","geometry":{"type":"LineString","coordinates":[[24.936995,60.172141],[24.937032,60.171999]]},"properties":{"c":"steps"}},{"type":"Feature","geometry":{"type":"LineString","coordinates":[[24.939163,60.172215],[24.939159,60.172248],[24.939154,60.172286]]},"properties":{"c":"footway"}},{"type":"Feature","geometry":{"type":"LineString","coordinates":[[24.940085,60.171268],[24.940022,60.171297],[24.939959,60.171325]]},"properties":{"c":"footway"}},{"type":"Feature","geometry":{"type":"LineString","coordinates":[[24.935641,60.170603],[24.936069,60.170755],[24.936319,60.170843]]},"properties":{"c":"footway"}},{"type":"Feature","geometry":{"type":"LineString","coordinates":[[24.938962,60.169868],[24.938949,60.169895],[24.938961,60.16991],[24.939657,60.170189],[24.939721,60.170201],[24.940099,60.170207],[24.940161,60.170209],[24.940306,60.170212]]},"properties":{"c":"footway"}},{"type":"Feature","geometry":{"type":"LineString","coordinates":[[24.951241,60.169749],[24.951201,60.169778],[24.951149,60.169826]]},"properties":{"c":"footway"}},{"type":"Feature","geometry":{"type":"LineString","coordinates":[[24.953329,60.170787],[24.953363,60.170395],[24.953407,60.170055]]},"properties":{"c":"footway"}},{"type":"Feature","geometry":{"type":"LineString","coordinates":[[24.95336,60.16989],[24.953275,60.169826],[24.953227,60.169796]]},"properties":{"c":"footway"}},{"type":"Feature","geometry":{"type":"LineString","coordinates":[[24.952244,60.169774],[24.952243,60.169801],[24.952238,60.169854],[24.952237,60.169871]]},"properties":{"c":"footway"}},{"type":"Feature","geometry":{"type":"LineString","coordinates":[[24.952547,60.164295],[24.952663,60.164271],[24.952763,60.164243],[24.952788,60.16422]]},"properties":{"c":"footway"}},{"type":"Feature","geometry":{"type":"LineString","coordinates":[[24.947531,60.167099],[24.947581,60.16668],[24.947644,60.166158]]},"properties":{"c":"footway"}},{"type":"Feature","geometry":{"type":"LineString","coordinates":[[24.948612,60.164876],[24.948065,60.164864]]},"properties":{"c":"footway"}},{"type":"Feature","geometry":{"type":"LineString","coordinates":[[24.948865,60.164691],[24.948863,60.16471],[24.948862,60.164718],[24.948856,60.164772],[24.948848,60.164843]]},"properties":{"c":"footway"}},{"type":"Feature","geometry":{"type":"LineString","coordinates":[[24.951558,60.164773],[24.951551,60.164823],[24.951544,60.164891]]},"properties":{"c":"footway"}},{"type":"Feature","geometry":{"type":"LineString","coordinates":[[24.951533,60.165306],[24.951525,60.165364]]},"properties":{"c":"steps"}},{"type":"Feature","geometry":{"type":"LineString","coordinates":[[24.951525,60.165364],[24.951496,60.165399]]},"properties":{"c":"footway"}},{"type":"Feature","geometry":{"type":"LineString","coordinates":[[24.951496,60.165399],[24.951471,60.165644],[24.951459,60.165702],[24.951453,60.165756],[24.951452,60.165776],[24.951295,60.167159],[24.951292,60.167207]]},"properties":{"c":"footway"}},{"type":"Feature","geometry":{"type":"LineString","coordinates":[[24.951533,60.165306],[24.951585,60.164882]]},"properties":{"c":"footway"}},{"type":"Feature","geometry":{"type":"LineString","coordinates":[[24.952613,60.167444],[24.952677,60.166762],[24.952657,60.166754],[24.952626,60.166741],[24.952612,60.166718],[24.952576,60.166606],[24.952563,60.166584],[24.952559,60.166551],[24.952583,60.166186],[24.952605,60.166029],[24.952638,60.165795],[24.952656,60.165731],[24.952666,60.165677],[24.952685,60.165629],[24.952719,60.165572],[24.95283,60.165324]]},"properties":{"c":"footway"}},{"type":"Feature","geometry":{"type":"LineString","coordinates":[[24.952559,60.166551],[24.952533,60.166551]]},"properties":{"c":"footway"}},{"type":"Feature","geometry":{"type":"LineString","coordinates":[[24.952207,60.167245],[24.952278,60.166544],[24.952326,60.166179],[24.952378,60.165788]]},"properties":{"c":"footway"}},{"type":"Feature","geometry":{"type":"LineString","coordinates":[[24.949271,60.167761],[24.948846,60.167582],[24.94879,60.167516],[24.948886,60.167449],[24.949359,60.167284]]},"properties":{"c":"footway"}},{"type":"Feature","geometry":{"type":"LineString","coordinates":[[24.945363,60.167428],[24.945341,60.167364],[24.945199,60.16731],[24.945069,60.167269],[24.944941,60.167254],[24.944828,60.167249],[24.944762,60.167249],[24.944673,60.16726],[24.944529,60.1673]]},"properties":{"c":"footway"}},{"type":"Feature","geometry":{"type":"LineString","coordinates":[[24.952881,60.164997],[24.95285,60.164996],[24.952775,60.164994],[24.95271,60.164992],[24.952692,60.164992],[24.952647,60.16499],[24.952592,60.164989],[24.952548,60.164988],[24.952504,60.164986],[24.952447,60.164985]]},"properties":{"c":"footway"}},{"type":"Feature","geometry":{"type":"LineString","coordinates":[[24.952638,60.165795],[24.952617,60.165795],[24.952554,60.165793],[24.9525,60.165791]]},"properties":{"c":"footway"}},{"type":"Feature","geometry":{"type":"LineString","coordinates":[[24.942978,60.165103],[24.942863,60.165089],[24.942783,60.165065]]},"properties":{"c":"footway"}},{"type":"Feature","geometry":{"type":"LineString","coordinates":[[24.950821,60.167574],[24.95085,60.167344],[24.950929,60.167346]]},"properties":{"c":"footway"}},{"type":"Feature","geometry":{"type":"LineString","coordinates":[[24.950412,60.173074],[24.950426,60.173011],[24.950461,60.172686],[24.950465,60.172643],[24.950503,60.172233],[24.950522,60.172111],[24.950546,60.171869],[24.95058,60.171533],[24.950591,60.171428],[24.950623,60.17109],[24.950652,60.170821]]},"properties":{"c":"footway"}},{"type":"Feature","geometry":{"type":"LineString","coordinates":[[24.948662,60.16556],[24.948657,60.165618],[24.948648,60.165679]]},"properties":{"c":"footway"}},{"type":"Feature","geometry":{"type":"LineString","coordinates":[[24.947855,60.166165],[24.947747,60.166162],[24.947644,60.166158],[24.94598,60.166106]]},"properties":{"c":"footway"}},{"type":"Feature","geometry":{"type":"LineString","coordinates":[[24.945957,60.16721],[24.945961,60.167134],[24.945965,60.16706]]},"properties":{"c":"footway"}},{"type":"Feature","geometry":{"type":"LineString","coordinates":[[24.94278,60.167318],[24.94292,60.167519],[24.943027,60.167593]]},"properties":{"c":"footway"}},{"type":"Feature","geometry":{"type":"LineString","coordinates":[[24.935195,60.167994],[24.935221,60.168004]]},"properties":{"c":"footway"}},{"type":"Feature","geometry":{"type":"LineString","coordinates":[[24.950368,60.176128],[24.950318,60.176625]]},"properties":{"c":"cycleway"}},{"type":"Feature","geometry":{"type":"LineString","coordinates":[[24.938961,60.16991],[24.93891,60.169944],[24.938883,60.169963],[24.938859,60.169979],[24.938841,60.169991],[24.938824,60.170004],[24.938823,60.170004],[24.938794,60.170024],[24.938793,60.170025],[24.938778,60.170035],[24.938758,60.170049],[24.938739,60.170062],[24.938704,60.170086]]},"properties":{"c":"footway"}},{"type":"Feature","geometry":{"type":"LineString","coordinates":[[24.940962,60.168571],[24.940808,60.168585],[24.940458,60.168818],[24.94006,60.169085],[24.940018,60.169113],[24.939849,60.169225],[24.939851,60.169247],[24.939876,60.169271]]},"properties":{"c":"footway"}},{"type":"Feature","geometry":{"type":"LineString","coordinates":[[24.944843,60.170858],[24.944924,60.170863],[24.945016,60.170866],[24.945046,60.170867],[24.945114,60.17087],[24.945148,60.170872],[24.945259,60.170875]]},"properties":{"c":"footway"}},{"type":"Feature","geometry":{"type":"LineString","coordinates":[[24.949775,60.178281],[24.949782,60.178168],[24.949811,60.177833],[24.949887,60.176948]]},"properties":{"c":"footway"}},{"type":"Feature","geometry":{"type":"LineString","coordinates":[[24.950896,60.178166],[24.950893,60.178218],[24.950883,60.178333],[24.950876,60.17845],[24.950813,60.178907]]},"properties":{"c":"footway"}},{"type":"Feature","geometry":{"type":"LineString","coordinates":[[24.938883,60.169963],[24.939234,60.170097],[24.939588,60.17023]]},"properties":{"c":"footway"}},{"type":"Feature","geometry":{"type":"LineString","coordinates":[[24.943843,60.164922],[24.943897,60.164923],[24.943955,60.164924],[24.943995,60.164925],[24.944066,60.164926],[24.944156,60.164928]]},"properties":{"c":"footway"}},{"type":"Feature","geometry":{"type":"LineString","coordinates":[[24.943487,60.165563],[24.943634,60.165582],[24.943736,60.165595],[24.943795,60.165603],[24.943826,60.165608],[24.943845,60.165611],[24.943983,60.165633],[24.944053,60.165642],[24.944081,60.165646]]},"properties":{"c":"footway"}},{"type":"Feature","geometry":{"type":"LineString","coordinates":[[24.953276,60.169142],[24.952148,60.169112],[24.951985,60.169108]]},"properties":{"c":"footway"}},{"type":"Feature","geometry":{"type":"LineString","coordinates":[[24.953282,60.169025],[24.953279,60.169075],[24.953279,60.169086],[24.953278,60.169094],[24.953278,60.169102],[24.953276,60.169142],[24.953276,60.169153],[24.953273,60.169208],[24.95327,60.169266]]},"properties":{"c":"footway"}},{"type":"Feature","geometry":{"type":"LineString","coordinates":[[24.950854,60.16892],[24.950969,60.168924],[24.95098,60.168924],[24.951011,60.168925],[24.951119,60.168929]]},"properties":{"c":"footway"}},{"type":"Feature","geometry":{"type":"LineString","coordinates":[[24.952359,60.167863],[24.952227,60.167816],[24.952191,60.167795]]},"properties":{"c":"footway"}},{"type":"Feature","geometry":{"type":"LineString","coordinates":[[24.953137,60.16529],[24.953082,60.16574],[24.953084,60.165817],[24.953159,60.166088],[24.953175,60.166213],[24.953176,60.166323],[24.953164,60.166454],[24.953143,60.166621],[24.95313,60.166742],[24.953114,60.166748],[24.952669,60.166735],[24.952626,60.166741],[24.9526,60.166751],[24.952592,60.166775],[24.952597,60.166828]]},"properties":{"c":"cycleway"}},{"type":"Feature","geometry":{"type":"LineString","coordinates":[[24.949924,60.16452],[24.949938,60.16455],[24.949921,60.164728]]},"properties":{"c":"footway"}},{"type":"Feature","geometry":{"type":"LineString","coordinates":[[24.952656,60.165731],[24.953082,60.16574],[24.953124,60.165741]]},"properties":{"c":"footway"}},{"type":"Feature","geometry":{"type":"LineString","coordinates":[[24.952583,60.166186],[24.9525,60.166184],[24.952441,60.166182],[24.952379,60.16618],[24.952326,60.166179]]},"properties":{"c":"footway"}},{"type":"Feature","geometry":{"type":"LineString","coordinates":[[24.953201,60.165291],[24.953137,60.16529]]},"properties":{"c":"footway"}},{"type":"Feature","geometry":{"type":"LineString","coordinates":[[24.953201,60.165291],[24.953124,60.165741],[24.953235,60.166159]]},"properties":{"c":"footway"}},{"type":"Feature","geometry":{"type":"LineString","coordinates":[[24.95289,60.164966],[24.952952,60.164955]]},"properties":{"c":"footway"}},{"type":"Feature","geometry":{"type":"LineString","coordinates":[[24.949238,60.168908],[24.94927,60.168622],[24.949341,60.167912],[24.949322,60.167886],[24.949323,60.167867],[24.949327,60.167825],[24.949337,60.167763],[24.949361,60.167529],[24.949393,60.167283]]},"properties":{"c":"footway"}},{"type":"Feature","geometry":{"type":"LineString","coordinates":[[24.952466,60.178181],[24.952463,60.178223],[24.95246,60.178258],[24.952457,60.1783],[24.952455,60.178315],[24.952451,60.178372],[24.952443,60.17847]]},"properties":{"c":"cycleway"}},{"type":"Feature","geometry":{"type":"LineString","coordinates":[[24.951626,60.17815],[24.95164,60.178064],[24.951667,60.178024]]},"properties":{"c":"footway"}},{"type":"Feature","geometry":{"type":"LineString","coordinates":[[24.950807,60.178162],[24.950825,60.178013],[24.951538,60.178026],[24.951667,60.178024],[24.951788,60.178028],[24.951935,60.178032]]},"properties":{"c":"footway"}},{"type":"Feature","geometry":{"type":"LineString","coordinates":[[24.951756,60.177033],[24.95188,60.177035],[24.951971,60.177038],[24.952033,60.177038]]},"properties":{"c":"footway"}},{"type":"Feature","geometry":{"type":"LineString","coordinates":[[24.950655,60.176789],[24.950628,60.176849]]},"properties":{"c":"steps"}},{"type":"Feature","geometry":{"type":"LineString","coordinates":[[24.949782,60.178168],[24.949945,60.17816],[24.950066,60.178153],[24.95013,60.178141],[24.950179,60.178131],[24.95027,60.178113],[24.950366,60.178094]]},"properties":{"c":"footway"}},{"type":"Feature","geometry":{"type":"LineString","coordinates":[[24.94414,60.172927],[24.944238,60.172009]]},"properties":{"c":"footway"}},{"type":"Feature","geometry":{"type":"LineString","coordinates":[[24.944526,60.171904],[24.944499,60.171949],[24.944466,60.172014]]},"properties":{"c":"footway"}},{"type":"Feature","geometry":{"type":"LineString","coordinates":[[24.943024,60.170263],[24.943022,60.170315]]},"properties":{"c":"footway"}},{"type":"Feature","geometry":{"type":"LineString","coordinates":[[24.942208,60.170227],[24.941813,60.17022],[24.941511,60.170215]]},"properties":{"c":"footway"}},{"type":"Feature","geometry":{"type":"LineString","coordinates":[[24.940223,60.16689],[24.940262,60.166861],[24.940406,60.166756],[24.9409,60.166405],[24.941446,60.165996],[24.941473,60.165974]]},"properties":{"c":"footway"}},{"type":"Feature","geometry":{"type":"LineString","coordinates":[[24.947805,60.164185],[24.947867,60.164185]]},"properties":{"c":"footway"}},{"type":"Feature","geometry":{"type":"LineString","coordinates":[[24.947799,60.1643],[24.946205,60.164259]]},"properties":{"c":"footway"}},{"type":"Feature","geometry":{"type":"LineString","coordinates":[[24.945777,60.165857],[24.944078,60.165811]]},"properties":{"c":"footway"}},{"type":"Feature","geometry":{"type":"LineString","coordinates":[[24.944085,60.165702],[24.945125,60.165727],[24.945781,60.165742],[24.945826,60.165743],[24.945897,60.165745],[24.945983,60.165746],[24.946009,60.165747]]},"properties":{"c":"footway"}},{"type":"Feature","geometry":{"type":"LineString","coordinates":[[24.945988,60.165997],[24.947361,60.166045],[24.947653,60.166055],[24.947676,60.166056]]},"properties":{"c":"footway"}},{"type":"Feature","geometry":{"type":"LineString","coordinates":[[24.944223,60.164339],[24.944121,60.164338],[24.944093,60.164338],[24.944041,60.164338],[24.943983,60.164337]]},"properties":{"c":"footway"}},{"type":"Feature","geometry":{"type":"LineString","coordinates":[[24.943736,60.165595],[24.94375,60.165507]]},"properties":{"c":"footway"}},{"type":"Feature","geometry":{"type":"LineString","coordinates":[[24.943851,60.166761],[24.943812,60.166745],[24.943792,60.16671],[24.943779,60.166665],[24.943759,60.166602],[24.943725,60.166565]]},"properties":{"c":"cycleway"}},{"type":"Feature","geometry":{"type":"LineString","coordinates":[[24.94316,60.166403],[24.943252,60.166406]]},"properties":{"c":"cycleway"}},{"type":"Feature","geometry":{"type":"LineString","coordinates":[[24.943725,60.166565],[24.943814,60.166578],[24.943884,60.166588],[24.943986,60.166601]]},"properties":{"c":"footway"}},{"type":"Feature","geometry":{"type":"LineString","coordinates":[[24.953102,60.164282],[24.953016,60.164265],[24.952931,60.164249],[24.952882,60.164239],[24.952847,60.164232],[24.952788,60.16422]]},"properties":{"c":"footway"}},{"type":"Feature","geometry":{"type":"LineString","coordinates":[[24.947987,60.165487],[24.948548,60.165497]]},"properties":{"c":"footway"}},{"type":"Feature","geometry":{"type":"LineString","coordinates":[[24.951544,60.164891],[24.951506,60.16527],[24.951496,60.165399]]},"properties":{"c":"footway"}},{"type":"Feature","geometry":{"type":"LineString","coordinates":[[24.944873,60.170492],[24.944914,60.17045],[24.945087,60.170301],[24.945099,60.170192],[24.94513,60.169917],[24.945147,60.169767]]},"properties":{"c":"footway"}},{"type":"Feature","geometry":{"type":"LineString","coordinates":[[24.945002,60.17048],[24.945109,60.170397],[24.945138,60.170369],[24.945156,60.170337],[24.945167,60.170301],[24.945211,60.169887],[24.945233,60.169832],[24.945287,60.169815],[24.945313,60.169815],[24.9454,60.169814]]},"properties":{"c":"cycleway"}},{"type":"Feature","geometry":{"type":"LineString","coordinates":[[24.945032,60.170487],[24.945129,60.170456],[24.945211,60.170414],[24.945241,60.170372],[24.945254,60.170319]]},"properties":{"c":"footway"}},{"type":"Feature","geometry":{"type":"LineString","coordinates":[[24.94757,60.169886],[24.947634,60.169889],[24.947728,60.169891],[24.94779,60.169892],[24.948499,60.169906],[24.949122,60.169935]]},"properties":{"c":"footway"}},{"type":"Feature","geometry":{"type":"LineString","coordinates":[[24.945545,60.169839],[24.945445,60.16996]]},"properties":{"c":"footway"}},{"type":"Feature","geometry":{"type":"LineString","coordinates":[[24.945331,60.172095],[24.945338,60.172033],[24.94534,60.17202],[24.945344,60.171987]]},"properties":{"c":"footway"}},{"type":"Feature","geometry":{"type":"LineString","coordinates":[[24.947293,60.171517],[24.947327,60.171511],[24.947373,60.171503],[24.947415,60.171495],[24.947485,60.171482],[24.947578,60.171466]]},"properties":{"c":"footway"}},{"type":"Feature","geometry":{"type":"LineString","coordinates":[[24.939239,60.16963],[24.939322,60.169578]]},"properties":{"c":"steps"}},{"type":"Feature","geometry":{"type":"LineString","coordinates":[[24.939322,60.169578],[24.939412,60.169573]]},"properties":{"c":"footway"}},{"type":"Feature","geometry":{"type":"LineString","coordinates":[[24.93976,60.169343],[24.93979,60.169356]]},"properties":{"c":"footway"}},{"type":"Feature","geometry":{"type":"LineString","coordinates":[[24.939959,60.170328],[24.940034,60.17033]]},"properties":{"c":"steps"}},{"type":"Feature","geometry":{"type":"LineString","coordinates":[[24.941445,60.170747],[24.941439,60.170834]]},"properties":{"c":"footway"}},{"type":"Feature","geometry":{"type":"LineString","coordinates":[[24.941586,60.17075],[24.941579,60.170837]]},"properties":{"c":"footway"}},{"type":"Feature","geometry":{"type":"LineString","coordinates":[[24.941091,60.170714],[24.940873,60.170709]]},"properties":{"c":"steps"}},{"type":"Feature","geometry":{"type":"LineString","coordinates":[[24.942595,60.165171],[24.940465,60.164425],[24.94037,60.164393],[24.940282,60.164362]]},"properties":{"c":"footway"}},{"type":"Feature","geometry":{"type":"LineString","coordinates":[[24.936807,60.166846],[24.936896,60.166877],[24.937,60.166916],[24.937997,60.167258],[24.938306,60.167364],[24.93917,60.167661],[24.939264,60.16769],[24.939315,60.167707]]},"properties":{"c":"footway"}},{"type":"Feature","geometry":{"type":"LineString","coordinates":[[24.940262,60.166861],[24.940252,60.166785],[24.9403,60.166708],[24.940322,60.166601]]},"properties":{"c":"footway"}},{"type":"Feature","geometry":{"type":"LineString","coordinates":[[24.93687,60.168622],[24.936824,60.168606],[24.936736,60.168574],[24.936663,60.168547]]},"properties":{"c":"footway"}},{"type":"Feature","geometry":{"type":"LineString","coordinates":[[24.939559,60.166799],[24.939453,60.166763],[24.939389,60.166738],[24.939344,60.166724],[24.939024,60.166611],[24.938699,60.166497],[24.938579,60.166453],[24.938537,60.166439],[24.937941,60.166241],[24.937838,60.16621],[24.937752,60.166177],[24.935605,60.165436],[24.935509,60.165403],[24.935419,60.165371]]},"properties":{"c":"footway"}},{"type":"Feature","geometry":{"type":"LineString","coordinates":[[24.935562,60.165271],[24.935654,60.165302],[24.93575,60.165334],[24.937897,60.166083],[24.937973,60.166112],[24.93808,60.16615],[24.938149,60.166174],[24.938696,60.166368],[24.939526,60.16665],[24.939692,60.16671],[24.939946,60.166795],[24.940223,60.16689],[24.940311,60.166921],[24.940402,60.166953],[24.941061,60.167179],[24.941178,60.167234],[24.941744,60.167414]]},"properties":{"c":"footway"}},{"type":"Feature","geometry":{"type":"LineString","coordinates":[[24.935419,60.165371],[24.935488,60.165326],[24.935562,60.165271],[24.936846,60.164355]]},"properties":{"c":"footway"}},{"type":"Feature","geometry":{"type":"LineString","coordinates":[[24.9409,60.166405],[24.940771,60.16634]]},"properties":{"c":"steps"}},{"type":"Feature","geometry":{"type":"LineString","coordinates":[[24.940297,60.166487],[24.940354,60.166456],[24.940504,60.166356],[24.940665,60.166319],[24.940771,60.16634]]},"properties":{"c":"footway"}},{"type":"Feature","geometry":{"type":"LineString","coordinates":[[24.941238,60.170229],[24.941237,60.170246],[24.941278,60.170247]]},"properties":{"c":"footway"}},{"type":"Feature","geometry":{"type":"LineString","coordinates":[[24.9403,60.170184],[24.940306,60.170212]]},"properties":{"c":"footway"}},{"type":"Feature","geometry":{"type":"LineString","coordinates":[[24.938296,60.169655],[24.938243,60.169635],[24.938211,60.169658]]},"properties":{"c":"footway"}},{"type":"Feature","geometry":{"type":"LineString","coordinates":[[24.938348,60.169673],[24.938296,60.169655]]},"properties":{"c":"footway"}},{"type":"Feature","geometry":{"type":"LineString","coordinates":[[24.938177,60.16968],[24.938211,60.169658]]},"properties":{"c":"footway"}},{"type":"Feature","geometry":{"type":"LineString","coordinates":[[24.938775,60.169301],[24.938851,60.16933]]},"properties":{"c":"footway"}},{"type":"Feature","geometry":{"type":"LineString","coordinates":[[24.940322,60.166601],[24.940379,60.166707]]},"properties":{"c":"footway"}},{"type":"Feature","geometry":{"type":"LineString","coordinates":[[24.940406,60.166756],[24.940379,60.166707]]},"properties":{"c":"steps"}},{"type":"Feature","geometry":{"type":"LineString","coordinates":[[24.939419,60.167301],[24.93958,60.167355]]},"properties":{"c":"footway"}},{"type":"Feature","geometry":{"type":"LineString","coordinates":[[24.943791,60.165386],[24.943823,60.16511],[24.943828,60.165068],[24.943843,60.164922]]},"properties":{"c":"footway"}},{"type":"Feature","geometry":{"type":"LineString","coordinates":[[24.943843,60.164922],[24.943901,60.164739],[24.943923,60.16467],[24.943941,60.164498],[24.943983,60.164337]]},"properties":{"c":"footway"}},{"type":"Feature","geometry":{"type":"LineString","coordinates":[[24.943018,60.165118],[24.943475,60.165278],[24.943566,60.16531],[24.943648,60.165339]]},"properties":{"c":"footway"}},{"type":"Feature","geometry":{"type":"LineString","coordinates":[[24.942794,60.165244],[24.942765,60.165255],[24.941846,60.165925]]},"properties":{"c":"footway"}},{"type":"Feature","geometry":{"type":"LineString","coordinates":[[24.948075,60.164189],[24.948023,60.164662]]},"properties":{"c":"footway"}},{"type":"Feature","geometry":{"type":"LineString","coordinates":[[24.942155,60.167712],[24.942107,60.167695],[24.942041,60.167672],[24.94196,60.167644],[24.941903,60.167624],[24.941858,60.167608],[24.941804,60.167589],[24.94173,60.167564],[24.941627,60.167528]]},"properties":{"c":"cycleway"}},{"type":"Feature","geometry":{"type":"LineString","coordinates":[[24.940627,60.168137],[24.940711,60.168179]]},"properties":{"c":"footway"}},{"type":"Feature","geometry":{"type":"LineString","coordinates":[[24.943484,60.166448],[24.943449,60.166472]]},"properties":{"c":"footway"}},{"type":"Feature","geometry":{"type":"LineString","coordinates":[[24.943581,60.166381],[24.943484,60.166448]]},"properties":{"c":"steps"}},{"type":"Feature","geometry":{"type":"LineString","coordinates":[[24.944786,60.171458],[24.944855,60.17146],[24.944949,60.171462],[24.944977,60.171463],[24.945083,60.171465],[24.945193,60.171467]]},"properties":{"c":"footway"}},{"type":"Feature","geometry":{"type":"LineString","coordinates":[[24.947217,60.173402],[24.947407,60.173407],[24.948567,60.173434],[24.948768,60.173427],[24.948933,60.17339]]},"properties":{"c":"footway"}},{"type":"Feature","geometry":{"type":"LineString","coordinates":[[24.948409,60.173963],[24.948732,60.173784],[24.948774,60.173728],[24.94878,60.173679],[24.948745,60.173618],[24.948653,60.173493],[24.948567,60.173434]]},"properties":{"c":"footway"}},{"type":"Feature","geometry":{"type":"LineString","coordinates":[[24.946713,60.173508],[24.946525,60.173395],[24.946138,60.17323],[24.945316,60.172984]]},"properties":{"c":"footway"}},{"type":"Feature","geometry":{"type":"LineString","coordinates":[[24.947324,60.172156],[24.947327,60.172162],[24.947326,60.172174],[24.947268,60.172698],[24.947263,60.172736],[24.947239,60.172991],[24.947237,60.173003],[24.947236,60.173029],[24.94725,60.17308]]},"properties":{"c":"footway"}},{"type":"Feature","geometry":{"type":"LineString","coordinates":[[24.945281,60.1725],[24.945263,60.172499],[24.945158,60.172496]]},"properties":{"c":"footway"}},{"type":"Feature","geometry":{"type":"LineString","coordinates":[[24.946138,60.17323],[24.946178,60.172997]]},"properties":{"c":"footway"}},{"type":"Feature","geometry":{"type":"LineString","coordinates":[[24.947407,60.173407],[24.947411,60.173376]]},"properties":{"c":"footway"}},{"type":"Feature","geometry":{"type":"LineString","coordinates":[[24.944306,60.173027],[24.944307,60.172973],[24.944308,60.172932],[24.944397,60.172081],[24.94443,60.172031]]},"properties":{"c":"footway"}},{"type":"Feature","geometry":{"type":"LineString","coordinates":[[24.944308,60.172932],[24.94422,60.172929],[24.94414,60.172927],[24.943423,60.172907],[24.943339,60.172904],[24.943255,60.172901]]},"properties":{"c":"footway"}},{"type":"Feature","geometry":{"type":"LineString","coordinates":[[24.94389,60.171965],[24.943886,60.171992]]},"properties":{"c":"steps"}},{"type":"Feature","geometry":{"type":"LineString","coordinates":[[24.943599,60.171836],[24.943591,60.171895],[24.943585,60.171944]]},"properties":{"c":"footway"}},{"type":"Feature","geometry":{"type":"LineString","coordinates":[[24.943571,60.172036],[24.943568,60.172061]]},"properties":{"c":"steps"}},{"type":"Feature","geometry":{"type":"LineString","coordinates":[[24.93832,60.169919],[24.938185,60.170008]]},"properties":{"c":"steps"}},{"type":"Feature","geometry":{"type":"LineString","coordinates":[[24.942443,60.17117],[24.942409,60.171169],[24.942309,60.171167]]},"properties":{"c":"footway"}},{"type":"Feature","geometry":{"type":"LineString","coordinates":[[24.940705,60.171133],[24.940696,60.171227],[24.940689,60.171304],[24.940686,60.171341],[24.940685,60.171357],[24.940683,60.171374],[24.940645,60.171797],[24.940614,60.172147],[24.940555,60.172145],[24.940546,60.172244]]},"properties":{"c":"footway"}},{"type":"Feature","geometry":{"type":"LineString","coordinates":[[24.940396,60.17224],[24.940473,60.172242],[24.940484,60.172242]]},"properties":{"c":"footway"}},{"type":"Feature","geometry":{"type":"LineString","coordinates":[[24.941221,60.171216],[24.941229,60.171144],[24.941258,60.17083],[24.941439,60.170834],[24.941509,60.170836],[24.941579,60.170837],[24.94177,60.170842],[24.941741,60.171155],[24.941732,60.17123]]},"properties":{"c":"footway"}},{"type":"Feature","geometry":{"type":"LineString","coordinates":[[24.950142,60.173694],[24.950282,60.173767],[24.950449,60.173852]]},"properties":{"c":"cycleway"}},{"type":"Feature","geometry":{"type":"LineString","coordinates":[[24.943196,60.169799],[24.943367,60.169802]]},"properties":{"c":"footway"}},{"type":"Feature","geometry":{"type":"LineString","coordinates":[[24.942543,60.169429],[24.942518,60.16973]]},"properties":{"c":"footway"}},{"type":"Feature","geometry":{"type":"LineString","coordinates":[[24.941853,60.170833],[24.941858,60.170789]]},"properties":{"c":"steps"}},{"type":"Feature","geometry":{"type":"LineString","coordinates":[[24.939131,60.170589],[24.93924,60.170594]]},"properties":{"c":"footway"}},{"type":"Feature","geometry":{"type":"LineString","coordinates":[[24.945097,60.172088],[24.945043,60.172749],[24.945042,60.172763],[24.945013,60.172981]]},"properties":{"c":"footway"}},{"type":"Feature","geometry":{"type":"LineString","coordinates":[[24.945042,60.172763],[24.945134,60.172766],[24.94523,60.172769],[24.945263,60.172499],[24.945279,60.172378],[24.945311,60.172095],[24.945331,60.172095],[24.94573,60.172107],[24.947287,60.172153],[24.947324,60.172156]]},"properties":{"c":"footway"}},{"type":"Feature","geometry":{"type":"LineString","coordinates":[[24.940226,60.164209],[24.940404,60.164271],[24.940488,60.164304],[24.940585,60.164339],[24.940878,60.164441],[24.942724,60.165091]]},"properties":{"c":"footway"}},{"type":"Feature","geometry":{"type":"LineString","coordinates":[[24.949983,60.17662],[24.950032,60.176115]]},"properties":{"c":"cycleway"}},{"type":"Feature","geometry":{"type":"LineString","coordinates":[[24.950032,60.176115],[24.950035,60.176049],[24.950036,60.176032],[24.950034,60.175936],[24.950023,60.175902]]},"properties":{"c":"cycleway"}},{"type":"Feature","geometry":{"type":"LineString","coordinates":[[24.939538,60.172834],[24.938973,60.172819]]},"properties":{"c":"footway"}},{"type":"Feature","geometry":{"type":"LineString","coordinates":[[24.938541,60.171761],[24.938621,60.171766],[24.938677,60.171771],[24.93873,60.171774],[24.938908,60.171786]]},"properties":{"c":"footway"}},{"type":"Feature","geometry":{"type":"LineString","coordinates":[[24.938645,60.171383],[24.938677,60.171386],[24.9387,60.171354],[24.93881,60.171354],[24.939017,60.171366]]},"properties":{"c":"footway"}},{"type":"Feature","geometry":{"type":"LineString","coordinates":[[24.93846,60.172236],[24.93792,60.172452],[24.937296,60.172683]]},"properties":{"c":"footway"}},{"type":"Feature","geometry":{"type":"LineString","coordinates":[[24.940203,60.168446],[24.940129,60.168418]]},"properties":{"c":"footway"}},{"type":"Feature","geometry":{"type":"LineString","coordinates":[[24.943953,60.168671],[24.943942,60.168779]]},"properties":{"c":"footway"}},{"type":"Feature","geometry":{"type":"LineString","coordinates":[[24.941496,60.168187],[24.941543,60.168204]]},"properties":{"c":"footway"}},{"type":"Feature","geometry":{"type":"LineString","coordinates":[[24.948572,60.169047],[24.948559,60.169207],[24.948399,60.169298],[24.948396,60.169373],[24.947706,60.169696],[24.947477,60.169712]]},"properties":{"c":"footway"}},{"type":"Feature","geometry":{"type":"LineString","coordinates":[[24.940409,60.165591],[24.940279,60.165683],[24.93986,60.166002],[24.939485,60.166271]]},"properties":{"c":"footway"}},{"type":"Feature","geometry":{"type":"LineString","coordinates":[[24.939485,60.166271],[24.939427,60.166312]]},"properties":{"c":"steps"}},{"type":"Feature","geometry":{"type":"LineString","coordinates":[[24.940262,60.166861],[24.94008,60.166753],[24.940052,60.16671],[24.939877,60.166653],[24.939667,60.166579],[24.939782,60.166472],[24.939919,60.166393],[24.940159,60.16625],[24.940539,60.166146],[24.940784,60.166144],[24.941005,60.166158]]},"properties":{"c":"footway"}},{"type":"Feature","geometry":{"type":"LineString","coordinates":[[24.938422,60.166123],[24.93844,60.166077],[24.938565,60.165935],[24.938694,60.165834],[24.938851,60.165746],[24.939048,60.165697],[24.939078,60.165698]]},"properties":{"c":"footway"}},{"type":"Feature","geometry":{"type":"LineString","coordinates":[[24.939667,60.166579],[24.939652,60.166587],[24.939526,60.16665]]},"properties":{"c":"footway"}},{"type":"Feature","geometry":{"type":"LineString","coordinates":[[24.940159,60.16625],[24.940369,60.166266],[24.940665,60.166319]]},"properties":{"c":"footway"}},{"type":"Feature","geometry":{"type":"LineString","coordinates":[[24.939167,60.165508],[24.9391,60.165406]]},"properties":{"c":"footway"}},{"type":"Feature","geometry":{"type":"LineString","coordinates":[[24.945166,60.168286],[24.945474,60.168293],[24.94549,60.168293]]},"properties":{"c":"footway"}},{"type":"Feature","geometry":{"type":"LineString","coordinates":[[24.940145,60.17252],[24.940144,60.172547]]},"properties":{"c":"footway"}},{"type":"Feature","geometry":{"type":"LineString","coordinates":[[24.942309,60.171167],[24.941741,60.171155],[24.941229,60.171144],[24.940705,60.171133],[24.940394,60.171126]]},"properties":{"c":"footway"}},{"type":"Feature","geometry":{"type":"LineString","coordinates":[[24.945627,60.168296],[24.94549,60.168293]]},"properties":{"c":"footway"}},{"type":"Feature","geometry":{"type":"LineString","coordinates":[[24.940544,60.169465],[24.94055,60.169393]]},"properties":{"c":"steps"}},{"type":"Feature","geometry":{"type":"LineString","coordinates":[[24.94335,60.164829],[24.943474,60.164857],[24.943513,60.164859],[24.943568,60.164857],[24.943626,60.164849],[24.94371,60.164828],[24.9438,60.164791],[24.943901,60.164739]]},"properties":{"c":"footway"}},{"type":"Feature","geometry":{"type":"LineString","coordinates":[[24.951316,60.170781],[24.951319,60.170757],[24.951321,60.170735],[24.951331,60.170635],[24.951333,60.17061]]},"properties":{"c":"footway"}},{"type":"Feature","geometry":{"type":"LineString","coordinates":[[24.949025,60.17066],[24.949058,60.170661],[24.949156,60.170664],[24.94926,60.17067]]},"properties":{"c":"footway"}},{"type":"Feature","geometry":{"type":"LineString","coordinates":[[24.949122,60.169935],[24.949156,60.169936],[24.949237,60.169938],[24.949344,60.169941]]},"properties":{"c":"footway"}},{"type":"Feature","geometry":{"type":"LineString","coordinates":[[24.948468,60.170132],[24.948491,60.169961],[24.948499,60.169906]]},"properties":{"c":"footway"}},{"type":"Feature","geometry":{"type":"LineString","coordinates":[[24.949245,60.170775],[24.949115,60.171996]]},"properties":{"c":"footway"}},{"type":"Feature","geometry":{"type":"LineString","coordinates":[[24.951133,60.170835],[24.951133,60.170851]]},"properties":{"c":"footway"}},{"type":"Feature","geometry":{"type":"LineString","coordinates":[[24.952237,60.169871],[24.952223,60.170019]]},"properties":{"c":"steps"}},{"type":"Feature","geometry":{"type":"LineString","coordinates":[[24.949951,60.170742],[24.949958,60.170683],[24.949959,60.170676]]},"properties":{"c":"footway"}},{"type":"Feature","geometry":{"type":"LineString","coordinates":[[24.950027,60.17571],[24.95014,60.175712],[24.950215,60.175713],[24.950272,60.175715],[24.9503,60.175715],[24.950461,60.175719]]},"properties":{"c":"cycleway"}},{"type":"Feature","geometry":{"type":"LineString","coordinates":[[24.943571,60.172036],[24.943518,60.172023]]},"properties":{"c":"footway"}},{"type":"Feature","geometry":{"type":"LineString","coordinates":[[24.943528,60.171987],[24.94365,60.171988],[24.943764,60.172004],[24.943884,60.172007],[24.944011,60.17201],[24.944098,60.172002],[24.944194,60.171972]]},"properties":{"c":"footway"}},{"type":"Feature","geometry":{"type":"LineString","coordinates":[[24.939055,60.172375],[24.938906,60.172368],[24.938745,60.172361]]},"properties":{"c":"footway"}},{"type":"Feature","geometry":{"type":"LineString","coordinates":[[24.943503,60.172166],[24.943423,60.172907],[24.943422,60.172958],[24.943418,60.173003],[24.943377,60.173047],[24.94336,60.173136],[24.943358,60.173148]]},"properties":{"c":"footway"}},{"type":"Feature","geometry":{"type":"LineString","coordinates":[[24.951306,60.167323],[24.951118,60.167314],[24.951049,60.167312],[24.950981,60.167289],[24.950925,60.167288]]},"properties":{"c":"cycleway"}},{"type":"Feature","geometry":{"type":"LineString","coordinates":[[24.950925,60.167288],[24.949636,60.167257]]},"properties":{"c":"cycleway"}},{"type":"Feature","geometry":{"type":"LineString","coordinates":[[24.951306,60.167323],[24.951296,60.167357],[24.951343,60.167405],[24.951362,60.167424],[24.95139,60.167455],[24.951402,60.167469]]},"properties":{"c":"footway"}},{"type":"Feature","geometry":{"type":"LineString","coordinates":[[24.945207,60.171354],[24.945403,60.17136]]},"properties":{"c":"footway"}},{"type":"Feature","geometry":{"type":"LineString","coordinates":[[24.94539,60.170836],[24.946056,60.171016],[24.946342,60.171109],[24.946465,60.171149],[24.947129,60.171404],[24.94723,60.171466],[24.947293,60.171517]]},"properties":{"c":"footway"}},{"type":"Feature","geometry":{"type":"LineString","coordinates":[[24.950841,60.171433],[24.951263,60.171447],[24.952652,60.171487],[24.95324,60.171503]]},"properties":{"c":"footway"}},{"type":"Feature","geometry":{"type":"LineString","coordinates":[[24.951275,60.171348],[24.951271,60.171428],[24.951263,60.171447],[24.951258,60.171497]]},"properties":{"c":"footway"}},{"type":"Feature","geometry":{"type":"LineString","coordinates":[[24.950901,60.171145],[24.95105,60.171149]]},"properties":{"c":"steps"}},{"type":"Feature","geometry":{"type":"LineString","coordinates":[[24.952828,60.175039],[24.952863,60.174731],[24.952872,60.174647],[24.952877,60.174607],[24.952883,60.174558],[24.952903,60.174355],[24.952923,60.174148]]},"properties":{"c":"footway"}},{"type":"Feature","geometry":{"type":"LineString","coordinates":[[24.953141,60.172329],[24.953215,60.17233],[24.953264,60.172331],[24.953307,60.172332],[24.953404,60.172333]]},"properties":{"c":"footway"}},{"type":"Feature","geometry":{"type":"LineString","coordinates":[[24.95315,60.172222],[24.953219,60.172223],[24.953278,60.172224],[24.953311,60.172224],[24.953367,60.172225]]},"properties":{"c":"footway"}},{"type":"Feature","geometry":{"type":"LineString","coordinates":[[24.949245,60.170775],[24.949253,60.170719],[24.94926,60.17067]]},"properties":{"c":"footway"}},{"type":"Feature","geometry":{"type":"LineString","coordinates":[[24.950658,60.173113],[24.950668,60.173018],[24.950701,60.172715],[24.950722,60.172522],[24.950828,60.171539]]},"properties":{"c":"footway"}},{"type":"Feature","geometry":{"type":"LineString","coordinates":[[24.953244,60.171483],[24.95317,60.171482],[24.953063,60.171468],[24.952972,60.171438],[24.952877,60.171392],[24.952843,60.171365],[24.952826,60.171352],[24.95281,60.171288],[24.952765,60.171253],[24.952776,60.171133],[24.952838,60.1711],[24.952859,60.171048],[24.95292,60.171005],[24.953025,60.170959],[24.953127,60.170938],[24.953245,60.170927],[24.953315,60.170926]]},"properties":{"c":"footway"}},{"type":"Feature","geometry":{"type":"LineString","coordinates":[[24.95054,60.173965],[24.951866,60.173995],[24.952512,60.174015],[24.952858,60.174024],[24.952933,60.174027],[24.952964,60.174017],[24.952974,60.174018]]},"properties":{"c":"footway"}},{"type":"Feature","geometry":{"type":"LineString","coordinates":[[24.939389,60.166738],[24.939457,60.166695],[24.939526,60.16665]]},"properties":{"c":"footway"}},{"type":"Feature","geometry":{"type":"LineString","coordinates":[[24.947622,60.169024],[24.94762,60.169065]]},"properties":{"c":"footway"}},{"type":"Feature","geometry":{"type":"LineString","coordinates":[[24.94738,60.16971],[24.947477,60.169712]]},"properties":{"c":"footway"}},{"type":"Feature","geometry":{"type":"LineString","coordinates":[[24.941126,60.170812],[24.941131,60.170764]]},"properties":{"c":"steps"}},{"type":"Feature","geometry":{"type":"LineString","coordinates":[[24.949306,60.172096],[24.949348,60.172096]]},"properties":{"c":"steps"}},{"type":"Feature","geometry":{"type":"LineString","coordinates":[[24.949162,60.173025],[24.950412,60.173074]]},"properties":{"c":"footway"}},{"type":"Feature","geometry":{"type":"LineString","coordinates":[[24.949431,60.173182],[24.950393,60.173203]]},"properties":{"c":"footway"}},{"type":"Feature","geometry":{"type":"LineString","coordinates":[[24.943692,60.167737],[24.943689,60.167782]]},"properties":{"c":"steps"}},{"type":"Feature","geometry":{"type":"LineString","coordinates":[[24.942734,60.167712],[24.942733,60.167758]]},"properties":{"c":"footway"}},{"type":"Feature","geometry":{"type":"LineString","coordinates":[[24.951039,60.169823],[24.951149,60.169826],[24.952131,60.169851],[24.952238,60.169854],[24.95336,60.16989]]},"properties":{"c":"footway"}},{"type":"Feature","geometry":{"type":"LineString","coordinates":[[24.950956,60.17035],[24.950989,60.17035]]},"properties":{"c":"footway"}},{"type":"Feature","geometry":{"type":"LineString","coordinates":[[24.950989,60.17035],[24.951068,60.170352]]},"properties":{"c":"steps"}},{"type":"Feature","geometry":{"type":"LineString","coordinates":[[24.951439,60.17036],[24.951502,60.170362]]},"properties":{"c":"steps"}},{"type":"Feature","geometry":{"type":"LineString","coordinates":[[24.950031,60.169896],[24.950026,60.169954],[24.950003,60.170145]]},"properties":{"c":"footway"}},{"type":"Feature","geometry":{"type":"LineString","coordinates":[[24.950702,60.170353],[24.950661,60.170352]]},"properties":{"c":"steps"}},{"type":"Feature","geometry":{"type":"LineString","coordinates":[[24.952097,60.170754],[24.952099,60.170739]]},"properties":{"c":"footway"}},{"type":"Feature","geometry":{"type":"LineString","coordinates":[[24.94757,60.169886],[24.947493,60.170725],[24.947472,60.170975]]},"properties":{"c":"footway"}},{"type":"Feature","geometry":{"type":"LineString","coordinates":[[24.947416,60.171278],[24.947501,60.171278],[24.947591,60.171279]]},"properties":{"c":"footway"}},{"type":"Feature","geometry":{"type":"LineString","coordinates":[[24.947613,60.171313],[24.947617,60.171234]]},"properties":{"c":"steps"}},{"type":"Feature","geometry":{"type":"LineString","coordinates":[[24.947885,60.167492],[24.94879,60.167516],[24.949361,60.167529]]},"properties":{"c":"footway"}},{"type":"Feature","geometry":{"type":"LineString","coordinates":[[24.944652,60.167403],[24.944941,60.167415],[24.945363,60.167428]]},"properties":{"c":"footway"}},{"type":"Feature","geometry":{"type":"LineString","coordinates":[[24.94954,60.165576],[24.949557,60.165542],[24.94958,60.165505],[24.949625,60.165248]]},"properties":{"c":"footway"}},{"type":"Feature","geometry":{"type":"LineString","coordinates":[[24.942155,60.167712],[24.942024,60.167822],[24.941694,60.168046],[24.941496,60.168187],[24.94119,60.168382]]},"properties":{"c":"footway"}},{"type":"Feature","geometry":{"type":"LineString","coordinates":[[24.94313,60.167605],[24.943129,60.167667],[24.94312,60.167721]]},"properties":{"c":"footway"}},{"type":"Feature","geometry":{"type":"LineString","coordinates":[[24.936789,60.164335],[24.936855,60.164286],[24.936872,60.164273],[24.936887,60.164262],[24.936953,60.164214]]},"properties":{"c":"footway"}},{"type":"Feature","geometry":{"type":"LineString","coordinates":[[24.937274,60.164322],[24.937226,60.164356],[24.937205,60.164371],[24.937191,60.164381],[24.937184,60.164386],[24.937171,60.164395],[24.937104,60.164442]]},"properties":{"c":"footway"}},{"type":"Feature","geometry":{"type":"LineString","coordinates":[[24.937023,60.164414],[24.936378,60.164875],[24.93575,60.165334],[24.935679,60.165385],[24.935605,60.165436]]},"properties":{"c":"footway"}},{"type":"Feature","geometry":{"type":"LineString","coordinates":[[24.939169,60.165164],[24.939242,60.165116],[24.939258,60.165105],[24.939278,60.165095],[24.939333,60.165049]]},"properties":{"c":"footway"}},{"type":"Feature","geometry":{"type":"LineString","coordinates":[[24.939333,60.165049],[24.940282,60.164362],[24.940337,60.164318],[24.940404,60.164271]]},"properties":{"c":"footway"}},{"type":"Feature","geometry":{"type":"LineString","coordinates":[[24.939571,60.16513],[24.939512,60.165177],[24.939492,60.165186],[24.939476,60.165198],[24.939406,60.165247]]},"properties":{"c":"footway"}},{"type":"Feature","geometry":{"type":"LineString","coordinates":[[24.939351,60.165229],[24.9391,60.165406],[24.93808,60.16615],[24.938011,60.166197],[24.937941,60.166241],[24.937,60.166916],[24.936948,60.166954],[24.936878,60.167009],[24.936246,60.167454],[24.936232,60.167469],[24.936248,60.16748],[24.936199,60.167512],[24.936162,60.167543],[24.936108,60.167558]]},"properties":{"c":"footway"}},{"type":"Feature","geometry":{"type":"LineString","coordinates":[[24.94305,60.166519],[24.943042,60.166482],[24.943086,60.166452],[24.943103,60.166441]]},"properties":{"c":"cycleway"}},{"type":"Feature","geometry":{"type":"LineString","coordinates":[[24.947597,60.172169],[24.947598,60.172142],[24.947599,60.172103],[24.947599,60.172084],[24.9476,60.172062]]},"properties":{"c":"footway"}},{"type":"Feature","geometry":{"type":"LineString","coordinates":[[24.947239,60.172991],[24.947343,60.172992],[24.947464,60.172993],[24.947458,60.173049],[24.947455,60.173086]]},"properties":{"c":"footway"}},{"type":"Feature","geometry":{"type":"LineString","coordinates":[[24.947956,60.17198],[24.947869,60.172],[24.947791,60.172018],[24.947761,60.172024],[24.94771,60.172036],[24.947688,60.172041]]},"properties":{"c":"footway"}},{"type":"Feature","geometry":{"type":"LineString","coordinates":[[24.949041,60.172684],[24.948897,60.172768]]},"properties":{"c":"footway"}},{"type":"Feature","geometry":{"type":"LineString","coordinates":[[24.950595,60.173621],[24.95054,60.173965]]},"properties":{"c":"footway"}},{"type":"Feature","geometry":{"type":"LineString","coordinates":[[24.952877,60.174607],[24.953008,60.17461],[24.953149,60.174613]]},"properties":{"c":"footway"}},{"type":"Feature","geometry":{"type":"LineString","coordinates":[[24.952863,60.174731],[24.952991,60.174732],[24.953133,60.174735]]},"properties":{"c":"footway"}},{"type":"Feature","geometry":{"type":"LineString","coordinates":[[24.951965,60.17555],[24.951986,60.175551],[24.951984,60.175541]]},"properties":{"c":"footway"}},{"type":"Feature","geometry":{"type":"LineString","coordinates":[[24.952358,60.178476],[24.952366,60.178544],[24.952372,60.178588],[24.952346,60.178898],[24.952334,60.17909]]},"properties":{"c":"footway"}},{"type":"Feature","geometry":{"type":"LineString","coordinates":[[24.952009,60.175187],[24.952016,60.175137]]},"properties":{"c":"steps"}},{"type":"Feature","geometry":{"type":"LineString","coordinates":[[24.952016,60.175137],[24.952021,60.175088],[24.952025,60.175052],[24.952028,60.175016],[24.952385,60.175029],[24.952828,60.175039]]},"properties":{"c":"footway"}},{"type":"Feature","geometry":{"type":"LineString","coordinates":[[24.951878,60.175547],[24.951965,60.17555]]},"properties":{"c":"steps"}},{"type":"Feature","geometry":{"type":"LineString","coordinates":[[24.951393,60.175682],[24.951398,60.175652]]},"properties":{"c":"steps"}},{"type":"Feature","geometry":{"type":"LineString","coordinates":[[24.950523,60.175547],[24.950475,60.175554]]},"properties":{"c":"footway"}},{"type":"Feature","geometry":{"type":"LineString","coordinates":[[24.951556,60.17553],[24.951578,60.17553]]},"properties":{"c":"steps"}},{"type":"Feature","geometry":{"type":"LineString","coordinates":[[24.951578,60.17553],[24.951677,60.175532],[24.951878,60.175547]]},"properties":{"c":"footway"}},{"type":"Feature","geometry":{"type":"LineString","coordinates":[[24.950808,60.175558],[24.950523,60.175547]]},"properties":{"c":"footway"}},{"type":"Feature","geometry":{"type":"LineString","coordinates":[[24.951096,60.175566],[24.950808,60.175558]]},"properties":{"c":"footway"}},{"type":"Feature","geometry":{"type":"LineString","coordinates":[[24.951381,60.175576],[24.951096,60.175566]]},"properties":{"c":"footway"}},{"type":"Feature","geometry":{"type":"LineString","coordinates":[[24.952951,60.175108],[24.952949,60.175125]]},"properties":{"c":"steps"}},{"type":"Feature","geometry":{"type":"LineString","coordinates":[[24.952919,60.175124],[24.952949,60.175125],[24.952981,60.175125]]},"properties":{"c":"footway"}},{"type":"Feature","geometry":{"type":"LineString","coordinates":[[24.952919,60.175124],[24.952817,60.175123]]},"properties":{"c":"steps"}},{"type":"Feature","geometry":{"type":"LineString","coordinates":[[24.952981,60.175125],[24.953085,60.175126]]},"properties":{"c":"steps"}},{"type":"Feature","geometry":{"type":"LineString","coordinates":[[24.951386,60.175526],[24.951427,60.175527],[24.951556,60.17553]]},"properties":{"c":"footway"}},{"type":"Feature","geometry":{"type":"LineString","coordinates":[[24.951102,60.175514],[24.951357,60.175526],[24.951386,60.175526]]},"properties":{"c":"footway"}},{"type":"Feature","geometry":{"type":"LineString","coordinates":[[24.950813,60.175507],[24.950846,60.175507],[24.951036,60.175513],[24.951102,60.175514]]},"properties":{"c":"footway"}},{"type":"Feature","geometry":{"type":"LineString","coordinates":[[24.950528,60.1755],[24.950813,60.175507]]},"properties":{"c":"footway"}},{"type":"Feature","geometry":{"type":"LineString","coordinates":[[24.950481,60.175488],[24.950528,60.1755]]},"properties":{"c":"footway"}},{"type":"Feature","geometry":{"type":"LineString","coordinates":[[24.950846,60.175507],[24.950854,60.175415],[24.950855,60.175405]]},"properties":{"c":"footway"}},{"type":"Feature","geometry":{"type":"LineString","coordinates":[[24.950855,60.175405],[24.950875,60.175257]]},"properties":{"c":"footway"}},{"type":"Feature","geometry":{"type":"LineString","coordinates":[[24.950875,60.175257],[24.950879,60.175236]]},"properties":{"c":"footway"}},{"type":"Feature","geometry":{"type":"LineString","coordinates":[[24.951357,60.175526],[24.95136,60.175507],[24.951375,60.175385]]},"properties":{"c":"footway"}},{"type":"Feature","geometry":{"type":"LineString","coordinates":[[24.951375,60.175385],[24.951398,60.175157]]},"properties":{"c":"footway"}},{"type":"Feature","geometry":{"type":"LineString","coordinates":[[24.950854,60.175415],[24.950894,60.175416]]},"properties":{"c":"steps"}},{"type":"Feature","geometry":{"type":"LineString","coordinates":[[24.950894,60.175416],[24.950885,60.175496],[24.951038,60.1755],[24.951036,60.175513],[24.951102,60.175514],[24.951113,60.175411],[24.950895,60.175406],[24.950894,60.175416]]},"properties":{"c":"footway"}},{"type":"Feature","geometry":{"type":"LineString","coordinates":[[24.951377,60.17574],[24.951387,60.175725],[24.951393,60.175682]]},"properties":{"c":"footway"}},{"type":"Feature","geometry":{"type":"LineString","coordinates":[[24.950505,60.17571],[24.950462,60.17571],[24.950461,60.175719],[24.950461,60.175746],[24.950843,60.175756],[24.950949,60.175786],[24.951306,60.175897],[24.951343,60.175891],[24.951377,60.17574],[24.951352,60.175737],[24.951058,60.175725],[24.950505,60.17571]]},"properties":{"c":"footway"}},{"type":"Feature","geometry":{"type":"LineString","coordinates":[[24.950637,60.173246],[24.950669,60.173246]]},"properties":{"c":"footway"}},{"type":"Feature","geometry":{"type":"LineString","coordinates":[[24.950669,60.173246],[24.95075,60.17325]]},"properties":{"c":"steps"}},{"type":"Feature","geometry":{"type":"LineString","coordinates":[[24.951984,60.175541],[24.951982,60.175522]]},"properties":{"c":"steps"}},{"type":"Feature","geometry":{"type":"LineString","coordinates":[[24.951982,60.175522],[24.95199,60.175498],[24.952009,60.175187]]},"properties":{"c":"footway"}},{"type":"Feature","geometry":{"type":"LineString","coordinates":[[24.95199,60.175498],[24.952076,60.175499]]},"properties":{"c":"footway"}},{"type":"Feature","geometry":{"type":"LineString","coordinates":[[24.951632,60.175584],[24.951677,60.175532]]},"properties":{"c":"footway"}},{"type":"Feature","geometry":{"type":"LineString","coordinates":[[24.950615,60.17428],[24.950653,60.174282]]},"properties":{"c":"footway"}},{"type":"Feature","geometry":{"type":"LineString","coordinates":[[24.950653,60.174282],[24.950931,60.17429]]},"properties":{"c":"footway"}},{"type":"Feature","geometry":{"type":"LineString","coordinates":[[24.950931,60.17429],[24.951087,60.17429]]},"properties":{"c":"footway"}},{"type":"Feature","geometry":{"type":"LineString","coordinates":[[24.951402,60.175623],[24.951404,60.175607]]},"properties":{"c":"footway"}},{"type":"Feature","geometry":{"type":"LineString","coordinates":[[24.951404,60.175607],[24.951409,60.175578]]},"properties":{"c":"steps"}},{"type":"Feature","geometry":{"type":"LineString","coordinates":[[24.951398,60.175652],[24.9514,60.17564]]},"properties":{"c":"footway"}},{"type":"Feature","geometry":{"type":"LineString","coordinates":[[24.9514,60.17564],[24.951402,60.175623]]},"properties":{"c":"steps"}},{"type":"Feature","geometry":{"type":"LineString","coordinates":[[24.951427,60.175527],[24.951418,60.175553],[24.951409,60.175578],[24.951381,60.175576]]},"properties":{"c":"footway"}},{"type":"Feature","geometry":{"type":"LineString","coordinates":[[24.938961,60.171071],[24.938206,60.171022],[24.938092,60.171011],[24.937601,60.170961]]},"properties":{"c":"cycleway"}},{"type":"Feature","geometry":{"type":"LineString","coordinates":[[24.952388,60.174996],[24.952386,60.175019]]},"properties":{"c":"steps"}},{"type":"Feature","geometry":{"type":"LineString","coordinates":[[24.952386,60.175019],[24.952385,60.175029]]},"properties":{"c":"footway"}},{"type":"Feature","geometry":{"type":"LineString","coordinates":[[24.953246,60.175152],[24.953246,60.175165]]},"properties":{"c":"steps"}},{"type":"Feature","geometry":{"type":"LineString","coordinates":[[24.953085,60.175126],[24.953247,60.175136],[24.953307,60.175137],[24.953289,60.17534],[24.953319,60.175341]]},"properties":{"c":"footway"}},{"type":"Feature","geometry":{"type":"LineString","coordinates":[[24.953247,60.175136],[24.953246,60.175152]]},"properties":{"c":"footway"}},{"type":"Feature","geometry":{"type":"LineString","coordinates":[[24.953062,60.178489],[24.953062,60.178514],[24.953062,60.178536]]},"properties":{"c":"footway"}},{"type":"Feature","geometry":{"type":"LineString","coordinates":[[24.947598,60.171737],[24.947536,60.171661]]},"properties":{"c":"footway"}},{"type":"Feature","geometry":{"type":"LineString","coordinates":[[24.947871,60.172018],[24.947598,60.171737]]},"properties":{"c":"steps"}},{"type":"Feature","geometry":{"type":"LineString","coordinates":[[24.944306,60.173027],[24.944231,60.173024],[24.943418,60.173003],[24.943286,60.173004],[24.943172,60.173005]]},"properties":{"c":"footway"}},{"type":"Feature","geometry":{"type":"LineString","coordinates":[[24.943252,60.166406],[24.943381,60.166299],[24.943428,60.166251],[24.943487,60.165563],[24.943479,60.165482],[24.942825,60.165255],[24.942794,60.165244]]},"properties":{"c":"footway"}},{"type":"Feature","geometry":{"type":"LineString","coordinates":[[24.949166,60.169528],[24.949199,60.169528],[24.949259,60.16953],[24.949319,60.169531],[24.949392,60.169532]]},"properties":{"c":"footway"}},{"type":"Feature","geometry":{"type":"LineString","coordinates":[[24.95283,60.165324],[24.952798,60.165323],[24.952734,60.165321]]},"properties":{"c":"footway"}},{"type":"Feature","geometry":{"type":"LineString","coordinates":[[24.951994,60.168989],[24.95199,60.16904],[24.951988,60.169065],[24.951985,60.169108],[24.95198,60.169177],[24.951976,60.169237]]},"properties":{"c":"footway"}},{"type":"Feature","geometry":{"type":"LineString","coordinates":[[24.9513,60.169221],[24.951307,60.169161],[24.951312,60.16912],[24.951316,60.16909],[24.951321,60.169053],[24.951324,60.169023],[24.951331,60.16897]]},"properties":{"c":"footway"}},{"type":"Feature","geometry":{"type":"LineString","coordinates":[[24.950837,60.169139],[24.950869,60.16915],[24.951059,60.169217],[24.951236,60.169279]]},"properties":{"c":"footway"}},{"type":"Feature","geometry":{"type":"LineString","coordinates":[[24.943043,60.173817],[24.943134,60.17382]]},"properties":{"c":"footway"}},{"type":"Feature","geometry":{"type":"LineString","coordinates":[[24.941389,60.176517],[24.941429,60.176556],[24.941559,60.176664],[24.941616,60.17672],[24.941654,60.176775],[24.941778,60.176989],[24.941794,60.177011],[24.941845,60.17708],[24.941827,60.177139],[24.941852,60.177167],[24.941988,60.177243]]},"properties":{"c":"footway"}},{"type":"Feature","geometry":{"type":"LineString","coordinates":[[24.941291,60.176596],[24.941389,60.176517],[24.94143,60.176438],[24.941699,60.176173],[24.941804,60.176203]]},"properties":{"c":"cycleway"}},{"type":"Feature","geometry":{"type":"LineString","coordinates":[[24.945193,60.171467],[24.94539,60.171473]]},"properties":{"c":"footway"}},{"type":"Feature","geometry":{"type":"LineString","coordinates":[[24.94539,60.171473],[24.946271,60.171494],[24.946983,60.17151]]},"properties":{"c":"footway"}},{"type":"Feature","geometry":{"type":"LineString","coordinates":[[24.946271,60.171494],[24.946275,60.171464]]},"properties":{"c":"steps"}},{"type":"Feature","geometry":{"type":"LineString","coordinates":[[24.946686,60.171247],[24.946465,60.171149]]},"properties":{"c":"footway"}},{"type":"Feature","geometry":{"type":"LineString","coordinates":[[24.952036,60.17817],[24.952466,60.178181],[24.953018,60.178201]]},"properties":{"c":"cycleway"}},{"type":"Feature","geometry":{"type":"LineString","coordinates":[[24.949361,60.167529],[24.949479,60.167538],[24.949587,60.167541]]},"properties":{"c":"footway"}},{"type":"Feature","geometry":{"type":"LineString","coordinates":[[24.949587,60.167541],[24.950082,60.167556],[24.950381,60.167565],[24.950502,60.167567],[24.950821,60.167574],[24.950917,60.167576]]},"properties":{"c":"footway"}},{"type":"Feature","geometry":{"type":"LineString","coordinates":[[24.945603,60.167434],[24.945632,60.167434],[24.945688,60.167435],[24.945826,60.16744]]},"properties":{"c":"footway"}},{"type":"Feature","geometry":{"type":"LineString","coordinates":[[24.945826,60.16744],[24.946361,60.16745],[24.947305,60.167473]]},"properties":{"c":"footway"}},{"type":"Feature","geometry":{"type":"LineString","coordinates":[[24.947867,60.164185],[24.947971,60.164187],[24.948075,60.164189]]},"properties":{"c":"footway"}},{"type":"Feature","geometry":{"type":"LineString","coordinates":[[24.950005,60.175885],[24.950016,60.175798],[24.950019,60.175735],[24.950027,60.17571],[24.95003,60.175672],[24.95011,60.174964],[24.950148,60.174594],[24.950147,60.174535],[24.950135,60.174508],[24.950113,60.17448],[24.950057,60.17443],[24.949996,60.174399],[24.949925,60.174364],[24.949832,60.17434],[24.949757,60.174313],[24.94967,60.174269],[24.949581,60.174216],[24.949508,60.174151],[24.949461,60.174087],[24.949427,60.173994]]},"properties":{"c":"cycleway"}},{"type":"Feature","geometry":{"type":"LineString","coordinates":[[24.949892,60.176917],[24.948938,60.176899]]},"properties":{"c":"footway"}},{"type":"Feature","geometry":{"type":"LineString","coordinates":[[24.948938,60.176899],[24.948894,60.177182],[24.948619,60.177236],[24.947107,60.177512],[24.94708,60.177518]]},"properties":{"c":"footway"}},{"type":"Feature","geometry":{"type":"LineString","coordinates":[[24.946622,60.178868],[24.946718,60.178829],[24.946761,60.178509],[24.946784,60.17826],[24.94683,60.177884],[24.94686,60.177617],[24.946741,60.17758]]},"properties":{"c":"footway"}},{"type":"Feature","geometry":{"type":"LineString","coordinates":[[24.946893,60.178939],[24.946942,60.178515],[24.947018,60.178516],[24.947026,60.178466],[24.94703,60.17842]]},"properties":{"c":"footway"}},{"type":"Feature","geometry":{"type":"LineString","coordinates":[[24.946428,60.17904],[24.94656,60.178925],[24.946622,60.178868]]},"properties":{"c":"footway"}},{"type":"Feature","geometry":{"type":"LineString","coordinates":[[24.948899,60.176793],[24.948944,60.176793],[24.949716,60.176809],[24.949938,60.176814]]},"properties":{"c":"footway"}},{"type":"Feature","geometry":{"type":"LineString","coordinates":[[24.949415,60.175854],[24.949131,60.175851],[24.949003,60.175856],[24.948893,60.175863],[24.948379,60.175914],[24.947889,60.175951],[24.947767,60.17596],[24.94688,60.176061],[24.946279,60.176135],[24.945497,60.17623],[24.944462,60.176359],[24.944097,60.176408],[24.943914,60.176446],[24.943769,60.176486],[24.943525,60.176585],[24.943005,60.176802],[24.942027,60.177227]]},"properties":{"c":"footway"}},{"type":"Feature","geometry":{"type":"LineString","coordinates":[[24.942947,60.174278],[24.94295,60.174234]]},"properties":{"c":"cycleway"}},{"type":"Feature","geometry":{"type":"LineString","coordinates":[[24.944034,60.175404],[24.944107,60.175459]]},"properties":{"c":"cycleway"}},{"type":"Feature","geometry":{"type":"LineString","coordinates":[[24.949673,60.173373],[24.949806,60.17336],[24.949959,60.173364],[24.950175,60.173375],[24.95027,60.173375],[24.95038,60.173368]]},"properties":{"c":"footway"}},{"type":"Feature","geometry":{"type":"LineString","coordinates":[[24.950393,60.173203],[24.950274,60.173223],[24.950219,60.173261],[24.950133,60.173304],[24.950077,60.17333],[24.949998,60.173352],[24.949959,60.173364]]},"properties":{"c":"footway"}},{"type":"Feature","geometry":{"type":"LineString","coordinates":[[24.945134,60.177724],[24.945314,60.177681],[24.945451,60.177631],[24.946914,60.177359],[24.947017,60.17734],[24.948566,60.177058],[24.948673,60.177091]]},"properties":{"c":"footway"}},{"type":"Feature","geometry":{"type":"LineString","coordinates":[[24.945099,60.17845],[24.945027,60.178506],[24.944893,60.178618]]},"properties":{"c":"footway"}},{"type":"Feature","geometry":{"type":"LineString","coordinates":[[24.944895,60.177912],[24.945009,60.177896],[24.945147,60.17787]]},"properties":{"c":"footway"}},{"type":"Feature","geometry":{"type":"LineString","coordinates":[[24.937576,60.168878],[24.937276,60.169069],[24.937213,60.169078]]},"properties":{"c":"footway"}},{"type":"Feature","geometry":{"type":"LineString","coordinates":[[24.937135,60.169077],[24.937213,60.169078]]},"properties":{"c":"steps"}},{"type":"Feature","geometry":{"type":"LineString","coordinates":[[24.937135,60.169077],[24.937103,60.169094]]},"properties":{"c":"footway"}},{"type":"Feature","geometry":{"type":"LineString","coordinates":[[24.938489,60.169669],[24.93865,60.169562],[24.938844,60.169436],[24.938817,60.169426],[24.938757,60.169407]]},"properties":{"c":"footway"}},{"type":"Feature","geometry":{"type":"LineString","coordinates":[[24.942712,60.166395],[24.942684,60.166357],[24.942389,60.166254],[24.942242,60.166202],[24.942117,60.166186]]},"properties":{"c":"footway"}},{"type":"Feature","geometry":{"type":"LineString","coordinates":[[24.945435,60.176109],[24.945853,60.176058],[24.946216,60.176012],[24.946336,60.175997],[24.946745,60.175949],[24.947317,60.175883],[24.947854,60.175829],[24.949349,60.175711],[24.950019,60.175735]]},"properties":{"c":"footway"}},{"type":"Feature","geometry":{"type":"LineString","coordinates":[[24.938761,60.170828],[24.938909,60.170838]]},"properties":{"c":"steps"}},{"type":"Feature","geometry":{"type":"LineString","coordinates":[[24.938909,60.170838],[24.939053,60.170849],[24.939072,60.170851]]},"properties":{"c":"footway"}},{"type":"Feature","geometry":{"type":"LineString","coordinates":[[24.939053,60.170849],[24.939048,60.170865]]},"properties":{"c":"footway"}},{"type":"Feature","geometry":{"type":"LineString","coordinates":[[24.939072,60.170851],[24.939165,60.170855]]},"properties":{"c":"footway"}},{"type":"Feature","geometry":{"type":"LineString","coordinates":[[24.939041,60.170884],[24.939048,60.170865]]},"properties":{"c":"footway"}},{"type":"Feature","geometry":{"type":"LineString","coordinates":[[24.938761,60.170828],[24.938695,60.170823],[24.938838,60.170333]]},"properties":{"c":"footway"}},{"type":"Feature","geometry":{"type":"LineString","coordinates":[[24.938881,60.170311],[24.938838,60.170333]]},"properties":{"c":"steps"}},{"type":"Feature","geometry":{"type":"LineString","coordinates":[[24.938995,60.17025],[24.938881,60.170311]]},"properties":{"c":"footway"}},{"type":"Feature","geometry":{"type":"LineString","coordinates":[[24.944963,60.175752],[24.944996,60.175533],[24.945003,60.175453]]},"properties":{"c":"footway"}},{"type":"Feature","geometry":{"type":"LineString","coordinates":[[24.95011,60.174964],[24.95007,60.174964],[24.949978,60.174963],[24.949867,60.174963],[24.949106,60.17496],[24.948933,60.17496]]},"properties":{"c":"footway"}},{"type":"Feature","geometry":{"type":"LineString","coordinates":[[24.945013,60.174477],[24.945011,60.174602],[24.945014,60.174718],[24.945022,60.174967],[24.945022,60.17523],[24.945107,60.175235]]},"properties":{"c":"footway"}},{"type":"Feature","geometry":{"type":"LineString","coordinates":[[24.946646,60.174968],[24.946657,60.17478],[24.946679,60.174766],[24.946719,60.174759],[24.946783,60.174753],[24.946836,60.174754],[24.946879,60.174762],[24.946908,60.174776],[24.946927,60.174793],[24.946916,60.174969]]},"properties":{"c":"footway"}},{"type":"Feature","geometry":{"type":"LineString","coordinates":[[24.946842,60.174655],[24.94709,60.174751],[24.947181,60.174788],[24.947237,60.174818],[24.947455,60.174823],[24.947488,60.174834]]},"properties":{"c":"footway"}},{"type":"Feature","geometry":{"type":"LineString","coordinates":[[24.947237,60.174818],[24.947232,60.17492],[24.947248,60.174968]]},"properties":{"c":"footway"}},{"type":"Feature","geometry":{"type":"LineString","coordinates":[[24.948328,60.174884],[24.948316,60.174967]]},"properties":{"c":"footway"}},{"type":"Feature","geometry":{"type":"LineString","coordinates":[[24.949364,60.174749],[24.949313,60.174766],[24.949222,60.174804],[24.949194,60.174822],[24.949134,60.174882]]},"properties":{"c":"footway"}},{"type":"Feature","geometry":{"type":"LineString","coordinates":[[24.948933,60.17496],[24.948658,60.17496],[24.948316,60.174967],[24.947822,60.174968],[24.947248,60.174968],[24.946992,60.174971],[24.946916,60.174969],[24.946646,60.174968],[24.946545,60.174967],[24.946427,60.174967],[24.946077,60.174966],[24.945936,60.174966],[24.94589,60.174965]]},"properties":{"c":"footway"}},{"type":"Feature","geometry":{"type":"LineString","coordinates":[[24.94905,60.17504],[24.949003,60.175105],[24.948935,60.175195],[24.948766,60.175271],[24.94845,60.175376],[24.948274,60.175509],[24.948176,60.175582],[24.948086,60.175622],[24.947967,60.175675],[24.947801,60.175705],[24.947613,60.175697],[24.9471,60.175708],[24.946901,60.175713],[24.946549,60.175745],[24.946333,60.175769],[24.946199,60.175787],[24.945974,60.175831],[24.945805,60.175873],[24.945616,60.175935],[24.945381,60.176005],[24.945214,60.176047],[24.945004,60.176088],[24.944754,60.176123],[24.944678,60.176128],[24.944577,60.17613],[24.944503,60.176122],[24.944449,60.176108],[24.944386,60.176087],[24.94433,60.176065],[24.944296,60.176047],[24.944267,60.17603],[24.944257,60.176017],[24.94425,60.175995],[24.944256,60.17595],[24.944269,60.175907],[24.944301,60.175877],[24.944438,60.175769],[24.944453,60.175698],[24.944395,60.175576],[24.944301,60.175449],[24.944373,60.174961],[24.944406,60.17471],[24.944435,60.174464],[24.945013,60.174477],[24.945507,60.174486],[24.94576,60.174489],[24.946009,60.174493],[24.946052,60.174498],[24.946087,60.174501],[24.946142,60.174508],[24.946581,60.174522],[24.946639,60.174523],[24.94718,60.174537],[24.947263,60.174537]]},"properties":{"c":"footway"}},{"type":"Feature","geometry":{"type":"LineString","coordinates":[[24.947613,60.175697],[24.947327,60.175562],[24.947122,60.175465],[24.947066,60.17544],[24.946963,60.17544],[24.94659,60.175444],[24.946514,60.175446],[24.946375,60.175453],[24.945936,60.175451],[24.945853,60.175468]]},"properties":{"c":"footway"}},{"type":"Feature","geometry":{"type":"LineString","coordinates":[[24.946581,60.174522],[24.946577,60.174571],[24.946563,60.174731],[24.946545,60.174967],[24.946539,60.175156],[24.946489,60.175185],[24.946355,60.175238],[24.945989,60.175238],[24.945885,60.175218]]},"properties":{"c":"footway"}},{"type":"Feature","geometry":{"type":"LineString","coordinates":[[24.94845,60.175376],[24.948366,60.175368],[24.948249,60.17537],[24.947416,60.175376],[24.94728,60.175425],[24.947247,60.175417]]},"properties":{"c":"footway"}},{"type":"Feature","geometry":{"type":"LineString","coordinates":[[24.945506,60.175588],[24.945502,60.17565],[24.945479,60.175684],[24.945425,60.175714],[24.945377,60.175734],[24.945323,60.175748],[24.945233,60.175757],[24.944963,60.175752],[24.944752,60.17575]]},"properties":{"c":"footway"}},{"type":"Feature","geometry":{"type":"LineString","coordinates":[[24.946992,60.174971],[24.946987,60.175046],[24.946977,60.175217],[24.946963,60.17544]]},"properties":{"c":"footway"}},{"type":"Feature","geometry":{"type":"LineString","coordinates":[[24.949924,60.175392],[24.949918,60.175454],[24.949908,60.175463],[24.94989,60.17547],[24.949677,60.175508],[24.949512,60.175532],[24.949239,60.175578],[24.94899,60.175612],[24.948621,60.175675],[24.948518,60.175684],[24.948157,60.1757],[24.947967,60.175675]]},"properties":{"c":"footway"}},{"type":"Feature","geometry":{"type":"LineString","coordinates":[[24.949698,60.175405],[24.949679,60.175355],[24.949536,60.175238],[24.949479,60.1752],[24.949414,60.175171],[24.949351,60.175158],[24.949267,60.175155],[24.949188,60.175153],[24.949118,60.17516],[24.949023,60.175177],[24.948935,60.175195]]},"properties":{"c":"footway"}},{"type":"Feature","geometry":{"type":"LineString","coordinates":[[24.947416,60.175376],[24.947513,60.17546],[24.94811,60.175459],[24.948249,60.17537],[24.948241,60.175086],[24.947821,60.175091],[24.947399,60.175095],[24.947416,60.175376]]},"properties":{"c":"footway"}},{"type":"Feature","geometry":{"type":"LineString","coordinates":[[24.942861,60.174135],[24.942322,60.174076],[24.942361,60.173932],[24.942417,60.173797],[24.942459,60.173713],[24.942518,60.173643],[24.942631,60.173525],[24.94269,60.173456],[24.942724,60.173408],[24.942774,60.173312],[24.942832,60.173197],[24.942871,60.173139],[24.942896,60.1731],[24.942936,60.17306],[24.94316,60.173067]]},"properties":{"c":"footway"}},{"type":"Feature","geometry":{"type":"LineString","coordinates":[[24.942464,60.173043],[24.942466,60.173093],[24.942438,60.173174],[24.942494,60.173327],[24.942484,60.173378],[24.942436,60.173445],[24.94239,60.173533],[24.942469,60.173603],[24.942518,60.173643]]},"properties":{"c":"path"}},{"type":"Feature","geometry":{"type":"LineString","coordinates":[[24.942936,60.17306],[24.942621,60.173049],[24.942464,60.173043],[24.942309,60.173039]]},"properties":{"c":"footway"}},{"type":"Feature","geometry":{"type":"LineString","coordinates":[[24.942309,60.173039],[24.94231,60.173024],[24.942182,60.17302]]},"properties":{"c":"footway"}},{"type":"Feature","geometry":{"type":"LineString","coordinates":[[24.942322,60.174076],[24.942302,60.174181],[24.942312,60.174249],[24.942346,60.174341],[24.942432,60.174492]]},"properties":{"c":"footway"}},{"type":"Feature","geometry":{"type":"LineString","coordinates":[[24.9357,60.171313],[24.935713,60.171278],[24.935679,60.17125],[24.935702,60.171226],[24.935715,60.171211],[24.935758,60.171165],[24.935762,60.17116],[24.935775,60.171148],[24.935786,60.171139],[24.935828,60.17109],[24.93583,60.171082],[24.935847,60.171065],[24.935948,60.171033],[24.93617,60.170952],[24.936285,60.170903],[24.936392,60.170865],[24.936703,60.170735],[24.936887,60.170615],[24.937219,60.170389],[24.937437,60.170242],[24.937895,60.169946],[24.938062,60.169853]]},"properties":{"c":"cycleway"}},{"type":"Feature","geometry":{"type":"LineString","coordinates":[[24.942518,60.173643],[24.942601,60.173718],[24.942621,60.173828],[24.942657,60.173867],[24.94273,60.173901],[24.942832,60.173924],[24.943013,60.173965]]},"properties":{"c":"footway"}},{"type":"Feature","geometry":{"type":"LineString","coordinates":[[24.939224,60.175495],[24.939271,60.175066]]},"properties":{"c":"footway"}},{"type":"Feature","geometry":{"type":"LineString","coordinates":[[24.949105,60.17209],[24.949234,60.172093],[24.949306,60.172096]]},"properties":{"c":"footway"}},{"type":"Feature","geometry":{"type":"LineString","coordinates":[[24.949045,60.172612],[24.949041,60.172684],[24.949028,60.172924]]},"properties":{"c":"footway"}},{"type":"Feature","geometry":{"type":"LineString","coordinates":[[24.950461,60.172686],[24.950304,60.172683],[24.950038,60.172676],[24.94998,60.17263]]},"properties":{"c":"footway"}},{"type":"Feature","geometry":{"type":"LineString","coordinates":[[24.951594,60.173134],[24.951589,60.173223],[24.951584,60.173302],[24.951961,60.173338],[24.952061,60.173363],[24.952093,60.173378],[24.952183,60.173474],[24.952401,60.173622],[24.952663,60.173759]]},"properties":{"c":"footway"}},{"type":"Feature","geometry":{"type":"LineString","coordinates":[[24.952401,60.173622],[24.951764,60.17361],[24.950984,60.17359]]},"properties":{"c":"footway"}},{"type":"Feature","geometry":{"type":"LineString","coordinates":[[24.937649,60.170794],[24.938334,60.170835],[24.938683,60.170859],[24.939004,60.170882],[24.939041,60.170884],[24.939076,60.170886],[24.939121,60.170891],[24.939165,60.170855],[24.93924,60.170594],[24.939305,60.170495],[24.93938,60.170427],[24.939438,60.170383],[24.93944,60.170375],[24.939438,60.17036]]},"properties":{"c":"footway"}},{"type":"Feature","geometry":{"type":"LineString","coordinates":[[24.942909,60.168753],[24.942905,60.168807],[24.942905,60.16882],[24.942903,60.168835],[24.942902,60.168846],[24.942901,60.168862],[24.942897,60.168914]]},"properties":{"c":"footway"}},{"type":"Feature","geometry":{"type":"LineString","coordinates":[[24.953095,60.175046],[24.953048,60.175091],[24.953018,60.175109]]},"properties":{"c":"footway"}},{"type":"Feature","geometry":{"type":"LineString","coordinates":[[24.93882,60.16811],[24.939048,60.168193]]},"properties":{"c":"footway"}},{"type":"Feature","geometry":{"type":"LineString","coordinates":[[24.938801,60.168097],[24.93882,60.16811]]},"properties":{"c":"footway"}},{"type":"Feature","geometry":{"type":"LineString","coordinates":[[24.939048,60.168193],[24.939269,60.168269]]},"properties":{"c":"footway"}},{"type":"Feature","geometry":{"type":"LineString","coordinates":[[24.940091,60.166981],[24.939559,60.166799]]},"properties":{"c":"footway"}},{"type":"Feature","geometry":{"type":"LineString","coordinates":[[24.950401,60.173127],[24.950529,60.173058]]},"properties":{"c":"cycleway"}},{"type":"Feature","geometry":{"type":"LineString","coordinates":[[24.950529,60.173058],[24.950658,60.173113]]},"properties":{"c":"cycleway"}},{"type":"Feature","geometry":{"type":"LineString","coordinates":[[24.93881,60.171354],[24.938806,60.171381],[24.938776,60.171412]]},"properties":{"c":"footway"}},{"type":"Feature","geometry":{"type":"LineString","coordinates":[[24.940552,60.168884],[24.940585,60.168913]]},"properties":{"c":"steps"}},{"type":"Feature","geometry":{"type":"LineString","coordinates":[[24.93735,60.170731],[24.937443,60.170742],[24.937512,60.170749]]},"properties":{"c":"cycleway"}},{"type":"Feature","geometry":{"type":"LineString","coordinates":[[24.938062,60.169853],[24.938195,60.169898],[24.938255,60.169925],[24.938331,60.169962],[24.938354,60.169979],[24.938364,60.169987],[24.938401,60.170014],[24.938413,60.170022],[24.938475,60.170048],[24.938596,60.170089]]},"properties":{"c":"cycleway"}},{"type":"Feature","geometry":{"type":"LineString","coordinates":[[24.937115,60.170682],[24.937161,60.170692],[24.937193,60.1707]]},"properties":{"c":"cycleway"}},{"type":"Feature","geometry":{"type":"LineString","coordinates":[[24.937286,60.170721],[24.937309,60.170727],[24.93735,60.170731]]},"properties":{"c":"cycleway"}},{"type":"Feature","geometry":{"type":"LineString","coordinates":[[24.937193,60.1707],[24.937215,60.170705],[24.937266,60.170716],[24.937286,60.170721]]},"properties":{"c":"cycleway"}},{"type":"Feature","geometry":{"type":"LineString","coordinates":[[24.938139,60.17003],[24.938185,60.170008]]},"properties":{"c":"footway"}},{"type":"Feature","geometry":{"type":"LineString","coordinates":[[24.938742,60.170143],[24.938726,60.170154]]},"properties":{"c":"footway"}},{"type":"Feature","geometry":{"type":"LineString","coordinates":[[24.937641,60.170816],[24.937632,60.17085]]},"properties":{"c":"cycleway"}},{"type":"Feature","geometry":{"type":"LineString","coordinates":[[24.937512,60.170749],[24.93761,60.17076],[24.937649,60.170794],[24.937641,60.170816]]},"properties":{"c":"cycleway"}},{"type":"Feature","geometry":{"type":"LineString","coordinates":[[24.939553,60.170686],[24.939574,60.170645],[24.939603,60.170599]]},"properties":{"c":"cycleway"}},{"type":"Feature","geometry":{"type":"LineString","coordinates":[[24.939603,60.170599],[24.939624,60.170574],[24.939646,60.170557]]},"properties":{"c":"cycleway"}},{"type":"Feature","geometry":{"type":"LineString","coordinates":[[24.939646,60.170557],[24.939687,60.170535],[24.939721,60.170523],[24.939772,60.170511]]},"properties":{"c":"cycleway"}},{"type":"Feature","geometry":{"type":"LineString","coordinates":[[24.940306,60.170212],[24.940419,60.170214],[24.941238,60.170229],[24.941547,60.170234],[24.941993,60.170243],[24.942553,60.170254]]},"properties":{"c":"footway"}},{"type":"Feature","geometry":{"type":"LineString","coordinates":[[24.939876,60.169271],[24.93976,60.169343],[24.939412,60.169573],[24.938975,60.169856],[24.938962,60.169868]]},"properties":{"c":"footway"}},{"type":"Feature","geometry":{"type":"LineString","coordinates":[[24.940391,60.170248],[24.941445,60.170268]]},"properties":{"c":"footway"}},{"type":"Feature","geometry":{"type":"LineString","coordinates":[[24.942421,60.167534],[24.942335,60.167595],[24.942261,60.167695]]},"properties":{"c":"footway"}},{"type":"Feature","geometry":{"type":"LineString","coordinates":[[24.937601,60.170961],[24.937472,60.170952],[24.937417,60.170953],[24.937361,60.170969],[24.93729,60.171015],[24.937108,60.171149],[24.936639,60.171315],[24.936477,60.171352],[24.936283,60.171417],[24.936246,60.171429]]},"properties":{"c":"cycleway"}},{"type":"Feature","geometry":{"type":"LineString","coordinates":[[24.941661,60.168751],[24.941648,60.168764],[24.941636,60.168777],[24.94162,60.16879],[24.94161,60.168803]]},"properties":{"c":"footway"}},{"type":"Feature","geometry":{"type":"LineString","coordinates":[[24.944236,60.168837],[24.944234,60.168851],[24.944233,60.168865],[24.944232,60.168879],[24.944231,60.168894]]},"properties":{"c":"footway"}},{"type":"Feature","geometry":{"type":"LineString","coordinates":[[24.945016,60.170866],[24.944981,60.171153],[24.944949,60.171462],[24.944913,60.171846],[24.94492,60.171901]]},"properties":{"c":"footway"}},{"type":"Feature","geometry":{"type":"LineString","coordinates":[[24.937522,60.169431],[24.937545,60.169417]]},"properties":{"c":"footway"}},{"type":"Feature","geometry":{"type":"LineString","coordinates":[[24.936563,60.169086],[24.936586,60.16907]]},"properties":{"c":"footway"}},{"type":"Feature","geometry":{"type":"LineString","coordinates":[[24.949427,60.173994],[24.949411,60.173818]]},"properties":{"c":"cycleway"}},{"type":"Feature","geometry":{"type":"LineString","coordinates":[[24.945965,60.164255],[24.94598,60.164193]]},"properties":{"c":"footway"}},{"type":"Feature","geometry":{"type":"LineString","coordinates":[[24.936234,60.172137],[24.936338,60.17219]]},"properties":{"c":"steps"}},{"type":"Feature","geometry":{"type":"LineString","coordinates":[[24.936556,60.172264],[24.936441,60.172206]]},"properties":{"c":"footway"}},{"type":"Feature","geometry":{"type":"LineString","coordinates":[[24.935668,60.171931],[24.935977,60.172005],[24.936201,60.172118],[24.936205,60.172126],[24.936234,60.172137]]},"properties":{"c":"path"}},{"type":"Feature","geometry":{"type":"LineString","coordinates":[[24.936441,60.172206],[24.936395,60.172166]]},"properties":{"c":"footway"}},{"type":"Feature","geometry":{"type":"LineString","coordinates":[[24.936282,60.17182],[24.936201,60.172118]]},"properties":{"c":"path"}},{"type":"Feature","geometry":{"type":"LineString","coordinates":[[24.936699,60.172343],[24.936556,60.172264]]},"properties":{"c":"steps"}},{"type":"Feature","geometry":{"type":"LineString","coordinates":[[24.936205,60.172126],[24.936225,60.172173],[24.936227,60.172199]]},"properties":{"c":"path"}},{"type":"Feature","geometry":{"type":"LineString","coordinates":[[24.936515,60.171712],[24.936395,60.172166],[24.936349,60.172196],[24.936338,60.17219]]},"properties":{"c":"footway"}},{"type":"Feature","geometry":{"type":"LineString","coordinates":[[24.936246,60.171429],[24.936211,60.171444],[24.935962,60.171553],[24.935913,60.171613]]},"properties":{"c":"cycleway"}},{"type":"Feature","geometry":{"type":"LineString","coordinates":[[24.938832,60.172065],[24.938601,60.172049],[24.938033,60.172015],[24.937319,60.171971]]},"properties":{"c":"footway"}},{"type":"Feature","geometry":{"type":"LineString","coordinates":[[24.93715,60.172736],[24.937296,60.172683]]},"properties":{"c":"footway"}},{"type":"Feature","geometry":{"type":"LineString","coordinates":[[24.936675,60.171328],[24.936639,60.171315],[24.936645,60.171292]]},"properties":{"c":"footway"}},{"type":"Feature","geometry":{"type":"LineString","coordinates":[[24.937358,60.171025],[24.93729,60.171015],[24.937223,60.171007]]},"properties":{"c":"footway"}},{"type":"Feature","geometry":{"type":"LineString","coordinates":[[24.938667,60.172176],[24.93846,60.172236]]},"properties":{"c":"footway"}},{"type":"Feature","geometry":{"type":"LineString","coordinates":[[24.938611,60.172857],[24.938507,60.172851]]},"properties":{"c":"footway"}},{"type":"Feature","geometry":{"type":"LineString","coordinates":[[24.936313,60.171699],[24.936282,60.17182]]},"properties":{"c":"path"}},{"type":"Feature","geometry":{"type":"LineString","coordinates":[[24.938667,60.172176],[24.938513,60.172832],[24.938507,60.172851],[24.938231,60.172835],[24.936601,60.172724],[24.936493,60.172752]]},"properties":{"c":"footway"}},{"type":"Feature","geometry":{"type":"LineString","coordinates":[[24.937137,60.171161],[24.937108,60.171149],[24.937056,60.17113]]},"properties":{"c":"footway"}},{"type":"Feature","geometry":{"type":"LineString","coordinates":[[24.950759,60.16985],[24.950881,60.169853],[24.95101,60.169856]]},"properties":{"c":"footway"}},{"type":"Feature","geometry":{"type":"LineString","coordinates":[[24.950869,60.171144],[24.950901,60.171145]]},"properties":{"c":"footway"}},{"type":"Feature","geometry":{"type":"LineString","coordinates":[[24.950758,60.169863],[24.950759,60.16985],[24.950787,60.169624],[24.950912,60.169564],[24.950929,60.169478],[24.950939,60.169394],[24.950814,60.16932],[24.950837,60.169139],[24.95084,60.1691]]},"properties":{"c":"footway"}},{"type":"Feature","geometry":{"type":"LineString","coordinates":[[24.942857,60.176708],[24.94212,60.177011],[24.94211,60.177036],[24.941987,60.17711]]},"properties":{"c":"footway"}},{"type":"Feature","geometry":{"type":"LineString","coordinates":[[24.940872,60.177162],[24.941014,60.177275],[24.941302,60.177408],[24.941459,60.17749]]},"properties":{"c":"footway"}},{"type":"Feature","geometry":{"type":"LineString","coordinates":[[24.950671,60.17071],[24.950702,60.170353],[24.950747,60.16997]]},"properties":{"c":"footway"}},{"type":"Feature","geometry":{"type":"LineString","coordinates":[[24.950671,60.17071],[24.950795,60.170712],[24.950928,60.170715]]},"properties":{"c":"footway"}},{"type":"Feature","geometry":{"type":"LineString","coordinates":[[24.949225,60.170775],[24.949145,60.170774],[24.949049,60.170771],[24.949013,60.170769]]},"properties":{"c":"footway"}},{"type":"Feature","geometry":{"type":"LineString","coordinates":[[24.949396,60.169941],[24.949401,60.169882],[24.949406,60.16983]]},"properties":{"c":"footway"}},{"type":"Feature","geometry":{"type":"LineString","coordinates":[[24.949354,60.169829],[24.949406,60.16983],[24.950758,60.169863]]},"properties":{"c":"footway"}},{"type":"Feature","geometry":{"type":"LineString","coordinates":[[24.949344,60.169941],[24.949396,60.169941],[24.950026,60.169954],[24.950747,60.16997]]},"properties":{"c":"footway"}},{"type":"Feature","geometry":{"type":"LineString","coordinates":[[24.949137,60.169824],[24.949245,60.169826],[24.949354,60.169829]]},"properties":{"c":"footway"}},{"type":"Feature","geometry":{"type":"LineString","coordinates":[[24.94926,60.17067],[24.949958,60.170683],[24.950671,60.17071]]},"properties":{"c":"footway"}},{"type":"Feature","geometry":{"type":"LineString","coordinates":[[24.949652,60.165231],[24.949737,60.165234],[24.949822,60.165236]]},"properties":{"c":"footway"}},{"type":"Feature","geometry":{"type":"LineString","coordinates":[[24.949822,60.165236],[24.94985,60.165237]]},"properties":{"c":"footway"}},{"type":"Feature","geometry":{"type":"LineString","coordinates":[[24.949625,60.165248],[24.949627,60.16523],[24.949629,60.165212]]},"properties":{"c":"footway"}},{"type":"Feature","geometry":{"type":"LineString","coordinates":[[24.950023,60.175902],[24.950005,60.175885],[24.949966,60.175873],[24.94992,60.175867],[24.949815,60.175863],[24.949415,60.175854],[24.949335,60.175825],[24.94927,60.175792]]},"properties":{"c":"cycleway"}},{"type":"Feature","geometry":{"type":"LineString","coordinates":[[24.950382,60.175912],[24.950374,60.176045],[24.950373,60.176056],[24.950368,60.176128]]},"properties":{"c":"cycleway"}},{"type":"Feature","geometry":{"type":"LineString","coordinates":[[24.941692,60.166046],[24.940402,60.166953]]},"properties":{"c":"footway"}},{"type":"Feature","geometry":{"type":"LineString","coordinates":[[24.940277,60.167045],[24.939932,60.16729],[24.939347,60.167704],[24.939315,60.167761],[24.939233,60.167814],[24.938852,60.168073],[24.938801,60.168097],[24.938759,60.168096],[24.937969,60.167826],[24.937863,60.167856],[24.937723,60.167955],[24.937575,60.168062],[24.937383,60.168201],[24.936906,60.168547],[24.936824,60.168606],[24.93675,60.168659],[24.936527,60.168821],[24.936327,60.168961],[24.93631,60.168983]]},"properties":{"c":"footway"}},{"type":"Feature","geometry":{"type":"LineString","coordinates":[[24.945788,60.167728],[24.945784,60.167791]]},"properties":{"c":"footway"}},{"type":"Feature","geometry":{"type":"LineString","coordinates":[[24.949359,60.167284],[24.949364,60.167244],[24.949368,60.167213],[24.949373,60.167162],[24.949375,60.167143]]},"properties":{"c":"footway"}},{"type":"Feature","geometry":{"type":"LineString","coordinates":[[24.952392,60.165671],[24.952446,60.165672],[24.9525,60.165673],[24.952574,60.165675],[24.95264,60.165676],[24.952666,60.165677]]},"properties":{"c":"footway"}},{"type":"Feature","geometry":{"type":"LineString","coordinates":[[24.951471,60.165644],[24.952298,60.165669],[24.952392,60.165671]]},"properties":{"c":"footway"}},{"type":"Feature","geometry":{"type":"LineString","coordinates":[[24.94954,60.165576],[24.949698,60.165573],[24.949815,60.165575]]},"properties":{"c":"footway"}},{"type":"Feature","geometry":{"type":"LineString","coordinates":[[24.949807,60.16571],[24.949784,60.16573],[24.949683,60.166714]]},"properties":{"c":"footway"}},{"type":"Feature","geometry":{"type":"LineString","coordinates":[[24.949526,60.165704],[24.949528,60.165682],[24.949532,60.165645],[24.949538,60.165594],[24.94954,60.165576]]},"properties":{"c":"footway"}},{"type":"Feature","geometry":{"type":"LineString","coordinates":[[24.949784,60.16573],[24.949762,60.165729],[24.949681,60.165727],[24.949587,60.165724],[24.949566,60.165723]]},"properties":{"c":"footway"}},{"type":"Feature","geometry":{"type":"LineString","coordinates":[[24.951203,60.165635],[24.951324,60.165637],[24.951471,60.165644]]},"properties":{"c":"footway"}},{"type":"Feature","geometry":{"type":"LineString","coordinates":[[24.949896,60.164859],[24.949894,60.164868],[24.94985,60.165237],[24.949831,60.165397],[24.949825,60.165456],[24.949815,60.165575],[24.949814,60.165602]]},"properties":{"c":"footway"}},{"type":"Feature","geometry":{"type":"LineString","coordinates":[[24.950287,60.177667],[24.950265,60.177695],[24.950247,60.177879]]},"properties":{"c":"footway"}},{"type":"Feature","geometry":{"type":"LineString","coordinates":[[24.950247,60.177879],[24.950243,60.177913]]},"properties":{"c":"steps"}},{"type":"Feature","geometry":{"type":"LineString","coordinates":[[24.951519,60.177622],[24.95139,60.177618]]},"properties":{"c":"steps"}},{"type":"Feature","geometry":{"type":"LineString","coordinates":[[24.950318,60.17759],[24.950595,60.177597]]},"properties":{"c":"footway"}},{"type":"Feature","geometry":{"type":"LineString","coordinates":[[24.950243,60.177913],[24.950241,60.177922],[24.950262,60.177923]]},"properties":{"c":"footway"}},{"type":"Feature","geometry":{"type":"LineString","coordinates":[[24.951647,60.177625],[24.951709,60.177627]]},"properties":{"c":"footway"}},{"type":"Feature","geometry":{"type":"LineString","coordinates":[[24.950595,60.177597],[24.95139,60.177618]]},"properties":{"c":"footway"}},{"type":"Feature","geometry":{"type":"LineString","coordinates":[[24.951519,60.177622],[24.951647,60.177625]]},"properties":{"c":"footway"}},{"type":"Feature","geometry":{"type":"LineString","coordinates":[[24.950289,60.17759],[24.950318,60.17759]]},"properties":{"c":"footway"}},{"type":"Feature","geometry":{"type":"LineString","coordinates":[[24.950305,60.17671],[24.950402,60.176715],[24.950477,60.176731],[24.950516,60.17675],[24.950551,60.176791],[24.950554,60.176846]]},"properties":{"c":"footway"}},{"type":"Feature","geometry":{"type":"LineString","coordinates":[[24.949716,60.176809],[24.949727,60.176769],[24.949768,60.176732],[24.949816,60.176715],[24.949893,60.176702],[24.949976,60.176698]]},"properties":{"c":"footway"}},{"type":"Feature","geometry":{"type":"LineString","coordinates":[[24.949887,60.176948],[24.949924,60.176948],[24.949987,60.176949],[24.95005,60.17695],[24.950086,60.176951],[24.950113,60.176951],[24.95014,60.176952],[24.950215,60.176953],[24.950291,60.176954],[24.950337,60.176955]]},"properties":{"c":"footway"}},{"type":"Feature","geometry":{"type":"LineString","coordinates":[[24.948619,60.177236],[24.948572,60.177179]]},"properties":{"c":"footway"}},{"type":"Feature","geometry":{"type":"LineString","coordinates":[[24.946994,60.178263],[24.94698,60.178263],[24.946886,60.178262],[24.946784,60.17826]]},"properties":{"c":"footway"}},{"type":"Feature","geometry":{"type":"LineString","coordinates":[[24.948719,60.178332],[24.948816,60.178332]]},"properties":{"c":"footway"}},{"type":"Feature","geometry":{"type":"LineString","coordinates":[[24.946942,60.178515],[24.94686,60.178512],[24.946761,60.178509]]},"properties":{"c":"footway"}},{"type":"Feature","geometry":{"type":"LineString","coordinates":[[24.948715,60.178426],[24.948132,60.178414],[24.947573,60.178398],[24.947129,60.178386],[24.947033,60.178383]]},"properties":{"c":"footway"}},{"type":"Feature","geometry":{"type":"LineString","coordinates":[[24.947077,60.177444],[24.947045,60.177383],[24.947017,60.17734]]},"properties":{"c":"footway"}},{"type":"Feature","geometry":{"type":"LineString","coordinates":[[24.948566,60.177058],[24.948606,60.177111],[24.948664,60.1771],[24.948673,60.177091],[24.948566,60.177058]]},"properties":{"c":"footway"}},{"type":"Feature","geometry":{"type":"LineString","coordinates":[[24.948134,60.178365],[24.948132,60.178403],[24.948132,60.178414]]},"properties":{"c":"footway"}},{"type":"Feature","geometry":{"type":"LineString","coordinates":[[24.948673,60.177091],[24.948687,60.177065],[24.948688,60.177056],[24.948706,60.176829],[24.948899,60.176793]]},"properties":{"c":"footway"}},{"type":"Feature","geometry":{"type":"LineString","coordinates":[[24.948725,60.178174],[24.948719,60.178332],[24.948715,60.178426]]},"properties":{"c":"footway"}},{"type":"Feature","geometry":{"type":"LineString","coordinates":[[24.948147,60.178158],[24.948146,60.178174],[24.948138,60.178243]]},"properties":{"c":"footway"}},{"type":"Feature","geometry":{"type":"LineString","coordinates":[[24.948572,60.177179],[24.948606,60.177111]]},"properties":{"c":"footway"}},{"type":"Feature","geometry":{"type":"LineString","coordinates":[[24.94703,60.17842],[24.947033,60.178383],[24.946968,60.178382],[24.94698,60.178263],[24.946998,60.178129]]},"properties":{"c":"footway"}},{"type":"Feature","geometry":{"type":"LineString","coordinates":[[24.948719,60.178332],[24.948426,60.178327]]},"properties":{"c":"footway"}},{"type":"Feature","geometry":{"type":"LineString","coordinates":[[24.946998,60.178129],[24.947157,60.178133],[24.948147,60.178158],[24.948725,60.178174]]},"properties":{"c":"footway"}},{"type":"Feature","geometry":{"type":"LineString","coordinates":[[24.947018,60.178034],[24.947829,60.178056],[24.948894,60.178084],[24.94894,60.178101],[24.94893,60.17833]]},"properties":{"c":"footway"}},{"type":"Feature","geometry":{"type":"LineString","coordinates":[[24.950036,60.176032],[24.949991,60.176032],[24.949949,60.176028],[24.94991,60.17602],[24.949873,60.17601],[24.949853,60.175997],[24.949829,60.175974],[24.949818,60.175949],[24.949815,60.175923],[24.949815,60.175863]]},"properties":{"c":"footway"}},{"type":"Feature","geometry":{"type":"LineString","coordinates":[[24.950618,60.175915],[24.950618,60.17594],[24.950618,60.175961],[24.950609,60.175984],[24.950597,60.175999],[24.950572,60.176016],[24.950538,60.176031],[24.9505,60.176038],[24.950453,60.176042],[24.950374,60.176045]]},"properties":{"c":"footway"}},{"type":"Feature","geometry":{"type":"LineString","coordinates":[[24.951552,60.176873],[24.951593,60.176875],[24.951636,60.176879],[24.951728,60.176892],[24.951977,60.176969],[24.952005,60.17699],[24.952027,60.177016],[24.952033,60.177038]]},"properties":{"c":"cycleway"}},{"type":"Feature","geometry":{"type":"LineString","coordinates":[[24.952011,60.178466],[24.952012,60.178358],[24.952019,60.178288],[24.95202,60.178277],[24.952023,60.178247],[24.952029,60.178213],[24.952036,60.17817]]},"properties":{"c":"footway"}},{"type":"Feature","geometry":{"type":"LineString","coordinates":[[24.952033,60.177038],[24.952033,60.177088],[24.951935,60.178032],[24.951929,60.178112],[24.951954,60.178144],[24.951983,60.178162],[24.952036,60.17817]]},"properties":{"c":"cycleway"}},{"type":"Feature","geometry":{"type":"LineString","coordinates":[[24.952372,60.178588],[24.952413,60.17859]]},"properties":{"c":"footway"}},{"type":"Feature","geometry":{"type":"LineString","coordinates":[[24.950789,60.176673],[24.951015,60.176677],[24.951728,60.176892]]},"properties":{"c":"footway"}},{"type":"Feature","geometry":{"type":"LineString","coordinates":[[24.93941,60.170338],[24.939458,60.170309],[24.939498,60.170285],[24.93953,60.170265],[24.93956,60.170247],[24.939588,60.17023],[24.939615,60.170214],[24.939657,60.170189]]},"properties":{"c":"footway"}},{"type":"Feature","geometry":{"type":"LineString","coordinates":[[24.947705,60.165501],[24.947729,60.165501],[24.947831,60.165506],[24.947983,60.16551]]},"properties":{"c":"footway"}},{"type":"Feature","geometry":{"type":"LineString","coordinates":[[24.94136,60.17738],[24.941302,60.177408]]},"properties":{"c":"footway"}},{"type":"Feature","geometry":{"type":"LineString","coordinates":[[24.95232,60.165779],[24.952295,60.165721],[24.952298,60.165669],[24.952393,60.165311],[24.952436,60.165065],[24.952447,60.164985],[24.952458,60.164908],[24.952389,60.164904]]},"properties":{"c":"footway"}},{"type":"Feature","geometry":{"type":"LineString","coordinates":[[24.951452,60.165776],[24.951308,60.165772],[24.95123,60.165771],[24.951199,60.165771],[24.9512,60.165758],[24.951183,60.165751],[24.951144,60.16575],[24.949807,60.16571]]},"properties":{"c":"footway"}},{"type":"Feature","geometry":{"type":"LineString","coordinates":[[24.951292,60.167207],[24.951599,60.167212],[24.951975,60.167219],[24.952097,60.167247],[24.952207,60.167245],[24.952227,60.167245]]},"properties":{"c":"footway"}},{"type":"Feature","geometry":{"type":"LineString","coordinates":[[24.951038,60.167154],[24.951062,60.167155],[24.951157,60.167156],[24.951259,60.167158],[24.951295,60.167159]]},"properties":{"c":"footway"}},{"type":"Feature","geometry":{"type":"LineString","coordinates":[[24.950989,60.167176],[24.951038,60.167154],[24.951199,60.165771]]},"properties":{"c":"footway"}},{"type":"Feature","geometry":{"type":"LineString","coordinates":[[24.951116,60.168966],[24.951331,60.16897],[24.951994,60.168989],[24.952085,60.168992],[24.953282,60.169025]]},"properties":{"c":"footway"}},{"type":"Feature","geometry":{"type":"LineString","coordinates":[[24.951203,60.165635],[24.951221,60.16548],[24.951279,60.164881],[24.951285,60.16482],[24.951297,60.164762]]},"properties":{"c":"footway"}},{"type":"Feature","geometry":{"type":"LineString","coordinates":[[24.952389,60.164904],[24.951585,60.164882],[24.951544,60.164891]]},"properties":{"c":"footway"}},{"type":"Feature","geometry":{"type":"LineString","coordinates":[[24.951213,60.167962],[24.951122,60.16796],[24.951054,60.167958],[24.950962,60.167955]]},"properties":{"c":"footway"}},{"type":"Feature","geometry":{"type":"LineString","coordinates":[[24.951144,60.16575],[24.951145,60.165738],[24.95115,60.165695],[24.951155,60.165633]]},"properties":{"c":"footway"}},{"type":"Feature","geometry":{"type":"LineString","coordinates":[[24.952899,60.16477],[24.953012,60.164809],[24.953351,60.164818]]},"properties":{"c":"footway"}},{"type":"Feature","geometry":{"type":"LineString","coordinates":[[24.950889,60.167924],[24.950374,60.167908],[24.949588,60.16789]]},"properties":{"c":"footway"}},{"type":"Feature","geometry":{"type":"LineString","coordinates":[[24.94531,60.171985],[24.9452,60.171909],[24.94516,60.171803],[24.945193,60.171467],[24.945207,60.171354],[24.945259,60.170875],[24.94539,60.170836],[24.9454,60.170802],[24.9454,60.170796],[24.945404,60.170764],[24.945418,60.170717],[24.945425,60.170688],[24.945426,60.170677]]},"properties":{"c":"footway"}},{"type":"Feature","geometry":{"type":"LineString","coordinates":[[24.947679,60.165665],[24.947705,60.165501]]},"properties":{"c":"footway"}},{"type":"Feature","geometry":{"type":"LineString","coordinates":[[24.947705,60.165501],[24.947736,60.165227],[24.947786,60.164828],[24.947794,60.164772],[24.947772,60.164747],[24.947771,60.164657],[24.947799,60.1643],[24.947797,60.164247],[24.947805,60.164185]]},"properties":{"c":"footway"}},{"type":"Feature","geometry":{"type":"LineString","coordinates":[[24.947915,60.165671],[24.94781,60.165668],[24.947711,60.165666],[24.947679,60.165665]]},"properties":{"c":"footway"}},{"type":"Feature","geometry":{"type":"LineString","coordinates":[[24.947653,60.166055],[24.947679,60.165665]]},"properties":{"c":"footway"}},{"type":"Feature","geometry":{"type":"LineString","coordinates":[[24.948066,60.164834],[24.948065,60.164864],[24.947987,60.165487],[24.947983,60.16551],[24.947971,60.165597],[24.947967,60.165658]]},"properties":{"c":"footway"}},{"type":"Feature","geometry":{"type":"LineString","coordinates":[[24.949545,60.167917],[24.949443,60.167915],[24.949341,60.167912]]},"properties":{"c":"footway"}},{"type":"Feature","geometry":{"type":"LineString","coordinates":[[24.950751,60.169051],[24.950752,60.169038],[24.950754,60.169022],[24.950754,60.169011],[24.950755,60.169003],[24.950756,60.168988]]},"properties":{"c":"footway"}},{"type":"Feature","geometry":{"type":"LineString","coordinates":[[24.947771,60.164657],[24.947901,60.164659],[24.948,60.164662],[24.948023,60.164662],[24.948027,60.164685],[24.948078,60.164691],[24.948863,60.16471],[24.949622,60.164723],[24.949689,60.164724]]},"properties":{"c":"footway"}},{"type":"Feature","geometry":{"type":"LineString","coordinates":[[24.950848,60.168955],[24.950854,60.16892],[24.950962,60.167955],[24.95094,60.167933],[24.950889,60.167924]]},"properties":{"c":"footway"}},{"type":"Feature","geometry":{"type":"LineString","coordinates":[[24.949322,60.167886],[24.949181,60.167882],[24.948509,60.167865],[24.947558,60.167839],[24.946801,60.167819],[24.945784,60.167791],[24.945671,60.167788],[24.945519,60.167784],[24.945147,60.167775],[24.944781,60.167765],[24.943692,60.167737],[24.94324,60.167725],[24.943206,60.167724],[24.94312,60.167721],[24.942875,60.167716],[24.942816,60.167714],[24.942734,60.167712],[24.942261,60.167695],[24.942155,60.167712]]},"properties":{"c":"footway"}},{"type":"Feature","geometry":{"type":"LineString","coordinates":[[24.945678,60.167048],[24.945755,60.166124],[24.945777,60.165857],[24.945777,60.165846],[24.94578,60.165799],[24.945781,60.165752],[24.945781,60.165742],[24.945874,60.165018],[24.945965,60.164255]]},"properties":{"c":"footway"}},{"type":"Feature","geometry":{"type":"LineString","coordinates":[[24.945894,60.167058],[24.945978,60.166128],[24.94598,60.166106],[24.945986,60.166049],[24.945988,60.165997],[24.946009,60.165747],[24.946205,60.164259]]},"properties":{"c":"footway"}},{"type":"Feature","geometry":{"type":"LineString","coordinates":[[24.939782,60.166472],[24.939485,60.166271]]},"properties":{"c":"footway"}},{"type":"Feature","geometry":{"type":"LineString","coordinates":[[24.938886,60.16627],[24.938943,60.16629]]},"properties":{"c":"steps"}},{"type":"Feature","geometry":{"type":"LineString","coordinates":[[24.949115,60.171996],[24.949105,60.17209],[24.94909,60.172262],[24.949047,60.172596],[24.949045,60.172612]]},"properties":{"c":"footway"}},{"type":"Feature","geometry":{"type":"LineString","coordinates":[[24.94909,60.172262],[24.948938,60.172259],[24.948867,60.172258]]},"properties":{"c":"footway"}},{"type":"Feature","geometry":{"type":"LineString","coordinates":[[24.948078,60.164691],[24.948077,60.164702],[24.948073,60.164754],[24.948066,60.164834],[24.947908,60.164831],[24.947824,60.164829],[24.947786,60.164828]]},"properties":{"c":"footway"}},{"type":"Feature","geometry":{"type":"LineString","coordinates":[[24.953102,60.164282],[24.953039,60.164385],[24.952958,60.164563],[24.952919,60.164679],[24.952899,60.16477],[24.952897,60.16488],[24.95289,60.164966],[24.952881,60.164997],[24.952861,60.165255],[24.952869,60.165267],[24.952883,60.165276],[24.952896,60.165281],[24.952925,60.165285],[24.953137,60.16529]]},"properties":{"c":"cycleway"}},{"type":"Feature","geometry":{"type":"LineString","coordinates":[[24.946209,60.1642],[24.946205,60.164259]]},"properties":{"c":"footway"}},{"type":"Feature","geometry":{"type":"LineString","coordinates":[[24.940345,60.169289],[24.940372,60.169295],[24.940454,60.169294],[24.940467,60.169297],[24.940472,60.169305],[24.940468,60.169373]]},"properties":{"c":"footway"}},{"type":"Feature","geometry":{"type":"LineString","coordinates":[[24.940468,60.169373],[24.940462,60.16943]]},"properties":{"c":"footway"}},{"type":"Feature","geometry":{"type":"LineString","coordinates":[[24.949238,60.168908],[24.949231,60.168955],[24.949229,60.168972],[24.949227,60.168986],[24.949225,60.169],[24.949222,60.169015],[24.949225,60.169063],[24.949166,60.169528]]},"properties":{"c":"footway"}},{"type":"Feature","geometry":{"type":"LineString","coordinates":[[24.937572,60.167901],[24.937644,60.167928],[24.937723,60.167955]]},"properties":{"c":"footway"}},{"type":"Feature","geometry":{"type":"LineString","coordinates":[[24.936248,60.16748],[24.93753,60.167925]]},"properties":{"c":"footway"}},{"type":"Feature","geometry":{"type":"LineString","coordinates":[[24.936063,60.167392],[24.936147,60.16742],[24.936246,60.167454]]},"properties":{"c":"footway"}},{"type":"Feature","geometry":{"type":"LineString","coordinates":[[24.949348,60.172096],[24.949374,60.172097],[24.94937,60.172139]]},"properties":{"c":"footway"}},{"type":"Feature","geometry":{"type":"LineString","coordinates":[[24.949343,60.172147],[24.949295,60.172115],[24.949359,60.171402],[24.949369,60.171299]]},"properties":{"c":"footway"}},{"type":"Feature","geometry":{"type":"LineString","coordinates":[[24.949359,60.171402],[24.948886,60.17139]]},"properties":{"c":"footway"}},{"type":"Feature","geometry":{"type":"LineString","coordinates":[[24.949616,60.171064],[24.949773,60.171068]]},"properties":{"c":"footway"}},{"type":"Feature","geometry":{"type":"LineString","coordinates":[[24.949799,60.171083],[24.949789,60.171082],[24.949785,60.17108],[24.949782,60.171079],[24.949777,60.171075],[24.949774,60.171071],[24.949773,60.17107],[24.949773,60.171068],[24.949774,60.171065],[24.949776,60.171062],[24.94978,60.171058],[24.949788,60.171054],[24.949795,60.171053],[24.949799,60.171052],[24.949814,60.171053],[24.949819,60.171054],[24.949826,60.171056],[24.949829,60.171058],[24.949833,60.171061],[24.949835,60.171063],[24.949836,60.171065],[24.949837,60.171068],[24.949836,60.17107],[24.949836,60.171071],[24.949835,60.171073],[24.949833,60.171076],[24.94983,60.171078],[24.949824,60.171081],[24.949819,60.171082],[24.949815,60.171083],[24.94981,60.171084],[24.949799,60.171083]]},"properties":{"c":"footway"}},{"type":"Feature","geometry":{"type":"LineString","coordinates":[[24.950393,60.173203],[24.950513,60.173207],[24.950639,60.17321]]},"properties":{"c":"footway"}},{"type":"Feature","geometry":{"type":"LineString","coordinates":[[24.950426,60.173011],[24.950533,60.173016],[24.950668,60.173018]]},"properties":{"c":"footway"}},{"type":"Feature","geometry":{"type":"LineString","coordinates":[[24.949996,60.171074],[24.949836,60.17107]]},"properties":{"c":"footway"}},{"type":"Feature","geometry":{"type":"LineString","coordinates":[[24.951315,60.170124],[24.951523,60.170127]]},"properties":{"c":"footway"}},{"type":"Feature","geometry":{"type":"LineString","coordinates":[[24.949512,60.168604],[24.949474,60.16863],[24.949442,60.168914],[24.949436,60.168961],[24.949436,60.168977],[24.949435,60.168991],[24.949434,60.169005],[24.949435,60.16902],[24.949428,60.169069],[24.949392,60.169532],[24.949354,60.169829]]},"properties":{"c":"footway"}},{"type":"Feature","geometry":{"type":"LineString","coordinates":[[24.949561,60.168151],[24.949512,60.168604]]},"properties":{"c":"footway"}},{"type":"Feature","geometry":{"type":"LineString","coordinates":[[24.947308,60.172038],[24.945976,60.172002],[24.945344,60.171987],[24.94531,60.171985]]},"properties":{"c":"footway"}},{"type":"Feature","geometry":{"type":"LineString","coordinates":[[24.949949,60.173658],[24.950016,60.173682],[24.950055,60.173691],[24.950094,60.173698],[24.950142,60.173694]]},"properties":{"c":"cycleway"}},{"type":"Feature","geometry":{"type":"LineString","coordinates":[[24.949411,60.173818],[24.94945,60.173806],[24.949493,60.173793],[24.949547,60.173777],[24.949606,60.17376],[24.94963,60.173753],[24.949653,60.173746],[24.949676,60.173739],[24.949699,60.173732],[24.949722,60.173725],[24.949745,60.173718],[24.949771,60.173711],[24.949797,60.173703],[24.949845,60.173689],[24.9499,60.173673],[24.949949,60.173658]]},"properties":{"c":"cycleway"}},{"type":"Feature","geometry":{"type":"LineString","coordinates":[[24.947217,60.173402],[24.947225,60.173321]]},"properties":{"c":"footway"}},{"type":"Feature","geometry":{"type":"LineString","coordinates":[[24.946544,60.173001],[24.946525,60.173395]]},"properties":{"c":"footway"}},{"type":"Feature","geometry":{"type":"LineString","coordinates":[[24.952843,60.174145],[24.952847,60.174113],[24.952851,60.174084],[24.952852,60.174079],[24.952858,60.174024]]},"properties":{"c":"footway"}},{"type":"Feature","geometry":{"type":"LineString","coordinates":[[24.952964,60.174017],[24.95299,60.173781],[24.953058,60.173172],[24.953099,60.172758],[24.953141,60.172329],[24.95315,60.172222],[24.953179,60.171948],[24.953229,60.171606]]},"properties":{"c":"footway"}},{"type":"Feature","geometry":{"type":"LineString","coordinates":[[24.95075,60.17325],[24.950956,60.173295],[24.951584,60.173302]]},"properties":{"c":"footway"}},{"type":"Feature","geometry":{"type":"LineString","coordinates":[[24.943503,60.172166],[24.943518,60.172023],[24.943528,60.171987],[24.94354,60.171964],[24.943585,60.171944],[24.943738,60.171948],[24.943891,60.171953],[24.944144,60.171961],[24.944194,60.171972],[24.944238,60.172009],[24.944261,60.172011]]},"properties":{"c":"footway"}},{"type":"Feature","geometry":{"type":"LineString","coordinates":[[24.944194,60.171972],[24.944203,60.171912],[24.944217,60.171857]]},"properties":{"c":"footway"}},{"type":"Feature","geometry":{"type":"LineString","coordinates":[[24.953202,60.174144],[24.9532,60.174156],[24.953171,60.174419],[24.953149,60.174613],[24.953146,60.17464]]},"properties":{"c":"footway"}},{"type":"Feature","geometry":{"type":"LineString","coordinates":[[24.952974,60.174018],[24.953006,60.174019],[24.953087,60.174021],[24.953216,60.174025]]},"properties":{"c":"footway"}},{"type":"Feature","geometry":{"type":"LineString","coordinates":[[24.952952,60.174149],[24.952923,60.174148],[24.952843,60.174145],[24.952462,60.174133],[24.95183,60.174117],[24.950579,60.174088]]},"properties":{"c":"footway"}},{"type":"Feature","geometry":{"type":"LineString","coordinates":[[24.953214,60.174048],[24.953208,60.174095],[24.953202,60.174144]]},"properties":{"c":"footway"}},{"type":"Feature","geometry":{"type":"LineString","coordinates":[[24.953168,60.174155],[24.953063,60.174152],[24.952952,60.174149]]},"properties":{"c":"footway"}},{"type":"Feature","geometry":{"type":"LineString","coordinates":[[24.944361,60.174355],[24.94454,60.174376],[24.94482,60.174382],[24.945015,60.174362],[24.945109,60.174346],[24.945263,60.174342],[24.946311,60.174372],[24.946425,60.174409],[24.946527,60.174422],[24.947171,60.174433],[24.949089,60.174475],[24.949161,60.173986]]},"properties":{"c":"footway"}},{"type":"Feature","geometry":{"type":"LineString","coordinates":[[24.944685,60.1719],[24.944809,60.171901],[24.94492,60.171901]]},"properties":{"c":"footway"}},{"type":"Feature","geometry":{"type":"LineString","coordinates":[[24.952346,60.167978],[24.952171,60.167973],[24.952084,60.167961],[24.951242,60.167941]]},"properties":{"c":"footway"}},{"type":"Feature","geometry":{"type":"LineString","coordinates":[[24.940424,60.172528],[24.940425,60.172552]]},"properties":{"c":"footway"}},{"type":"Feature","geometry":{"type":"LineString","coordinates":[[24.939862,60.172513],[24.939859,60.172541]]},"properties":{"c":"footway"}},{"type":"Feature","geometry":{"type":"LineString","coordinates":[[24.936075,60.170751],[24.936069,60.170755]]},"properties":{"c":"footway"}},{"type":"Feature","geometry":{"type":"LineString","coordinates":[[24.935287,60.171429],[24.935287,60.171307],[24.935324,60.171306],[24.935324,60.171413],[24.935287,60.171429]]},"properties":{"c":"footway"}},{"type":"Feature","geometry":{"type":"LineString","coordinates":[[24.935678,60.171337],[24.9357,60.171313],[24.935713,60.171278],[24.935679,60.17125],[24.935565,60.171224],[24.935324,60.171224],[24.935323,60.171241],[24.935547,60.171239],[24.935585,60.171247],[24.935606,60.171257],[24.935632,60.171268],[24.93565,60.171285],[24.935657,60.171303],[24.935655,60.17132],[24.935377,60.171622],[24.935363,60.171639],[24.935313,60.171733],[24.935678,60.171337]]},"properties":{"c":"footway"}},{"type":"Feature","geometry":{"type":"LineString","coordinates":[[24.948077,60.172033],[24.94812,60.172022]]},"properties":{"c":"footway"}},{"type":"Feature","geometry":{"type":"LineString","coordinates":[[24.938636,60.170123],[24.938726,60.170154]]},"properties":{"c":"steps"}},{"type":"Feature","geometry":{"type":"LineString","coordinates":[[24.937464,60.170984],[24.937426,60.170984],[24.937358,60.171025],[24.937137,60.171161],[24.936675,60.171328],[24.936555,60.17136],[24.936308,60.171437],[24.936111,60.171523],[24.935959,60.171591],[24.935913,60.171613],[24.935848,60.171637]]},"properties":{"c":"footway"}},{"type":"Feature","geometry":{"type":"LineString","coordinates":[[24.940322,60.166601],[24.94045,60.166554],[24.940771,60.16634],[24.940884,60.166289],[24.941005,60.166158],[24.941136,60.166006]]},"properties":{"c":"footway"}},{"type":"Feature","geometry":{"type":"LineString","coordinates":[[24.940441,60.169491],[24.940122,60.169479],[24.940035,60.169447]]},"properties":{"c":"footway"}},{"type":"Feature","geometry":{"type":"LineString","coordinates":[[24.940713,60.169487],[24.941091,60.169497],[24.94121,60.169511],[24.941421,60.169516]]},"properties":{"c":"footway"}},{"type":"Feature","geometry":{"type":"LineString","coordinates":[[24.941441,60.169608],[24.941534,60.169612],[24.941714,60.169627],[24.941931,60.169632],[24.941962,60.169656]]},"properties":{"c":"footway"}},{"type":"Feature","geometry":{"type":"LineString","coordinates":[[24.939099,60.17219],[24.938963,60.172187],[24.93884,60.172184],[24.938789,60.172182],[24.938667,60.172176],[24.937375,60.172084]]},"properties":{"c":"footway"}},{"type":"Feature","geometry":{"type":"LineString","coordinates":[[24.948361,60.17069],[24.948708,60.170699],[24.948705,60.170732],[24.948702,60.17076],[24.94839,60.170752],[24.948385,60.170792],[24.947964,60.170781],[24.947967,60.170748],[24.947972,60.170708],[24.947976,60.170663],[24.948363,60.170673],[24.948361,60.17069]]},"properties":{"c":"footway"}},{"type":"Feature","geometry":{"type":"LineString","coordinates":[[24.944221,60.17298],[24.944231,60.173024],[24.944252,60.173155],[24.944246,60.173754],[24.944242,60.173846],[24.944235,60.174078],[24.944201,60.174425],[24.944097,60.175348],[24.944107,60.175459],[24.944039,60.175611],[24.943974,60.175767],[24.943947,60.175892],[24.943973,60.176083],[24.944018,60.17619],[24.94404,60.176284],[24.944054,60.176313],[24.944077,60.176356]]},"properties":{"c":"cycleway"}},{"type":"Feature","geometry":{"type":"LineString","coordinates":[[24.951343,60.175891],[24.951434,60.17592],[24.953021,60.176414],[24.953246,60.176481],[24.953407,60.176517]]},"properties":{"c":"footway"}},{"type":"Feature","geometry":{"type":"LineString","coordinates":[[24.948766,60.175271],[24.948974,60.175359],[24.949044,60.175384],[24.949134,60.175425],[24.949408,60.175481]]},"properties":{"c":"trail"}},{"type":"Feature","geometry":{"type":"LineString","coordinates":[[24.935275,60.177209],[24.935679,60.177366],[24.935812,60.177439],[24.937513,60.178565],[24.937543,60.178584],[24.938075,60.17893],[24.93816,60.178958],[24.938266,60.179089]]},"properties":{"c":"cycleway"}},{"type":"Feature","geometry":{"type":"LineString","coordinates":[[24.947217,60.173402],[24.946854,60.173402],[24.946659,60.173394],[24.946525,60.173395],[24.946372,60.173414],[24.946257,60.173443],[24.946175,60.17347]]},"properties":{"c":"footway"}},{"type":"Feature","geometry":{"type":"LineString","coordinates":[[24.947565,60.17217],[24.947464,60.172993]]},"properties":{"c":"footway"}},{"type":"Feature","geometry":{"type":"LineString","coordinates":[[24.944779,60.172978],[24.944984,60.172982]]},"properties":{"c":"steps"}},{"type":"Feature","geometry":{"type":"LineString","coordinates":[[24.944984,60.172982],[24.945013,60.172981]]},"properties":{"c":"footway"}},{"type":"Feature","geometry":{"type":"LineString","coordinates":[[24.944221,60.17298],[24.944307,60.172973],[24.944779,60.172978]]},"properties":{"c":"footway"}},{"type":"Feature","geometry":{"type":"LineString","coordinates":[[24.947768,60.17406],[24.947771,60.173948],[24.947761,60.173877],[24.94772,60.173755],[24.947689,60.17369],[24.947648,60.173631],[24.94757,60.173557],[24.947492,60.173508],[24.947361,60.173453],[24.947261,60.173429],[24.947217,60.173402]]},"properties":{"c":"footway"}},{"type":"Feature","geometry":{"type":"LineString","coordinates":[[24.945115,60.172914],[24.945047,60.172982],[24.944999,60.173356],[24.944914,60.173449],[24.944407,60.173662],[24.944246,60.173754]]},"properties":{"c":"footway"}},{"type":"Feature","geometry":{"type":"LineString","coordinates":[[24.945353,60.173878],[24.945312,60.17393],[24.94493,60.174064],[24.944775,60.174123],[24.94465,60.174219],[24.944361,60.174355],[24.944201,60.174425]]},"properties":{"c":"footway"}},{"type":"Feature","geometry":{"type":"LineString","coordinates":[[24.944221,60.17298],[24.944306,60.173027],[24.944475,60.173071],[24.944999,60.173356],[24.945337,60.173524],[24.945556,60.173657],[24.945722,60.173766],[24.945921,60.173895]]},"properties":{"c":"cycleway"}},{"type":"Feature","geometry":{"type":"LineString","coordinates":[[24.943134,60.17382],[24.94327,60.173822],[24.944242,60.173846],[24.945353,60.173878],[24.945921,60.173895],[24.946358,60.173911],[24.947771,60.173948],[24.948409,60.173963],[24.948884,60.173978]]},"properties":{"c":"cycleway"}},{"type":"Feature","geometry":{"type":"LineString","coordinates":[[24.943098,60.167105],[24.942968,60.167179],[24.94278,60.167318],[24.942546,60.167465],[24.942421,60.167534]]},"properties":{"c":"footway"}},{"type":"Feature","geometry":{"type":"LineString","coordinates":[[24.947625,60.167257],[24.947617,60.167333]]},"properties":{"c":"footway"}},{"type":"Feature","geometry":{"type":"LineString","coordinates":[[24.950502,60.167567],[24.950487,60.167678],[24.95048,60.167733],[24.950472,60.167789]]},"properties":{"c":"footway"}},{"type":"Feature","geometry":{"type":"LineString","coordinates":[[24.949427,60.167284],[24.949393,60.167283],[24.949359,60.167284],[24.947751,60.167261],[24.947625,60.167257],[24.947483,60.167253],[24.945957,60.16721],[24.945851,60.16721]]},"properties":{"c":"cycleway"}},{"type":"Feature","geometry":{"type":"LineString","coordinates":[[24.95225,60.167388],[24.952127,60.167366]]},"properties":{"c":"cycleway"}},{"type":"Feature","geometry":{"type":"LineString","coordinates":[[24.950319,60.167162],[24.950928,60.167176],[24.950989,60.167176]]},"properties":{"c":"footway"}},{"type":"Feature","geometry":{"type":"LineString","coordinates":[[24.949586,60.167289],[24.949501,60.167289],[24.949427,60.167284]]},"properties":{"c":"cycleway"}},{"type":"Feature","geometry":{"type":"LineString","coordinates":[[24.952127,60.167366],[24.952094,60.16736],[24.952054,60.167352]]},"properties":{"c":"cycleway"}},{"type":"Feature","geometry":{"type":"LineString","coordinates":[[24.952054,60.167352],[24.952038,60.167349],[24.951924,60.167333],[24.951306,60.167323]]},"properties":{"c":"cycleway"}},{"type":"Feature","geometry":{"type":"LineString","coordinates":[[24.949683,60.166714],[24.949675,60.166785],[24.949638,60.167147],[24.949639,60.167214],[24.949636,60.167257]]},"properties":{"c":"footway"}},{"type":"Feature","geometry":{"type":"LineString","coordinates":[[24.949402,60.167141],[24.949457,60.166661],[24.949547,60.165887],[24.949566,60.165723],[24.949526,60.165704]]},"properties":{"c":"footway"}},{"type":"Feature","geometry":{"type":"LineString","coordinates":[[24.948919,60.167134],[24.949375,60.167143],[24.949402,60.167141],[24.949429,60.167142],[24.94952,60.167144],[24.949638,60.167147],[24.950319,60.167162]]},"properties":{"c":"footway"}},{"type":"Feature","geometry":{"type":"LineString","coordinates":[[24.936166,60.168902],[24.936241,60.168931],[24.936327,60.168961]]},"properties":{"c":"footway"}},{"type":"Feature","geometry":{"type":"LineString","coordinates":[[24.936345,60.169004],[24.936305,60.169031]]},"properties":{"c":"footway"}},{"type":"Feature","geometry":{"type":"LineString","coordinates":[[24.949814,60.165602],[24.94994,60.165605],[24.951155,60.165633],[24.951203,60.165635]]},"properties":{"c":"footway"}},{"type":"Feature","geometry":{"type":"LineString","coordinates":[[24.949446,60.165139],[24.949491,60.165139],[24.949639,60.165142]]},"properties":{"c":"footway"}},{"type":"Feature","geometry":{"type":"LineString","coordinates":[[24.947581,60.167622],[24.947574,60.16769],[24.947572,60.167717],[24.947566,60.167773]]},"properties":{"c":"footway"}},{"type":"Feature","geometry":{"type":"LineString","coordinates":[[24.945978,60.166128],[24.94586,60.166125],[24.945783,60.166124],[24.945755,60.166124]]},"properties":{"c":"footway"}},{"type":"Feature","geometry":{"type":"LineString","coordinates":[[24.936493,60.172752],[24.936334,60.172723],[24.936174,60.172685],[24.936056,60.172661]]},"properties":{"c":"cycleway"}},{"type":"Feature","geometry":{"type":"LineString","coordinates":[[24.938886,60.16627],[24.938832,60.166252],[24.938475,60.166153],[24.938422,60.166123]]},"properties":{"c":"footway"}},{"type":"Feature","geometry":{"type":"LineString","coordinates":[[24.940722,60.177416],[24.940652,60.177603]]},"properties":{"c":"cycleway"}},{"type":"Feature","geometry":{"type":"LineString","coordinates":[[24.940652,60.177603],[24.940612,60.17771],[24.94052,60.177991]]},"properties":{"c":"cycleway"}},{"type":"Feature","geometry":{"type":"LineString","coordinates":[[24.935913,60.171613],[24.935922,60.171664],[24.935668,60.171931]]},"properties":{"c":"cycleway"}},{"type":"Feature","geometry":{"type":"LineString","coordinates":[[24.935313,60.171733],[24.935678,60.171337],[24.9357,60.171313]]},"properties":{"c":"cycleway"}},{"type":"Feature","geometry":{"type":"LineString","coordinates":[[24.936082,60.172723],[24.935921,60.172823]]},"properties":{"c":"steps"}},{"type":"Feature","geometry":{"type":"LineString","coordinates":[[24.936056,60.172661],[24.935611,60.172747],[24.935338,60.17281]]},"properties":{"c":"footway"}},{"type":"Feature","geometry":{"type":"LineString","coordinates":[[24.935493,60.172151],[24.936056,60.172661]]},"properties":{"c":"cycleway"}},{"type":"Feature","geometry":{"type":"LineString","coordinates":[[24.935505,60.17325],[24.93613,60.173338]]},"properties":{"c":"footway"}},{"type":"Feature","geometry":{"type":"LineString","coordinates":[[24.93636,60.174457],[24.936353,60.17451],[24.936351,60.174577]]},"properties":{"c":"cycleway"}},{"type":"Feature","geometry":{"type":"LineString","coordinates":[[24.935236,60.173191],[24.935471,60.173064],[24.935614,60.172983],[24.935797,60.172889],[24.935921,60.172823]]},"properties":{"c":"footway"}},{"type":"Feature","geometry":{"type":"LineString","coordinates":[[24.942421,60.167534],[24.942359,60.16751],[24.94231,60.167492],[24.942177,60.167443],[24.942134,60.167426],[24.942014,60.167381],[24.941928,60.167349],[24.941902,60.16734],[24.941872,60.167328]]},"properties":{"c":"cycleway"}},{"type":"Feature","geometry":{"type":"LineString","coordinates":[[24.951544,60.164891],[24.951523,60.16489],[24.95141,60.164886],[24.951315,60.164882],[24.951279,60.164881]]},"properties":{"c":"footway"}},{"type":"Feature","geometry":{"type":"LineString","coordinates":[[24.951279,60.164881],[24.950694,60.164871],[24.949921,60.164859],[24.949896,60.164859]]},"properties":{"c":"footway"}},{"type":"Feature","geometry":{"type":"LineString","coordinates":[[24.949894,60.164868],[24.949778,60.164865],[24.949607,60.16486]]},"properties":{"c":"footway"}},{"type":"Feature","geometry":{"type":"LineString","coordinates":[[24.945978,60.17199],[24.945993,60.171863]]},"properties":{"c":"footway"}},{"type":"Feature","geometry":{"type":"LineString","coordinates":[[24.945976,60.172002],[24.945978,60.17199]]},"properties":{"c":"footway"}},{"type":"Feature","geometry":{"type":"LineString","coordinates":[[24.947579,60.178353],[24.947573,60.178398]]},"properties":{"c":"footway"}},{"type":"Feature","geometry":{"type":"LineString","coordinates":[[24.947157,60.178133],[24.947147,60.178219]]},"properties":{"c":"footway"}},{"type":"Feature","geometry":{"type":"LineString","coordinates":[[24.947136,60.178323],[24.947129,60.178386]]},"properties":{"c":"footway"}},{"type":"Feature","geometry":{"type":"LineString","coordinates":[[24.949514,60.176742],[24.949589,60.176794]]},"properties":{"c":"steps"}},{"type":"Feature","geometry":{"type":"LineString","coordinates":[[24.943103,60.166441],[24.943117,60.166431],[24.94316,60.166403]]},"properties":{"c":"cycleway"}},{"type":"Feature","geometry":{"type":"LineString","coordinates":[[24.943252,60.166406],[24.943272,60.166412],[24.943365,60.166444],[24.943401,60.166456],[24.943449,60.166472]]},"properties":{"c":"cycleway"}},{"type":"Feature","geometry":{"type":"LineString","coordinates":[[24.943449,60.166472],[24.943547,60.166505],[24.943576,60.166515],[24.943623,60.166532],[24.94369,60.166554],[24.943725,60.166565]]},"properties":{"c":"cycleway"}},{"type":"Feature","geometry":{"type":"LineString","coordinates":[[24.939421,60.16508],[24.939514,60.165111],[24.939571,60.16513],[24.940563,60.165474],[24.94085,60.165573],[24.941372,60.165754],[24.941651,60.165851],[24.941759,60.165892],[24.941775,60.1659],[24.941846,60.165925],[24.942416,60.166129],[24.94316,60.166403]]},"properties":{"c":"cycleway"}},{"type":"Feature","geometry":{"type":"LineString","coordinates":[[24.944878,60.16713],[24.944308,60.167112],[24.943911,60.167102],[24.943865,60.167101],[24.943555,60.16711],[24.943309,60.167106],[24.943098,60.167105]]},"properties":{"c":"footway"}},{"type":"Feature","geometry":{"type":"LineString","coordinates":[[24.95319,60.173178],[24.953306,60.17318]]},"properties":{"c":"footway"}},{"type":"Feature","geometry":{"type":"LineString","coordinates":[[24.953405,60.17228],[24.953404,60.172333]]},"properties":{"c":"footway"}},{"type":"Feature","geometry":{"type":"LineString","coordinates":[[24.953229,60.171606],[24.953238,60.171552],[24.95324,60.171503]]},"properties":{"c":"footway"}},{"type":"Feature","geometry":{"type":"LineString","coordinates":[[24.953404,60.172333],[24.953306,60.17318],[24.953298,60.173254],[24.953216,60.174025],[24.953215,60.174037],[24.953214,60.174048]]},"properties":{"c":"footway"}},{"type":"Feature","geometry":{"type":"LineString","coordinates":[[24.95324,60.171503],[24.953244,60.171483]]},"properties":{"c":"footway"}},{"type":"Feature","geometry":{"type":"LineString","coordinates":[[24.945048,60.168661],[24.945035,60.168807]]},"properties":{"c":"footway"}},{"type":"Feature","geometry":{"type":"LineString","coordinates":[[24.939055,60.172375],[24.938973,60.172819],[24.938962,60.17292],[24.938946,60.173016]]},"properties":{"c":"footway"}},{"type":"Feature","geometry":{"type":"LineString","coordinates":[[24.950092,60.165404],[24.949861,60.165398]]},"properties":{"c":"footway"}},{"type":"Feature","geometry":{"type":"LineString","coordinates":[[24.949861,60.165398],[24.949831,60.165397],[24.949718,60.165394]]},"properties":{"c":"footway"}},{"type":"Feature","geometry":{"type":"LineString","coordinates":[[24.935527,60.174419],[24.935495,60.174481],[24.935456,60.174558]]},"properties":{"c":"cycleway"}},{"type":"Feature","geometry":{"type":"LineString","coordinates":[[24.935338,60.17281],[24.935797,60.172889]]},"properties":{"c":"footway"}},{"type":"Feature","geometry":{"type":"LineString","coordinates":[[24.935611,60.172747],[24.935921,60.172823]]},"properties":{"c":"footway"}},{"type":"Feature","geometry":{"type":"LineString","coordinates":[[24.945147,60.167775],[24.945143,60.167818]]},"properties":{"c":"footway"}},{"type":"Feature","geometry":{"type":"LineString","coordinates":[[24.945143,60.167818],[24.945129,60.167922]]},"properties":{"c":"footway"}},{"type":"Feature","geometry":{"type":"LineString","coordinates":[[24.95281,60.174353],[24.95281,60.17436]]},"properties":{"c":"footway"}},{"type":"Feature","geometry":{"type":"LineString","coordinates":[[24.953204,60.17442],[24.953216,60.174409],[24.953236,60.174409]]},"properties":{"c":"footway"}},{"type":"Feature","geometry":{"type":"LineString","coordinates":[[24.949629,60.165212],[24.949639,60.165142],[24.949658,60.164971],[24.949666,60.164916],[24.949668,60.16488]]},"properties":{"c":"footway"}},{"type":"Feature","geometry":{"type":"LineString","coordinates":[[24.946465,60.171149],[24.946436,60.171177],[24.946275,60.171464]]},"properties":{"c":"footway"}},{"type":"Feature","geometry":{"type":"LineString","coordinates":[[24.945405,60.170347],[24.945391,60.170453],[24.945319,60.170591]]},"properties":{"c":"footway"}},{"type":"Feature","geometry":{"type":"LineString","coordinates":[[24.945302,60.169888],[24.945313,60.169815],[24.94532,60.16977]]},"properties":{"c":"footway"}},{"type":"Feature","geometry":{"type":"LineString","coordinates":[[24.944878,60.16713],[24.94474,60.16708],[24.944649,60.167047],[24.944433,60.166969],[24.944373,60.166947],[24.944132,60.16687],[24.944072,60.16685],[24.944019,60.166829],[24.943851,60.166761]]},"properties":{"c":"cycleway"}},{"type":"Feature","geometry":{"type":"LineString","coordinates":[[24.944605,60.170762],[24.944577,60.170863],[24.944465,60.171855],[24.944449,60.171894],[24.944407,60.171936],[24.944327,60.172016]]},"properties":{"c":"cycleway"}},{"type":"Feature","geometry":{"type":"LineString","coordinates":[[24.939124,60.171073],[24.93925,60.17107],[24.939327,60.171062],[24.939411,60.171046]]},"properties":{"c":"cycleway"}},{"type":"Feature","geometry":{"type":"LineString","coordinates":[[24.949622,60.164723],[24.949617,60.164783],[24.949607,60.16486]]},"properties":{"c":"footway"}},{"type":"Feature","geometry":{"type":"LineString","coordinates":[[24.948605,60.16494],[24.948964,60.1652],[24.949406,60.16552],[24.94954,60.165576]]},"properties":{"c":"footway"}},{"type":"Feature","geometry":{"type":"LineString","coordinates":[[24.949689,60.164724],[24.949706,60.164509]]},"properties":{"c":"footway"}},{"type":"Feature","geometry":{"type":"LineString","coordinates":[[24.948554,60.165434],[24.948964,60.1652],[24.949416,60.164942],[24.949489,60.164899],[24.949607,60.16486]]},"properties":{"c":"footway"}},{"type":"Feature","geometry":{"type":"LineString","coordinates":[[24.948548,60.165497],[24.949406,60.16552],[24.949437,60.165224],[24.949446,60.165139],[24.949467,60.164943],[24.949489,60.164899],[24.948612,60.164876]]},"properties":{"c":"footway"}},{"type":"Feature","geometry":{"type":"LineString","coordinates":[[24.938576,60.170102],[24.938636,60.170123]]},"properties":{"c":"footway"}},{"type":"Feature","geometry":{"type":"LineString","coordinates":[[24.944937,60.166677],[24.944877,60.166834]]},"properties":{"c":"footway"}},{"type":"Feature","geometry":{"type":"LineString","coordinates":[[24.944877,60.166834],[24.944819,60.166939]]},"properties":{"c":"footway"}},{"type":"Feature","geometry":{"type":"LineString","coordinates":[[24.944761,60.1665],[24.944793,60.166501],[24.944794,60.166481],[24.944954,60.166484],[24.944937,60.166677]]},"properties":{"c":"footway"}},{"type":"Feature","geometry":{"type":"LineString","coordinates":[[24.952597,60.166828],[24.952558,60.167215]]},"properties":{"c":"cycleway"}},{"type":"Feature","geometry":{"type":"LineString","coordinates":[[24.952558,60.167215],[24.952554,60.167251],[24.952533,60.167397]]},"properties":{"c":"cycleway"}},{"type":"Feature","geometry":{"type":"LineString","coordinates":[[24.939927,60.170345],[24.939922,60.170403]]},"properties":{"c":"footway"}},{"type":"Feature","geometry":{"type":"LineString","coordinates":[[24.939959,60.170328],[24.93993,60.170328],[24.939927,60.170345]]},"properties":{"c":"footway"}},{"type":"Feature","geometry":{"type":"LineString","coordinates":[[24.94026,60.170497],[24.940357,60.170498]]},"properties":{"c":"footway"}},{"type":"Feature","geometry":{"type":"LineString","coordinates":[[24.94032,60.170604],[24.940324,60.170548]]},"properties":{"c":"footway"}},{"type":"Feature","geometry":{"type":"LineString","coordinates":[[24.940311,60.17068],[24.94031,60.170693]]},"properties":{"c":"footway"}},{"type":"Feature","geometry":{"type":"LineString","coordinates":[[24.940357,60.170498],[24.94052,60.1705]]},"properties":{"c":"steps"}},{"type":"Feature","geometry":{"type":"LineString","coordinates":[[24.940273,60.170313],[24.940342,60.170314]]},"properties":{"c":"footway"}},{"type":"Feature","geometry":{"type":"LineString","coordinates":[[24.940342,60.170314],[24.940536,60.170316]]},"properties":{"c":"steps"}},{"type":"Feature","geometry":{"type":"LineString","coordinates":[[24.940253,60.170669],[24.940252,60.170679]]},"properties":{"c":"footway"}},{"type":"Feature","geometry":{"type":"LineString","coordinates":[[24.940324,60.170548],[24.940329,60.170461],[24.940523,60.170464]]},"properties":{"c":"footway"}},{"type":"Feature","geometry":{"type":"LineString","coordinates":[[24.940252,60.170679],[24.940311,60.17068]]},"properties":{"c":"footway"}},{"type":"Feature","geometry":{"type":"LineString","coordinates":[[24.946279,60.176135],[24.946257,60.176092],[24.946216,60.176012]]},"properties":{"c":"footway"}},{"type":"Feature","geometry":{"type":"LineString","coordinates":[[24.949814,60.165602],[24.949814,60.165611],[24.949813,60.165653],[24.949809,60.165691],[24.949807,60.16571]]},"properties":{"c":"footway"}},{"type":"Feature","geometry":{"type":"LineString","coordinates":[[24.947483,60.167253],[24.947489,60.167196],[24.947492,60.167172],[24.947499,60.167099]]},"properties":{"c":"footway"}},{"type":"Feature","geometry":{"type":"LineString","coordinates":[[24.947644,60.166158],[24.947645,60.166104],[24.947651,60.166064],[24.947653,60.166055]]},"properties":{"c":"footway"}},{"type":"Feature","geometry":{"type":"LineString","coordinates":[[24.94725,60.172179],[24.94727,60.172172]]},"properties":{"c":"footway"}},{"type":"Feature","geometry":{"type":"LineString","coordinates":[[24.947291,60.172173],[24.947326,60.172174]]},"properties":{"c":"footway"}},{"type":"Feature","geometry":{"type":"LineString","coordinates":[[24.94727,60.172172],[24.947291,60.172173]]},"properties":{"c":"footway"}},{"type":"Feature","geometry":{"type":"LineString","coordinates":[[24.94727,60.172183],[24.94727,60.172172]]},"properties":{"c":"footway"}},{"type":"Feature","geometry":{"type":"LineString","coordinates":[[24.94727,60.172172],[24.947271,60.172161]]},"properties":{"c":"footway"}},{"type":"Feature","geometry":{"type":"LineString","coordinates":[[24.936072,60.168903],[24.936126,60.168919],[24.936166,60.168902],[24.936663,60.168547],[24.937421,60.168005]]},"properties":{"c":"footway"}},{"type":"Feature","geometry":{"type":"LineString","coordinates":[[24.940392,60.170236],[24.940275,60.170236]]},"properties":{"c":"footway"}},{"type":"Feature","geometry":{"type":"LineString","coordinates":[[24.940278,60.170133],[24.940275,60.170236]]},"properties":{"c":"footway"}},{"type":"Feature","geometry":{"type":"LineString","coordinates":[[24.940305,60.170133],[24.940278,60.170133]]},"properties":{"c":"footway"}},{"type":"Feature","geometry":{"type":"LineString","coordinates":[[24.936056,60.172661],[24.935581,60.172572],[24.935491,60.172546],[24.935415,60.172515],[24.935266,60.172437],[24.935185,60.172397]]},"properties":{"c":"cycleway"}},{"type":"Feature","geometry":{"type":"LineString","coordinates":[[24.946983,60.17151],[24.947157,60.171553],[24.947523,60.171561]]},"properties":{"c":"footway"}},{"type":"Feature","geometry":{"type":"LineString","coordinates":[[24.938266,60.179089],[24.938276,60.179039],[24.938294,60.178923],[24.938226,60.178163],[24.938196,60.178013],[24.938156,60.177893],[24.938104,60.177782],[24.938058,60.177705],[24.93797,60.177546],[24.937966,60.177453],[24.937972,60.177338],[24.937968,60.177266],[24.937948,60.177178],[24.937894,60.177063],[24.937879,60.177023],[24.937869,60.176984],[24.937865,60.176952],[24.937894,60.176928],[24.937938,60.176903],[24.938006,60.176867],[24.938066,60.176837],[24.938067,60.176805],[24.938079,60.176656],[24.93808,60.176648],[24.938089,60.17658],[24.938155,60.176108],[24.938162,60.176018],[24.938188,60.17566],[24.938207,60.175515],[24.938229,60.17526]]},"properties":{"c":"cycleway"}},{"type":"Feature","geometry":{"type":"LineString","coordinates":[[24.943923,60.171633],[24.943928,60.171592]]},"properties":{"c":"footway"}},{"type":"Feature","geometry":{"type":"LineString","coordinates":[[24.943997,60.171635],[24.943923,60.171633],[24.943841,60.171631],[24.94383,60.17172],[24.943986,60.171724],[24.943997,60.171635]]},"properties":{"c":"footway"}},{"type":"Feature","geometry":{"type":"LineString","coordinates":[[24.948884,60.172758],[24.948897,60.172768],[24.949028,60.172924],[24.949162,60.173025],[24.949348,60.173142],[24.949431,60.173182],[24.949518,60.173245],[24.949594,60.173299],[24.949673,60.173373],[24.949769,60.173462],[24.949949,60.173658]]},"properties":{"c":"footway"}},{"type":"Feature","geometry":{"type":"LineString","coordinates":[[24.948752,60.172656],[24.948782,60.172674],[24.948838,60.172721],[24.948884,60.172758]]},"properties":{"c":"footway"}},{"type":"Feature","geometry":{"type":"LineString","coordinates":[[24.94779,60.169892],[24.947787,60.169918],[24.947687,60.170699],[24.947657,60.170979]]},"properties":{"c":"footway"}},{"type":"Feature","geometry":{"type":"LineString","coordinates":[[24.946428,60.17904],[24.944893,60.178618],[24.944837,60.178595],[24.944848,60.178553]]},"properties":{"c":"footway"}},{"type":"Feature","geometry":{"type":"LineString","coordinates":[[24.948825,60.169523],[24.949144,60.169529]]},"properties":{"c":"footway"}},{"type":"Feature","geometry":{"type":"LineString","coordinates":[[24.949144,60.169529],[24.949166,60.169528]]},"properties":{"c":"footway"}},{"type":"Feature","geometry":{"type":"LineString","coordinates":[[24.947676,60.166056],[24.94776,60.166059],[24.94784,60.16606],[24.947866,60.166061]]},"properties":{"c":"footway"}},{"type":"Feature","geometry":{"type":"LineString","coordinates":[[24.947375,60.165936],[24.947361,60.166039]]},"properties":{"c":"footway"}},{"type":"Feature","geometry":{"type":"LineString","coordinates":[[24.947361,60.166039],[24.947361,60.166045],[24.94736,60.166053],[24.947354,60.166094]]},"properties":{"c":"footway"}},{"type":"Feature","geometry":{"type":"LineString","coordinates":[[24.94119,60.168382],[24.94103,60.168487],[24.941069,60.168505],[24.94104,60.168522]]},"properties":{"c":"footway"}},{"type":"Feature","geometry":{"type":"LineString","coordinates":[[24.94104,60.168522],[24.941027,60.168529],[24.941009,60.16854],[24.940999,60.168547],[24.940989,60.168553],[24.94097,60.168566],[24.940962,60.168571]]},"properties":{"c":"footway"}},{"type":"Feature","geometry":{"type":"LineString","coordinates":[[24.93521,60.171083],[24.935712,60.171085],[24.93583,60.171082]]},"properties":{"c":"cycleway"}},{"type":"Feature","geometry":{"type":"LineString","coordinates":[[24.935609,60.16926],[24.935631,60.169242],[24.935778,60.169294]]},"properties":{"c":"steps"}},{"type":"Feature","geometry":{"type":"LineString","coordinates":[[24.936138,60.169143],[24.936047,60.169194],[24.935919,60.169198],[24.935778,60.169294]]},"properties":{"c":"footway"}},{"type":"Feature","geometry":{"type":"LineString","coordinates":[[24.95035,60.176842],[24.950348,60.176891],[24.950342,60.176934]]},"properties":{"c":"footway"}},{"type":"Feature","geometry":{"type":"LineString","coordinates":[[24.949892,60.176917],[24.949911,60.176872],[24.949938,60.176814]]},"properties":{"c":"footway"}},{"type":"Feature","geometry":{"type":"LineString","coordinates":[[24.952551,60.167766],[24.952484,60.167798],[24.952413,60.167832],[24.952395,60.167843],[24.952359,60.167863],[24.952353,60.167912],[24.952346,60.167978]]},"properties":{"c":"footway"}},{"type":"Feature","geometry":{"type":"LineString","coordinates":[[24.95283,60.165324],[24.952883,60.165276]]},"properties":{"c":"footway"}},{"type":"Feature","geometry":{"type":"LineString","coordinates":[[24.952734,60.165321],[24.952665,60.165319],[24.952656,60.165319],[24.952609,60.165317],[24.952552,60.165316],[24.952511,60.165314],[24.952462,60.165313],[24.952393,60.165311]]},"properties":{"c":"footway"}},{"type":"Feature","geometry":{"type":"LineString","coordinates":[[24.940585,60.164339],[24.940522,60.164383],[24.940465,60.164425],[24.939514,60.165111]]},"properties":{"c":"footway"}},{"type":"Feature","geometry":{"type":"LineString","coordinates":[[24.9352,60.168019],[24.935221,60.168004],[24.935585,60.167739],[24.935926,60.167491],[24.93597,60.167438],[24.936009,60.167412],[24.936063,60.167392],[24.936679,60.16694],[24.936753,60.166887],[24.936807,60.166846],[24.937752,60.166177],[24.937818,60.16613],[24.937897,60.166083],[24.939169,60.165164]]},"properties":{"c":"footway"}},{"type":"Feature","geometry":{"type":"LineString","coordinates":[[24.936305,60.169031],[24.936275,60.169051],[24.93626,60.169061],[24.936242,60.169073],[24.936198,60.169103],[24.936138,60.169143]]},"properties":{"c":"footway"}},{"type":"Feature","geometry":{"type":"LineString","coordinates":[[24.935924,60.169009],[24.935947,60.16899],[24.935975,60.168972],[24.935996,60.168959],[24.936018,60.168944],[24.936072,60.168903]]},"properties":{"c":"footway"}},{"type":"Feature","geometry":{"type":"LineString","coordinates":[[24.94373,60.16455],[24.94335,60.164829]]},"properties":{"c":"footway"}},{"type":"Feature","geometry":{"type":"LineString","coordinates":[[24.943983,60.164337],[24.943935,60.164317],[24.943869,60.164289]]},"properties":{"c":"footway"}},{"type":"Feature","geometry":{"type":"LineString","coordinates":[[24.94371,60.164828],[24.943677,60.165101]]},"properties":{"c":"footway"}},{"type":"Feature","geometry":{"type":"LineString","coordinates":[[24.943513,60.164859],[24.943491,60.165097],[24.943475,60.165278]]},"properties":{"c":"footway"}},{"type":"Feature","geometry":{"type":"LineString","coordinates":[[24.943002,60.165085],[24.943491,60.165097],[24.943677,60.165101]]},"properties":{"c":"footway"}},{"type":"Feature","geometry":{"type":"LineString","coordinates":[[24.943983,60.164337],[24.943763,60.164493],[24.943747,60.16452],[24.94373,60.16455]]},"properties":{"c":"footway"}},{"type":"Feature","geometry":{"type":"LineString","coordinates":[[24.94335,60.164829],[24.943002,60.165085],[24.942978,60.165103],[24.943018,60.165118]]},"properties":{"c":"footway"}},{"type":"Feature","geometry":{"type":"LineString","coordinates":[[24.950401,60.173127],[24.950412,60.173074]]},"properties":{"c":"footway"}},{"type":"Feature","geometry":{"type":"LineString","coordinates":[[24.953229,60.171606],[24.952113,60.171575],[24.951981,60.171571],[24.950828,60.171539]]},"properties":{"c":"footway"}},{"type":"Feature","geometry":{"type":"LineString","coordinates":[[24.950652,60.170821],[24.95066,60.170763],[24.950671,60.17071]]},"properties":{"c":"footway"}},{"type":"Feature","geometry":{"type":"LineString","coordinates":[[24.950913,60.170828],[24.950921,60.17077],[24.950928,60.170715]]},"properties":{"c":"footway"}},{"type":"Feature","geometry":{"type":"LineString","coordinates":[[24.950828,60.171539],[24.950834,60.171486],[24.950841,60.171433]]},"properties":{"c":"footway"}},{"type":"Feature","geometry":{"type":"LineString","coordinates":[[24.950828,60.171539],[24.950702,60.171536],[24.95058,60.171533]]},"properties":{"c":"footway"}},{"type":"Feature","geometry":{"type":"LineString","coordinates":[[24.950591,60.171428],[24.950712,60.17143],[24.950841,60.171433]]},"properties":{"c":"footway"}},{"type":"Feature","geometry":{"type":"LineString","coordinates":[[24.950841,60.171433],[24.950869,60.171144],[24.950913,60.170828]]},"properties":{"c":"footway"}},{"type":"Feature","geometry":{"type":"LineString","coordinates":[[24.950928,60.170715],[24.950956,60.17035],[24.95101,60.169856],[24.951039,60.169823]]},"properties":{"c":"footway"}},{"type":"Feature","geometry":{"type":"LineString","coordinates":[[24.95324,60.171503],[24.953348,60.171505],[24.953375,60.171507],[24.953406,60.171508]]},"properties":{"c":"footway"}},{"type":"Feature","geometry":{"type":"LineString","coordinates":[[24.95339,60.171612],[24.953363,60.171611],[24.953336,60.17161],[24.953229,60.171606]]},"properties":{"c":"footway"}},{"type":"Feature","geometry":{"type":"LineString","coordinates":[[24.947726,60.169904],[24.947725,60.169913]]},"properties":{"c":"steps"}},{"type":"Feature","geometry":{"type":"LineString","coordinates":[[24.947787,60.169918],[24.947725,60.169917]]},"properties":{"c":"footway"}},{"type":"Feature","geometry":{"type":"LineString","coordinates":[[24.947725,60.169913],[24.947725,60.169917],[24.947724,60.169924]]},"properties":{"c":"footway"}},{"type":"Feature","geometry":{"type":"LineString","coordinates":[[24.952366,60.178544],[24.952416,60.178545]]},"properties":{"c":"footway"}},{"type":"Feature","geometry":{"type":"LineString","coordinates":[[24.942713,60.170254],[24.942717,60.170239]]},"properties":{"c":"footway"}},{"type":"Feature","geometry":{"type":"LineString","coordinates":[[24.942929,60.17026],[24.942935,60.170224]]},"properties":{"c":"footway"}},{"type":"Feature","geometry":{"type":"LineString","coordinates":[[24.944652,60.167403],[24.944686,60.167468],[24.944723,60.167493],[24.944757,60.167509],[24.944796,60.167516],[24.944827,60.167512],[24.944852,60.167505],[24.944891,60.167488],[24.944918,60.167459],[24.944941,60.167415]]},"properties":{"c":"footway"}},{"type":"Feature","geometry":{"type":"LineString","coordinates":[[24.944284,60.167626],[24.94313,60.167605],[24.943027,60.167593],[24.942421,60.167534]]},"properties":{"c":"footway"}},{"type":"Feature","geometry":{"type":"LineString","coordinates":[[24.945363,60.167428],[24.945603,60.167434]]},"properties":{"c":"footway"}},{"type":"Feature","geometry":{"type":"LineString","coordinates":[[24.944787,60.167604],[24.944789,60.167579],[24.944796,60.167516]]},"properties":{"c":"footway"}},{"type":"Feature","geometry":{"type":"LineString","coordinates":[[24.945363,60.167428],[24.945328,60.167482],[24.945264,60.16751],[24.945182,60.167531],[24.945112,60.167546],[24.945028,60.167564],[24.944869,60.167581],[24.944789,60.167579],[24.944658,60.167561],[24.944596,60.167545],[24.944529,60.167508]]},"properties":{"c":"footway"}},{"type":"Feature","geometry":{"type":"LineString","coordinates":[[24.945187,60.167632],[24.945187,60.167602]]},"properties":{"c":"steps"}},{"type":"Feature","geometry":{"type":"LineString","coordinates":[[24.944786,60.167623],[24.944787,60.167604]]},"properties":{"c":"steps"}},{"type":"Feature","geometry":{"type":"LineString","coordinates":[[24.945965,60.164255],[24.944317,60.164205],[24.944279,60.164207],[24.944254,60.164212],[24.944242,60.164218],[24.944229,60.164275],[24.944223,60.164339],[24.944156,60.164928],[24.944126,60.165205],[24.944106,60.165392],[24.944081,60.165646],[24.94408,60.165693],[24.944085,60.165702]]},"properties":{"c":"footway"}},{"type":"Feature","geometry":{"type":"LineString","coordinates":[[24.944078,60.165811],[24.944054,60.166001],[24.943986,60.166601],[24.944012,60.166649],[24.94463,60.166873],[24.944819,60.166939],[24.945082,60.167031],[24.945625,60.167046],[24.945678,60.167048],[24.94577,60.167049],[24.945894,60.167058],[24.945965,60.16706],[24.947499,60.167099],[24.947531,60.167099]]},"properties":{"c":"footway"}},{"type":"Feature","geometry":{"type":"LineString","coordinates":[[24.946205,60.164259],[24.946085,60.164258],[24.945965,60.164255]]},"properties":{"c":"footway"}},{"type":"Feature","geometry":{"type":"LineString","coordinates":[[24.944085,60.165702],[24.944084,60.16571],[24.944081,60.165757],[24.944079,60.165795],[24.944078,60.165811]]},"properties":{"c":"footway"}},{"type":"Feature","geometry":{"type":"LineString","coordinates":[[24.951984,60.178902],[24.951995,60.17874],[24.952011,60.178466]]},"properties":{"c":"footway"}},{"type":"Feature","geometry":{"type":"LineString","coordinates":[[24.95208,60.179086],[24.952092,60.178904],[24.952102,60.178742],[24.952106,60.178685],[24.952112,60.17847]]},"properties":{"c":"footway"}},{"type":"Feature","geometry":{"type":"LineString","coordinates":[[24.953223,60.178492],[24.953062,60.178489],[24.95265,60.178475],[24.952443,60.17847],[24.952358,60.178476],[24.952239,60.178472],[24.952112,60.17847],[24.952011,60.178466],[24.950959,60.178451],[24.950876,60.17845],[24.950684,60.178448],[24.950542,60.178443],[24.950477,60.178441],[24.950421,60.178438],[24.950363,60.178438],[24.950316,60.178438],[24.950255,60.178435],[24.950202,60.178432],[24.950128,60.178432],[24.949965,60.178421],[24.949891,60.178415]]},"properties":{"c":"footway"}},{"type":"Feature","geometry":{"type":"LineString","coordinates":[[24.94492,60.171901],[24.944971,60.171903],[24.945037,60.171904],[24.945131,60.171907],[24.9452,60.171909]]},"properties":{"c":"footway"}},{"type":"Feature","geometry":{"type":"LineString","coordinates":[[24.942683,60.17317],[24.94273,60.17323],[24.942774,60.173312]]},"properties":{"c":"path"}},{"type":"Feature","geometry":{"type":"LineString","coordinates":[[24.94239,60.173533],[24.942367,60.173498],[24.94236,60.173481],[24.942364,60.173448],[24.942385,60.173381],[24.942407,60.173303],[24.942438,60.173174]]},"properties":{"c":"path"}},{"type":"Feature","geometry":{"type":"LineString","coordinates":[[24.943109,60.173407],[24.943042,60.173327],[24.942832,60.173197],[24.942732,60.173125],[24.942621,60.173049]]},"properties":{"c":"footway"}},{"type":"Feature","geometry":{"type":"LineString","coordinates":[[24.942464,60.173043],[24.942585,60.173114],[24.942683,60.17317],[24.942776,60.173201],[24.942832,60.173197]]},"properties":{"c":"path"}},{"type":"Feature","geometry":{"type":"LineString","coordinates":[[24.94803,60.172046],[24.948077,60.172033]]},"properties":{"c":"footway"}},{"type":"Feature","geometry":{"type":"LineString","coordinates":[[24.947917,60.171977],[24.947775,60.171869]]},"properties":{"c":"footway"}},{"type":"Feature","geometry":{"type":"LineString","coordinates":[[24.947775,60.171869],[24.947515,60.17194]]},"properties":{"c":"footway"}},{"type":"Feature","geometry":{"type":"LineString","coordinates":[[24.947599,60.171681],[24.947536,60.171661]]},"properties":{"c":"footway"}},{"type":"Feature","geometry":{"type":"LineString","coordinates":[[24.947775,60.171869],[24.947599,60.171681]]},"properties":{"c":"footway"}},{"type":"Feature","geometry":{"type":"LineString","coordinates":[[24.94812,60.172022],[24.948038,60.171945],[24.947917,60.171977]]},"properties":{"c":"steps"}},{"type":"Feature","geometry":{"type":"LineString","coordinates":[[24.947362,60.169882],[24.947367,60.16983]]},"properties":{"c":"footway"}},{"type":"Feature","geometry":{"type":"LineString","coordinates":[[24.94937,60.172139],[24.949369,60.172156]]},"properties":{"c":"steps"}},{"type":"Feature","geometry":{"type":"LineString","coordinates":[[24.949369,60.172156],[24.949364,60.172207]]},"properties":{"c":"footway"}},{"type":"Feature","geometry":{"type":"LineString","coordinates":[[24.952828,60.175039],[24.952825,60.175082]]},"properties":{"c":"footway"}},{"type":"Feature","geometry":{"type":"LineString","coordinates":[[24.95223,60.175618],[24.952191,60.175614],[24.952064,60.175606]]},"properties":{"c":"footway"}},{"type":"Feature","geometry":{"type":"LineString","coordinates":[[24.952477,60.175686],[24.952415,60.175668],[24.952409,60.175672],[24.95223,60.175618]]},"properties":{"c":"steps"}},{"type":"Feature","geometry":{"type":"LineString","coordinates":[[24.947531,60.171173],[24.947548,60.171061]]},"properties":{"c":"steps"}},{"type":"Feature","geometry":{"type":"LineString","coordinates":[[24.947568,60.170907],[24.947559,60.170976],[24.947548,60.171061]]},"properties":{"c":"footway"}},{"type":"Feature","geometry":{"type":"LineString","coordinates":[[24.947531,60.171173],[24.947424,60.171171]]},"properties":{"c":"footway"}},{"type":"Feature","geometry":{"type":"LineString","coordinates":[[24.947416,60.171278],[24.947424,60.171171]]},"properties":{"c":"steps"}},{"type":"Feature","geometry":{"type":"LineString","coordinates":[[24.9532,60.174156],[24.953168,60.174155]]},"properties":{"c":"footway"}},{"type":"Feature","geometry":{"type":"LineString","coordinates":[[24.953133,60.174735],[24.953095,60.175046]]},"properties":{"c":"footway"}},{"type":"Feature","geometry":{"type":"LineString","coordinates":[[24.953146,60.17464],[24.953137,60.174687],[24.953133,60.174735]]},"properties":{"c":"footway"}},{"type":"Feature","geometry":{"type":"LineString","coordinates":[[24.952828,60.175039],[24.952959,60.17504],[24.953095,60.175046]]},"properties":{"c":"footway"}},{"type":"Feature","geometry":{"type":"LineString","coordinates":[[24.945319,60.170591],[24.945426,60.170677]]},"properties":{"c":"footway"}},{"type":"Feature","geometry":{"type":"LineString","coordinates":[[24.953254,60.171423],[24.953301,60.170972]]},"properties":{"c":"footway"}},{"type":"Feature","geometry":{"type":"LineString","coordinates":[[24.953315,60.170926],[24.953317,60.170894]]},"properties":{"c":"footway"}},{"type":"Feature","geometry":{"type":"LineString","coordinates":[[24.947107,60.177512],[24.947077,60.177444]]},"properties":{"c":"footway"}},{"type":"Feature","geometry":{"type":"LineString","coordinates":[[24.953018,60.175109],[24.952951,60.175108]]},"properties":{"c":"footway"}},{"type":"Feature","geometry":{"type":"LineString","coordinates":[[24.946893,60.178939],[24.947465,60.179096]]},"properties":{"c":"footway"}},{"type":"Feature","geometry":{"type":"LineString","coordinates":[[24.94708,60.177518],[24.946936,60.177545],[24.946741,60.17758]]},"properties":{"c":"footway"}},{"type":"Feature","geometry":{"type":"LineString","coordinates":[[24.950913,60.170828],[24.950781,60.170824],[24.950652,60.170821]]},"properties":{"c":"footway"}},{"type":"Feature","geometry":{"type":"LineString","coordinates":[[24.947565,60.17217],[24.947435,60.172166],[24.947327,60.172162]]},"properties":{"c":"footway"}},{"type":"Feature","geometry":{"type":"LineString","coordinates":[[24.950889,60.167924],[24.950897,60.167868],[24.950904,60.1678]]},"properties":{"c":"footway"}},{"type":"Feature","geometry":{"type":"LineString","coordinates":[[24.953317,60.170894],[24.953318,60.170885],[24.953323,60.170838],[24.953328,60.170797],[24.953329,60.170787]]},"properties":{"c":"footway"}},{"type":"Feature","geometry":{"type":"LineString","coordinates":[[24.949137,60.169824],[24.949127,60.169876],[24.949122,60.169935]]},"properties":{"c":"footway"}},{"type":"Feature","geometry":{"type":"LineString","coordinates":[[24.948938,60.176899],[24.948944,60.176848],[24.948944,60.176793]]},"properties":{"c":"footway"}},{"type":"Feature","geometry":{"type":"LineString","coordinates":[[24.950652,60.170821],[24.949245,60.170775],[24.949225,60.170775]]},"properties":{"c":"footway"}},{"type":"Feature","geometry":{"type":"LineString","coordinates":[[24.946622,60.178868],[24.946775,60.178914],[24.946893,60.178939]]},"properties":{"c":"footway"}},{"type":"Feature","geometry":{"type":"LineString","coordinates":[[24.947464,60.172993],[24.948503,60.173023],[24.94865,60.173032]]},"properties":{"c":"footway"}},{"type":"Feature","geometry":{"type":"LineString","coordinates":[[24.950747,60.16997],[24.950753,60.169913],[24.950758,60.169863]]},"properties":{"c":"footway"}},{"type":"Feature","geometry":{"type":"LineString","coordinates":[[24.953244,60.171483],[24.95325,60.171453],[24.953254,60.171423]]},"properties":{"c":"footway"}},{"type":"Feature","geometry":{"type":"LineString","coordinates":[[24.947455,60.173086],[24.94725,60.17308],[24.94682,60.173069],[24.946819,60.17309]]},"properties":{"c":"footway"}},{"type":"Feature","geometry":{"type":"LineString","coordinates":[[24.94926,60.17067],[24.949307,60.170398],[24.949344,60.169941]]},"properties":{"c":"footway"}},{"type":"Feature","geometry":{"type":"LineString","coordinates":[[24.953317,60.170894],[24.951133,60.170835],[24.950913,60.170828]]},"properties":{"c":"footway"}},{"type":"Feature","geometry":{"type":"LineString","coordinates":[[24.953301,60.170972],[24.953303,60.17095],[24.953315,60.170926]]},"properties":{"c":"footway"}},{"type":"Feature","geometry":{"type":"LineString","coordinates":[[24.950928,60.170715],[24.950957,60.170723],[24.951321,60.170735],[24.952097,60.170754],[24.953329,60.170787]]},"properties":{"c":"footway"}},{"type":"Feature","geometry":{"type":"LineString","coordinates":[[24.946741,60.17758],[24.945147,60.17787],[24.945099,60.17845],[24.946622,60.178868]]},"properties":{"c":"footway"}},{"type":"Feature","geometry":{"type":"LineString","coordinates":[[24.948694,60.173166],[24.948681,60.17313],[24.948667,60.173086],[24.94865,60.173032]]},"properties":{"c":"footway"}},{"type":"Feature","geometry":{"type":"LineString","coordinates":[[24.951626,60.17815],[24.951784,60.178153],[24.951873,60.178157],[24.951954,60.178144]]},"properties":{"c":"footway"}},{"type":"Feature","geometry":{"type":"LineString","coordinates":[[24.951242,60.167941],[24.951213,60.167962],[24.951119,60.168929],[24.951116,60.168966]]},"properties":{"c":"footway"}},{"type":"Feature","geometry":{"type":"LineString","coordinates":[[24.95341,60.170897],[24.953317,60.170894]]},"properties":{"c":"footway"}},{"type":"Feature","geometry":{"type":"LineString","coordinates":[[24.948655,60.172597],[24.948569,60.172621],[24.948497,60.172642],[24.948447,60.172656],[24.948411,60.172667],[24.948321,60.172693]]},"properties":{"c":"footway"}},{"type":"Feature","geometry":{"type":"LineString","coordinates":[[24.945032,60.170487],[24.945073,60.170502],[24.945101,60.170512],[24.945147,60.170529],[24.94517,60.170537],[24.945319,60.170591]]},"properties":{"c":"footway"}},{"type":"Feature","geometry":{"type":"LineString","coordinates":[[24.94865,60.173032],[24.948602,60.172962],[24.948321,60.172693],[24.947823,60.172236],[24.947597,60.172169],[24.947565,60.17217]]},"properties":{"c":"footway"}},{"type":"Feature","geometry":{"type":"LineString","coordinates":[[24.950904,60.1678],[24.950916,60.167659],[24.950917,60.167576],[24.950929,60.167346],[24.950925,60.167288]]},"properties":{"c":"footway"}},{"type":"Feature","geometry":{"type":"LineString","coordinates":[[24.949122,60.169935],[24.949116,60.169978],[24.949025,60.17066],[24.949016,60.170737],[24.949013,60.170769],[24.948984,60.171067],[24.94895,60.171524],[24.948867,60.172258],[24.948829,60.172569],[24.948655,60.172597]]},"properties":{"c":"footway"}},{"type":"Feature","geometry":{"type":"LineString","coordinates":[[24.951667,60.178024],[24.951709,60.177627],[24.951756,60.177033],[24.951742,60.17701],[24.951708,60.176989],[24.95167,60.176975],[24.951628,60.176966],[24.950342,60.176934]]},"properties":{"c":"footway"}},{"type":"Feature","geometry":{"type":"LineString","coordinates":[[24.947018,60.178034],[24.94708,60.177518]]},"properties":{"c":"footway"}},{"type":"Feature","geometry":{"type":"LineString","coordinates":[[24.946998,60.178129],[24.947005,60.178077],[24.947018,60.178034]]},"properties":{"c":"footway"}},{"type":"Feature","geometry":{"type":"LineString","coordinates":[[24.947018,60.178516],[24.948908,60.178553],[24.94893,60.17833]]},"properties":{"c":"footway"}},{"type":"Feature","geometry":{"type":"LineString","coordinates":[[24.944895,60.177912],[24.944907,60.177866],[24.944926,60.17784],[24.944966,60.177807],[24.945025,60.177774],[24.945056,60.177747],[24.945134,60.177724]]},"properties":{"c":"footway"}},{"type":"Feature","geometry":{"type":"LineString","coordinates":[[24.943588,60.170653],[24.944322,60.170672],[24.944411,60.170681],[24.944479,60.170698],[24.944545,60.170724],[24.944605,60.170762]]},"properties":{"c":"cycleway"}},{"type":"Feature","geometry":{"type":"LineString","coordinates":[[24.939524,60.170977],[24.939527,60.170949],[24.939553,60.170686]]},"properties":{"c":"cycleway"}},{"type":"Feature","geometry":{"type":"LineString","coordinates":[[24.942876,60.170259],[24.942929,60.17026],[24.943024,60.170263]]},"properties":{"c":"footway"}},{"type":"Feature","geometry":{"type":"LineString","coordinates":[[24.942763,60.170256],[24.942831,60.170258],[24.942876,60.170259]]},"properties":{"c":"footway"}},{"type":"Feature","geometry":{"type":"LineString","coordinates":[[24.94339,60.170643],[24.943497,60.170648],[24.943588,60.170653]]},"properties":{"c":"cycleway"}},{"type":"Feature","geometry":{"type":"LineString","coordinates":[[24.942553,60.170254],[24.942713,60.170254],[24.942763,60.170256]]},"properties":{"c":"footway"}},{"type":"Feature","geometry":{"type":"LineString","coordinates":[[24.939772,60.170511],[24.939867,60.170508],[24.939966,60.170511],[24.940071,60.170513],[24.94013,60.170517],[24.940161,60.170524],[24.940221,60.170537],[24.940265,60.170543],[24.940307,60.170544],[24.940394,60.170545],[24.940453,60.170546],[24.940569,60.170548],[24.940632,60.170549],[24.940667,60.170546],[24.940699,60.170536],[24.940729,60.170526],[24.941221,60.170534],[24.941261,60.170542],[24.941314,60.170562],[24.94133,60.170564],[24.941354,60.170568],[24.941398,60.170569],[24.941448,60.17057],[24.941513,60.170572],[24.941582,60.170573],[24.941632,60.170574],[24.941675,60.170575],[24.941717,60.170574],[24.941753,60.170569],[24.941798,60.170556],[24.941822,60.170552],[24.942263,60.170562],[24.942292,60.170567],[24.94233,60.170581],[24.942375,60.170582],[24.942416,60.170583],[24.942519,60.170586],[24.942677,60.170593],[24.942753,60.170594],[24.942815,60.170596],[24.942996,60.1706],[24.943188,60.170604],[24.943218,60.170608],[24.943249,60.170613],[24.943334,60.170639],[24.943356,60.170642],[24.94339,60.170643]]},"properties":{"c":"cycleway"}},{"type":"Feature","geometry":{"type":"LineString","coordinates":[[24.939411,60.171046],[24.939456,60.171026],[24.939489,60.171007],[24.939524,60.170977]]},"properties":{"c":"cycleway"}},{"type":"Feature","geometry":{"type":"LineString","coordinates":[[24.943024,60.170263],[24.943749,60.170282],[24.943844,60.170285],[24.943927,60.170296],[24.944498,60.170315],[24.944914,60.17045],[24.945002,60.17048],[24.945032,60.170487]]},"properties":{"c":"footway"}},{"type":"Feature","geometry":{"type":"LineString","coordinates":[[24.943022,60.170315],[24.943018,60.170361],[24.943012,60.170429],[24.943009,60.170457],[24.943002,60.170535],[24.942996,60.1706],[24.942995,60.170613],[24.942993,60.170636]]},"properties":{"c":"footway"}},{"type":"Feature","geometry":{"type":"LineString","coordinates":[[24.942542,60.170339],[24.942537,60.170388],[24.942535,60.170418],[24.942532,60.170443],[24.942529,60.170477],[24.942525,60.170523],[24.942519,60.170586],[24.942518,60.170599]]},"properties":{"c":"footway"}},{"type":"Feature","geometry":{"type":"LineString","coordinates":[[24.949588,60.167767],[24.949585,60.167832],[24.949588,60.16789],[24.949545,60.167917],[24.949525,60.168129],[24.949561,60.168151]]},"properties":{"c":"footway"}},{"type":"Feature","geometry":{"type":"LineString","coordinates":[[24.947531,60.167099],[24.947637,60.167102],[24.947751,60.167105]]},"properties":{"c":"footway"}},{"type":"Feature","geometry":{"type":"LineString","coordinates":[[24.947712,60.167611],[24.947762,60.167597],[24.947806,60.167579],[24.947842,60.167557],[24.947868,60.167531],[24.947883,60.167504],[24.947885,60.167492],[24.947888,60.167475],[24.947882,60.167447],[24.947864,60.16742],[24.947836,60.167395],[24.947799,60.167373],[24.947754,60.167355],[24.947703,60.167342],[24.947648,60.167335],[24.947617,60.167333],[24.947591,60.167332],[24.947534,60.167336],[24.947479,60.167344],[24.947429,60.167358],[24.947386,60.167377],[24.94735,60.167399],[24.947324,60.167425],[24.947308,60.167452],[24.947305,60.167473],[24.947304,60.16748],[24.94731,60.167509],[24.947328,60.167536],[24.947356,60.167561],[24.947393,60.167582],[24.947438,60.1676],[24.947489,60.167613],[24.947544,60.167621],[24.947581,60.167622],[24.947601,60.167623],[24.947658,60.16762],[24.947712,60.167611]]},"properties":{"c":"footway"}},{"type":"Feature","geometry":{"type":"LineString","coordinates":[[24.947751,60.167105],[24.947771,60.167106],[24.948475,60.167126],[24.948919,60.167134]]},"properties":{"c":"footway"}},{"type":"Feature","geometry":{"type":"LineString","coordinates":[[24.947771,60.167106],[24.947769,60.167119],[24.947762,60.167175],[24.947758,60.167203],[24.947751,60.167261]]},"properties":{"c":"footway"}},{"type":"Feature","geometry":{"type":"LineString","coordinates":[[24.938204,60.168459],[24.938165,60.168484],[24.937735,60.16876],[24.937756,60.168949]]},"properties":{"c":"footway"}},{"type":"Feature","geometry":{"type":"LineString","coordinates":[[24.940969,60.166002],[24.940884,60.165956],[24.940595,60.165801],[24.940279,60.165683],[24.940176,60.165641],[24.939582,60.165453],[24.939403,60.165432],[24.939352,60.165325],[24.939351,60.165229]]},"properties":{"c":"footway"}},{"type":"Feature","geometry":{"type":"LineString","coordinates":[[24.942724,60.165091],[24.942757,60.165084],[24.942783,60.165065],[24.943259,60.164725],[24.943869,60.164289]]},"properties":{"c":"footway"}},{"type":"Feature","geometry":{"type":"LineString","coordinates":[[24.942595,60.165171],[24.942664,60.165124],[24.942724,60.165091]]},"properties":{"c":"footway"}},{"type":"Feature","geometry":{"type":"LineString","coordinates":[[24.941651,60.165851],[24.942594,60.165193],[24.942595,60.165171]]},"properties":{"c":"footway"}},{"type":"Feature","geometry":{"type":"LineString","coordinates":[[24.941473,60.165974],[24.941549,60.16592],[24.941567,60.165909],[24.941581,60.1659],[24.941651,60.165851]]},"properties":{"c":"footway"}},{"type":"Feature","geometry":{"type":"LineString","coordinates":[[24.943018,60.165118],[24.942924,60.165182],[24.942911,60.165191],[24.942892,60.165203],[24.942825,60.165255]]},"properties":{"c":"footway"}},{"type":"Feature","geometry":{"type":"LineString","coordinates":[[24.94375,60.165507],[24.943761,60.16547],[24.943774,60.165431],[24.943791,60.165386]]},"properties":{"c":"footway"}},{"type":"Feature","geometry":{"type":"LineString","coordinates":[[24.943791,60.165386],[24.943827,60.165387],[24.94388,60.165388],[24.943935,60.165389],[24.944012,60.165391],[24.944106,60.165392]]},"properties":{"c":"footway"}},{"type":"Feature","geometry":{"type":"LineString","coordinates":[[24.941846,60.165925],[24.941866,60.165968],[24.941837,60.165988],[24.941822,60.165999],[24.941816,60.166002],[24.941804,60.166011],[24.941692,60.166046]]},"properties":{"c":"footway"}},{"type":"Feature","geometry":{"type":"LineString","coordinates":[[24.938465,60.175124],[24.938451,60.175266]]},"properties":{"c":"footway"}},{"type":"Feature","geometry":{"type":"LineString","coordinates":[[24.938519,60.174665],[24.938492,60.174935],[24.938479,60.175044],[24.938465,60.175124]]},"properties":{"c":"footway"}},{"type":"Feature","geometry":{"type":"LineString","coordinates":[[24.938244,60.175118],[24.938229,60.17526]]},"properties":{"c":"cycleway"}},{"type":"Feature","geometry":{"type":"LineString","coordinates":[[24.938519,60.174665],[24.93841,60.174662]]},"properties":{"c":"footway"}},{"type":"Feature","geometry":{"type":"LineString","coordinates":[[24.938244,60.175118],[24.938248,60.175072],[24.938251,60.175038],[24.938282,60.174743],[24.938281,60.174714],[24.938263,60.174689],[24.93822,60.174657],[24.938195,60.17465],[24.93815,60.174636],[24.938109,60.174628],[24.938058,60.174622],[24.937781,60.174614],[24.937649,60.174611],[24.937551,60.174609],[24.937409,60.174605],[24.936351,60.174577],[24.935644,60.174557],[24.935555,60.174561],[24.935456,60.174558],[24.935283,60.174532]]},"properties":{"c":"cycleway"}},{"type":"Feature","geometry":{"type":"LineString","coordinates":[[24.938946,60.173016],[24.93878,60.174393],[24.938766,60.174488],[24.938754,60.174549],[24.938723,60.174599],[24.938632,60.174598],[24.93857,60.174609],[24.93853,60.174624],[24.938519,60.174665]]},"properties":{"c":"footway"}},{"type":"Feature","geometry":{"type":"LineString","coordinates":[[24.93822,60.174657],[24.938231,60.174562],[24.93824,60.174478]]},"properties":{"c":"cycleway"}},{"type":"Feature","geometry":{"type":"LineString","coordinates":[[24.93878,60.174393],[24.938676,60.174391],[24.938428,60.174385],[24.938329,60.174383]]},"properties":{"c":"footway"}},{"type":"Feature","geometry":{"type":"LineString","coordinates":[[24.947512,60.17111],[24.947501,60.171278],[24.947523,60.171561],[24.947536,60.171661],[24.947515,60.17194],[24.947284,60.172166],[24.94727,60.172172],[24.94727,60.172183]]},"properties":{"c":"footway"}},{"type":"Feature","geometry":{"type":"LineString","coordinates":[[24.936878,60.167009],[24.939057,60.167754]]},"properties":{"c":"footway"}},{"type":"Feature","geometry":{"type":"LineString","coordinates":[[24.937575,60.168062],[24.93749,60.16803],[24.937421,60.168005]]},"properties":{"c":"footway"}},{"type":"Feature","geometry":{"type":"LineString","coordinates":[[24.936108,60.167558],[24.936002,60.167524],[24.935926,60.167491]]},"properties":{"c":"footway"}},{"type":"Feature","geometry":{"type":"LineString","coordinates":[[24.937421,60.168005],[24.93749,60.167954],[24.93753,60.167925]]},"properties":{"c":"footway"}},{"type":"Feature","geometry":{"type":"LineString","coordinates":[[24.940402,60.166953],[24.940339,60.167],[24.940277,60.167045]]},"properties":{"c":"footway"}},{"type":"Feature","geometry":{"type":"LineString","coordinates":[[24.936679,60.16694],[24.936768,60.166974],[24.936878,60.167009]]},"properties":{"c":"footway"}},{"type":"Feature","geometry":{"type":"LineString","coordinates":[[24.93917,60.167661],[24.93958,60.167355],[24.940091,60.166981],[24.940159,60.166937],[24.940223,60.16689]]},"properties":{"c":"footway"}},{"type":"Feature","geometry":{"type":"LineString","coordinates":[[24.93917,60.167661],[24.939123,60.167701],[24.939057,60.167754],[24.939133,60.167782],[24.939248,60.167789]]},"properties":{"c":"footway"}},{"type":"Feature","geometry":{"type":"LineString","coordinates":[[24.93753,60.167925],[24.937572,60.167901],[24.937804,60.167744],[24.937959,60.167734],[24.938058,60.167767],[24.93815,60.167798],[24.938447,60.167897],[24.938729,60.167994],[24.939057,60.167754]]},"properties":{"c":"footway"}},{"type":"Feature","geometry":{"type":"LineString","coordinates":[[24.943677,60.165101],[24.94372,60.165108],[24.943823,60.16511]]},"properties":{"c":"footway"}},{"type":"Feature","geometry":{"type":"LineString","coordinates":[[24.952378,60.165788],[24.95232,60.165779],[24.951453,60.165756]]},"properties":{"c":"footway"}},{"type":"Feature","geometry":{"type":"LineString","coordinates":[[24.9525,60.165791],[24.952479,60.16579],[24.952419,60.165789],[24.952378,60.165788]]},"properties":{"c":"footway"}},{"type":"Feature","geometry":{"type":"LineString","coordinates":[[24.952533,60.166551],[24.95247,60.166549],[24.95242,60.166548]]},"properties":{"c":"footway"}},{"type":"Feature","geometry":{"type":"LineString","coordinates":[[24.95242,60.166548],[24.952394,60.166547],[24.952335,60.166545],[24.952278,60.166544]]},"properties":{"c":"footway"}},{"type":"Feature","geometry":{"type":"LineString","coordinates":[[24.952227,60.167245],[24.952261,60.167245],[24.952326,60.167247],[24.952436,60.167249],[24.952542,60.167251],[24.952554,60.167251]]},"properties":{"c":"footway"}},{"type":"Feature","geometry":{"type":"LineString","coordinates":[[24.951292,60.167207],[24.951295,60.167219],[24.951309,60.167278],[24.951306,60.167323]]},"properties":{"c":"footway"}},{"type":"Feature","geometry":{"type":"LineString","coordinates":[[24.950925,60.167288],[24.950922,60.167249],[24.950927,60.167192],[24.950928,60.167176]]},"properties":{"c":"footway"}},{"type":"Feature","geometry":{"type":"LineString","coordinates":[[24.93792,60.172452],[24.937756,60.172339]]},"properties":{"c":"steps"}},{"type":"Feature","geometry":{"type":"LineString","coordinates":[[24.937756,60.172339],[24.937564,60.172228]]},"properties":{"c":"footway"}},{"type":"Feature","geometry":{"type":"LineString","coordinates":[[24.952151,60.172176],[24.952156,60.172131]]},"properties":{"c":"steps"}},{"type":"Feature","geometry":{"type":"LineString","coordinates":[[24.952113,60.171575],[24.952108,60.171636]]},"properties":{"c":"footway"}},{"type":"Feature","geometry":{"type":"LineString","coordinates":[[24.952156,60.172131],[24.952162,60.172076]]},"properties":{"c":"footway"}},{"type":"Feature","geometry":{"type":"LineString","coordinates":[[24.952108,60.171636],[24.952094,60.171813]]},"properties":{"c":"steps"}},{"type":"Feature","geometry":{"type":"LineString","coordinates":[[24.952032,60.171845],[24.952026,60.171899]]},"properties":{"c":"steps"}},{"type":"Feature","geometry":{"type":"LineString","coordinates":[[24.951406,60.172533],[24.951406,60.172583],[24.951404,60.172604]]},"properties":{"c":"footway"}},{"type":"Feature","geometry":{"type":"LineString","coordinates":[[24.952326,60.171818],[24.952094,60.171813],[24.952035,60.171812],[24.952032,60.171845]]},"properties":{"c":"footway"}},{"type":"Feature","geometry":{"type":"LineString","coordinates":[[24.952026,60.171899],[24.952015,60.172001],[24.952011,60.17203],[24.95201,60.17204],[24.952068,60.172063],[24.952162,60.172076]]},"properties":{"c":"footway"}},{"type":"Feature","geometry":{"type":"LineString","coordinates":[[24.951129,60.170753],[24.951225,60.170755]]},"properties":{"c":"steps"}},{"type":"Feature","geometry":{"type":"LineString","coordinates":[[24.951319,60.170757],[24.951225,60.170755]]},"properties":{"c":"footway"}},{"type":"Feature","geometry":{"type":"LineString","coordinates":[[24.935668,60.171931],[24.935501,60.172118],[24.935493,60.172151],[24.935415,60.172515]]},"properties":{"c":"cycleway"}},{"type":"Feature","geometry":{"type":"LineString","coordinates":[[24.93841,60.174662],[24.93822,60.174657]]},"properties":{"c":"footway"}},{"type":"Feature","geometry":{"type":"LineString","coordinates":[[24.938251,60.175038],[24.93837,60.175041]]},"properties":{"c":"footway"}},{"type":"Feature","geometry":{"type":"LineString","coordinates":[[24.93837,60.175041],[24.938479,60.175044]]},"properties":{"c":"footway"}},{"type":"Feature","geometry":{"type":"LineString","coordinates":[[24.938451,60.175266],[24.938425,60.175491],[24.938299,60.176563],[24.938286,60.17667],[24.938277,60.177021],[24.938241,60.177042],[24.93798,60.177067],[24.937894,60.177063]]},"properties":{"c":"footway"}},{"type":"Feature","geometry":{"type":"LineString","coordinates":[[24.935812,60.177439],[24.93573,60.177494],[24.935717,60.177552],[24.935767,60.177633]]},"properties":{"c":"trail"}},{"type":"Feature","geometry":{"type":"LineString","coordinates":[[24.937543,60.178584],[24.937534,60.178722],[24.93746,60.178804],[24.937404,60.178864],[24.937283,60.178917],[24.937221,60.178958]]},"properties":{"c":"trail"}},{"type":"Feature","geometry":{"type":"LineString","coordinates":[[24.937894,60.177063],[24.937481,60.177148],[24.937411,60.177161],[24.937255,60.177189],[24.937059,60.177219],[24.936859,60.177245],[24.93669,60.17726],[24.936466,60.177276],[24.93621,60.177282],[24.936021,60.17728],[24.935814,60.177271],[24.935616,60.177261],[24.935455,60.177247],[24.935275,60.177209]]},"properties":{"c":"cycleway"}},{"type":"Feature","geometry":{"type":"LineString","coordinates":[[24.950853,60.172718],[24.950997,60.172721]]},"properties":{"c":"footway"}},{"type":"Feature","geometry":{"type":"LineString","coordinates":[[24.950997,60.172721],[24.951392,60.172728],[24.951404,60.172604]]},"properties":{"c":"footway"}},{"type":"Feature","geometry":{"type":"LineString","coordinates":[[24.946204,60.17091],[24.946561,60.171019],[24.946908,60.171143],[24.947371,60.171323],[24.947386,60.171348],[24.947431,60.171377],[24.947517,60.171442],[24.947578,60.171466],[24.947713,60.171699],[24.947821,60.171839],[24.947908,60.17193],[24.947956,60.17198],[24.94803,60.172046],[24.948655,60.172597],[24.948752,60.172656]]},"properties":{"c":"footway"}},{"type":"Feature","geometry":{"type":"LineString","coordinates":[[24.945426,60.170677],[24.946204,60.17091]]},"properties":{"c":"footway"}},{"type":"Feature","geometry":{"type":"LineString","coordinates":[[24.952416,60.164761],[24.952431,60.164567],[24.952499,60.164569]]},"properties":{"c":"footway"}},{"type":"Feature","geometry":{"type":"LineString","coordinates":[[24.951297,60.164762],[24.95142,60.164767],[24.951558,60.164773]]},"properties":{"c":"footway"}},{"type":"Feature","geometry":{"type":"LineString","coordinates":[[24.951558,60.164773],[24.952397,60.164793],[24.952416,60.164761]]},"properties":{"c":"footway"}},{"type":"Feature","geometry":{"type":"LineString","coordinates":[[24.952499,60.164569],[24.952524,60.16457],[24.952547,60.164295]]},"properties":{"c":"footway"}},{"type":"Feature","geometry":{"type":"LineString","coordinates":[[24.952389,60.164904],[24.95239,60.164887],[24.952393,60.16484],[24.952397,60.164799],[24.952397,60.164793]]},"properties":{"c":"footway"}},{"type":"Feature","geometry":{"type":"LineString","coordinates":[[24.945048,60.168661],[24.945081,60.168345]]},"properties":{"c":"footway"}},{"type":"Feature","geometry":{"type":"LineString","coordinates":[[24.945166,60.168286],[24.945087,60.168285]]},"properties":{"c":"footway"}},{"type":"Feature","geometry":{"type":"LineString","coordinates":[[24.937575,60.175978],[24.936497,60.175956]]},"properties":{"c":"footway"}},{"type":"Feature","geometry":{"type":"LineString","coordinates":[[24.93753,60.175664],[24.936585,60.175642]]},"properties":{"c":"footway"}},{"type":"Feature","geometry":{"type":"LineString","coordinates":[[24.952652,60.171487],[24.952708,60.171462],[24.95283,60.171381],[24.952843,60.171365]]},"properties":{"c":"footway"}},{"type":"Feature","geometry":{"type":"LineString","coordinates":[[24.940808,60.168585],[24.940722,60.168555],[24.940641,60.168526],[24.940625,60.168521],[24.940544,60.168492],[24.940443,60.168456],[24.940329,60.168416],[24.940276,60.168397]]},"properties":{"c":"footway"}},{"type":"Feature","geometry":{"type":"LineString","coordinates":[[24.945316,60.172984],[24.946178,60.172997],[24.946544,60.173001],[24.946627,60.17299]]},"properties":{"c":"footway"}},{"type":"Feature","geometry":{"type":"LineString","coordinates":[[24.945241,60.172984],[24.945316,60.172984]]},"properties":{"c":"steps"}},{"type":"Feature","geometry":{"type":"LineString","coordinates":[[24.940335,60.171793],[24.940645,60.171797],[24.940768,60.171798],[24.940777,60.171798]]},"properties":{"c":"footway"}},{"type":"Feature","geometry":{"type":"LineString","coordinates":[[24.949526,60.165704],[24.949313,60.165696],[24.949052,60.165691],[24.948648,60.165679],[24.948488,60.165673],[24.947967,60.165658],[24.947915,60.165671],[24.947898,60.165806],[24.947866,60.166061],[24.947855,60.166165],[24.947766,60.166971],[24.947751,60.167105]]},"properties":{"c":"footway"}},{"type":"Feature","geometry":{"type":"LineString","coordinates":[[24.948562,60.169965],[24.948491,60.169961]]},"properties":{"c":"footway"}},{"type":"Feature","geometry":{"type":"LineString","coordinates":[[24.948641,60.169967],[24.948562,60.169965]]},"properties":{"c":"steps"}},{"type":"Feature","geometry":{"type":"LineString","coordinates":[[24.949166,60.169528],[24.949137,60.169824]]},"properties":{"c":"footway"}},{"type":"Feature","geometry":{"type":"LineString","coordinates":[[24.948286,60.169806],[24.949137,60.169824]]},"properties":{"c":"footway"}},{"type":"Feature","geometry":{"type":"LineString","coordinates":[[24.949116,60.169978],[24.948641,60.169967]]},"properties":{"c":"footway"}},{"type":"Feature","geometry":{"type":"LineString","coordinates":[[24.939271,60.175066],[24.939284,60.174983]]},"properties":{"c":"footway"}},{"type":"Feature","geometry":{"type":"LineString","coordinates":[[24.948316,60.171902],[24.947889,60.172013],[24.947871,60.172018],[24.947642,60.172077]]},"properties":{"c":"footway"}},{"type":"Feature","geometry":{"type":"LineString","coordinates":[[24.947598,60.171737],[24.947607,60.171735]]},"properties":{"c":"footway"}},{"type":"Feature","geometry":{"type":"LineString","coordinates":[[24.940711,60.171336],[24.940711,60.171352]]},"properties":{"c":"footway"}},{"type":"Feature","geometry":{"type":"LineString","coordinates":[[24.940713,60.171316],[24.940711,60.171336]]},"properties":{"c":"footway"}},{"type":"Feature","geometry":{"type":"LineString","coordinates":[[24.940714,60.171296],[24.940713,60.171316]]},"properties":{"c":"footway"}},{"type":"Feature","geometry":{"type":"LineString","coordinates":[[24.940755,60.171298],[24.940714,60.171296]]},"properties":{"c":"footway"}},{"type":"Feature","geometry":{"type":"LineString","coordinates":[[24.940689,60.171304],[24.940757,60.171307]]},"properties":{"c":"footway"}},{"type":"Feature","geometry":{"type":"LineString","coordinates":[[24.940757,60.171307],[24.940756,60.171312],[24.940755,60.171322]]},"properties":{"c":"footway"}},{"type":"Feature","geometry":{"type":"LineString","coordinates":[[24.940755,60.171322],[24.940754,60.17133],[24.940752,60.171338],[24.940711,60.171336]]},"properties":{"c":"footway"}},{"type":"Feature","geometry":{"type":"LineString","coordinates":[[24.940696,60.171227],[24.940762,60.171229],[24.940755,60.171298]]},"properties":{"c":"steps"}},{"type":"Feature","geometry":{"type":"LineString","coordinates":[[24.940546,60.172244],[24.940492,60.172243],[24.940484,60.172242]]},"properties":{"c":"footway"}},{"type":"Feature","geometry":{"type":"LineString","coordinates":[[24.940323,60.172239],[24.940396,60.17224]]},"properties":{"c":"footway"}},{"type":"Feature","geometry":{"type":"LineString","coordinates":[[24.940572,60.172244],[24.940546,60.172244]]},"properties":{"c":"footway"}},{"type":"Feature","geometry":{"type":"LineString","coordinates":[[24.940565,60.1723],[24.940738,60.172303]]},"properties":{"c":"footway"}},{"type":"Feature","geometry":{"type":"LineString","coordinates":[[24.940572,60.172244],[24.940744,60.172245]]},"properties":{"c":"footway"}},{"type":"Feature","geometry":{"type":"LineString","coordinates":[[24.940546,60.172244],[24.940541,60.172299],[24.940565,60.1723]]},"properties":{"c":"footway"}},{"type":"Feature","geometry":{"type":"LineString","coordinates":[[24.940391,60.172297],[24.940315,60.172296]]},"properties":{"c":"footway"}},{"type":"Feature","geometry":{"type":"LineString","coordinates":[[24.940391,60.172297],[24.940468,60.172299]]},"properties":{"c":"footway"}},{"type":"Feature","geometry":{"type":"LineString","coordinates":[[24.940396,60.17224],[24.940391,60.172297]]},"properties":{"c":"footway"}},{"type":"Feature","geometry":{"type":"LineString","coordinates":[[24.940481,60.172368],[24.940492,60.172243]]},"properties":{"c":"steps"}},{"type":"Feature","geometry":{"type":"LineString","coordinates":[[24.940472,60.172368],[24.940462,60.172368],[24.940468,60.172299],[24.940473,60.172242]]},"properties":{"c":"footway"}},{"type":"Feature","geometry":{"type":"LineString","coordinates":[[24.941282,60.172875],[24.941277,60.17293]]},"properties":{"c":"footway"}},{"type":"Feature","geometry":{"type":"LineString","coordinates":[[24.941,60.17284],[24.940994,60.172883]]},"properties":{"c":"footway"}},{"type":"Feature","geometry":{"type":"LineString","coordinates":[[24.942056,60.172941],[24.941927,60.172938]]},"properties":{"c":"steps"}},{"type":"Feature","geometry":{"type":"LineString","coordinates":[[24.940311,60.17068],[24.94032,60.170604]]},"properties":{"c":"footway"}},{"type":"Feature","geometry":{"type":"LineString","coordinates":[[24.940252,60.170679],[24.940251,60.170692]]},"properties":{"c":"footway"}},{"type":"Feature","geometry":{"type":"LineString","coordinates":[[24.937816,60.169811],[24.937903,60.169843],[24.937915,60.169836]]},"properties":{"c":"footway"}},{"type":"Feature","geometry":{"type":"LineString","coordinates":[[24.937737,60.169779],[24.937816,60.169811]]},"properties":{"c":"footway"}},{"type":"Feature","geometry":{"type":"LineString","coordinates":[[24.937737,60.169779],[24.937727,60.169786]]},"properties":{"c":"footway"}},{"type":"Feature","geometry":{"type":"LineString","coordinates":[[24.937752,60.16977],[24.937737,60.169779]]},"properties":{"c":"footway"}},{"type":"Feature","geometry":{"type":"LineString","coordinates":[[24.937752,60.16977],[24.937735,60.169763]]},"properties":{"c":"footway"}},{"type":"Feature","geometry":{"type":"LineString","coordinates":[[24.947332,60.171651],[24.947157,60.171553]]},"properties":{"c":"footway"}},{"type":"Feature","geometry":{"type":"LineString","coordinates":[[24.941544,60.170271],[24.941547,60.170234],[24.94155,60.170214]]},"properties":{"c":"footway"}},{"type":"Feature","geometry":{"type":"LineString","coordinates":[[24.942581,60.170141],[24.942217,60.170133]]},"properties":{"c":"steps"}},{"type":"Feature","geometry":{"type":"LineString","coordinates":[[24.941811,60.170253],[24.941813,60.17022]]},"properties":{"c":"footway"}},{"type":"Feature","geometry":{"type":"LineString","coordinates":[[24.941918,60.170255],[24.941811,60.170253]]},"properties":{"c":"steps"}},{"type":"Feature","geometry":{"type":"LineString","coordinates":[[24.941993,60.170243],[24.941992,60.170257],[24.941918,60.170255]]},"properties":{"c":"footway"}},{"type":"Feature","geometry":{"type":"LineString","coordinates":[[24.942197,60.170421],[24.9422,60.170392]]},"properties":{"c":"footway"}},{"type":"Feature","geometry":{"type":"LineString","coordinates":[[24.942193,60.17046],[24.942197,60.170421]]},"properties":{"c":"footway"}},{"type":"Feature","geometry":{"type":"LineString","coordinates":[[24.9422,60.170392],[24.942086,60.170388]]},"properties":{"c":"steps"}},{"type":"Feature","geometry":{"type":"LineString","coordinates":[[24.942193,60.17046],[24.94208,60.170458]]},"properties":{"c":"steps"}},{"type":"Feature","geometry":{"type":"LineString","coordinates":[[24.942197,60.170421],[24.942083,60.170418]]},"properties":{"c":"footway"}},{"type":"Feature","geometry":{"type":"LineString","coordinates":[[24.936246,60.171429],[24.936308,60.171437],[24.937335,60.171486]]},"properties":{"c":"footway"}},{"type":"Feature","geometry":{"type":"LineString","coordinates":[[24.93752,60.176299],[24.936871,60.176284],[24.936427,60.176274],[24.936374,60.176273]]},"properties":{"c":"footway"}},{"type":"Feature","geometry":{"type":"LineString","coordinates":[[24.936647,60.175324],[24.936597,60.175323],[24.936485,60.17532],[24.936446,60.175318]]},"properties":{"c":"footway"}},{"type":"Feature","geometry":{"type":"LineString","coordinates":[[24.937523,60.175052],[24.936869,60.175033],[24.936524,60.175026]]},"properties":{"c":"footway"}},{"type":"Feature","geometry":{"type":"LineString","coordinates":[[24.935217,60.175811],[24.93524,60.17586],[24.935296,60.175977],[24.93544,60.176251],[24.935661,60.176535]]},"properties":{"c":"footway"}},{"type":"Feature","geometry":{"type":"LineString","coordinates":[[24.943359,60.17202],[24.943429,60.172021],[24.943518,60.172023]]},"properties":{"c":"footway"}},{"type":"Feature","geometry":{"type":"LineString","coordinates":[[24.935378,60.176917],[24.935604,60.176821],[24.935794,60.176703],[24.936045,60.176514],[24.936174,60.176402],[24.936305,60.176271],[24.93639,60.176152],[24.936497,60.175956]]},"properties":{"c":"footway"}},{"type":"Feature","geometry":{"type":"LineString","coordinates":[[24.935456,60.174558],[24.935546,60.174631],[24.93598,60.174835],[24.936244,60.174986],[24.936333,60.175093],[24.936425,60.175209],[24.936485,60.17532],[24.936529,60.175447],[24.936585,60.175642]]},"properties":{"c":"footway"}},{"type":"Feature","geometry":{"type":"LineString","coordinates":[[24.937551,60.174609],[24.937173,60.174815],[24.937004,60.174928],[24.936869,60.175033],[24.936771,60.175129],[24.936597,60.175323]]},"properties":{"c":"footway"}},{"type":"Feature","geometry":{"type":"LineString","coordinates":[[24.936339,60.174619],[24.936276,60.174766],[24.936244,60.174986]]},"properties":{"c":"footway"}},{"type":"Feature","geometry":{"type":"LineString","coordinates":[[24.937523,60.175052],[24.937926,60.175066],[24.938248,60.175072]]},"properties":{"c":"footway"}},{"type":"Feature","geometry":{"type":"LineString","coordinates":[[24.938306,60.167364],[24.938316,60.167359],[24.938566,60.16717],[24.938534,60.16716]]},"properties":{"c":"footway"}},{"type":"Feature","geometry":{"type":"LineString","coordinates":[[24.948994,60.170736],[24.949016,60.170737]]},"properties":{"c":"footway"}},{"type":"Feature","geometry":{"type":"LineString","coordinates":[[24.948705,60.170732],[24.948994,60.170736]]},"properties":{"c":"footway"}},{"type":"Feature","geometry":{"type":"LineString","coordinates":[[24.94772,60.170701],[24.947972,60.170708]]},"properties":{"c":"footway"}},{"type":"Feature","geometry":{"type":"LineString","coordinates":[[24.947687,60.170699],[24.94772,60.170701]]},"properties":{"c":"footway"}},{"type":"Feature","geometry":{"type":"LineString","coordinates":[[24.946175,60.17347],[24.946101,60.173517],[24.946053,60.173556],[24.945994,60.173624],[24.945959,60.17368]]},"properties":{"c":"footway"}},{"type":"Feature","geometry":{"type":"LineString","coordinates":[[24.945959,60.17368],[24.945921,60.173895]]},"properties":{"c":"footway"}},{"type":"Feature","geometry":{"type":"LineString","coordinates":[[24.948884,60.173978],[24.949161,60.173986],[24.949427,60.173994]]},"properties":{"c":"cycleway"}},{"type":"Feature","geometry":{"type":"LineString","coordinates":[[24.938465,60.16966],[24.938817,60.169426],[24.939578,60.168898],[24.940329,60.168416],[24.940571,60.168264],[24.940633,60.168232],[24.940662,60.168213],[24.940711,60.168179]]},"properties":{"c":"cycleway"}},{"type":"Feature","geometry":{"type":"LineString","coordinates":[[24.938465,60.16966],[24.938343,60.169746],[24.938295,60.169764],[24.938267,60.169775],[24.938239,60.169787],[24.938214,60.169795],[24.938202,60.169799],[24.938189,60.169803],[24.938161,60.169814],[24.938062,60.169853]]},"properties":{"c":"cycleway"}},{"type":"Feature","geometry":{"type":"LineString","coordinates":[[24.935585,60.167739],[24.935561,60.167731],[24.935328,60.167652],[24.93529,60.167641],[24.935257,60.167639]]},"properties":{"c":"footway"}},{"type":"Feature","geometry":{"type":"LineString","coordinates":[[24.940256,60.170547],[24.940214,60.170544]]},"properties":{"c":"footway"}},{"type":"Feature","geometry":{"type":"LineString","coordinates":[[24.937573,60.171043],[24.938949,60.171129]]},"properties":{"c":"footway"}},{"type":"Feature","geometry":{"type":"LineString","coordinates":[[24.950449,60.173852],[24.95054,60.173965],[24.950554,60.174009],[24.950557,60.174018],[24.950559,60.174024],[24.950562,60.174035],[24.950568,60.174051],[24.950579,60.174088],[24.950615,60.17428],[24.950598,60.17443],[24.950534,60.174969],[24.950481,60.175488],[24.950478,60.175522],[24.950475,60.175554],[24.950463,60.175683],[24.950462,60.17571],[24.950461,60.175719],[24.950461,60.175746],[24.950467,60.175826],[24.950457,60.175914]]},"properties":{"c":"cycleway"}},{"type":"Feature","geometry":{"type":"LineString","coordinates":[[24.950142,60.173694],[24.950228,60.173655],[24.95027,60.173626],[24.950315,60.17358],[24.95038,60.173368],[24.950393,60.173203],[24.950401,60.173127]]},"properties":{"c":"cycleway"}},{"type":"Feature","geometry":{"type":"LineString","coordinates":[[24.947485,60.168448],[24.946909,60.168433]]},"properties":{"c":"footway"}},{"type":"Feature","geometry":{"type":"LineString","coordinates":[[24.946072,60.16824],[24.946137,60.168242],[24.946251,60.168302],[24.946633,60.168312],[24.946741,60.168315]]},"properties":{"c":"footway"}},{"type":"Feature","geometry":{"type":"LineString","coordinates":[[24.946801,60.167819],[24.946778,60.16801],[24.946741,60.168315],[24.946841,60.168385],[24.946909,60.168433]]},"properties":{"c":"footway"}},{"type":"Feature","geometry":{"type":"LineString","coordinates":[[24.946872,60.168848],[24.946909,60.168433]]},"properties":{"c":"footway"}},{"type":"Feature","geometry":{"type":"LineString","coordinates":[[24.938907,60.166188],[24.939239,60.166263],[24.939318,60.166241],[24.939485,60.166271]]},"properties":{"c":"footway"}},{"type":"Feature","geometry":{"type":"LineString","coordinates":[[24.950853,60.172718],[24.950701,60.172715]]},"properties":{"c":"steps"}},{"type":"Feature","geometry":{"type":"LineString","coordinates":[[24.938909,60.166691],[24.938954,60.16672],[24.938982,60.16675],[24.938987,60.16678],[24.938967,60.166823],[24.938911,60.166849],[24.938844,60.166866],[24.938785,60.166874],[24.938732,60.166871],[24.93868,60.166857],[24.938639,60.166841],[24.93862,60.166819],[24.938608,60.166791],[24.938609,60.166758],[24.938653,60.166708],[24.938689,60.166695],[24.93874,60.166682],[24.93879,60.166676],[24.93885,60.16668],[24.938909,60.166691]]},"properties":{"c":"footway"}},{"type":"Feature","geometry":{"type":"LineString","coordinates":[[24.938635,60.166902],[24.93868,60.166857]]},"properties":{"c":"footway"}},{"type":"Feature","geometry":{"type":"LineString","coordinates":[[24.93824,60.166758],[24.938551,60.166688],[24.938653,60.166708],[24.93858,60.166653],[24.938528,60.166489]]},"properties":{"c":"footway"}},{"type":"Feature","geometry":{"type":"LineString","coordinates":[[24.939109,60.167005],[24.939063,60.16689],[24.938967,60.166823],[24.939136,60.166822],[24.93942,60.166792]]},"properties":{"c":"footway"}},{"type":"Feature","geometry":{"type":"LineString","coordinates":[[24.945802,60.17582],[24.945227,60.175881],[24.944923,60.175913],[24.944899,60.175942],[24.944688,60.175945]]},"properties":{"c":"footway"}},{"type":"Feature","geometry":{"type":"LineString","coordinates":[[24.946199,60.175787],[24.946045,60.175714],[24.945797,60.175618]]},"properties":{"c":"footway"}},{"type":"Feature","geometry":{"type":"LineString","coordinates":[[24.944577,60.17613],[24.944648,60.176088],[24.944686,60.176055],[24.944703,60.176003],[24.944688,60.175945],[24.944674,60.17593],[24.944604,60.175901],[24.944516,60.175873],[24.944494,60.175858],[24.944474,60.175839],[24.944438,60.175769]]},"properties":{"c":"footway"}},{"type":"Feature","geometry":{"type":"LineString","coordinates":[[24.944453,60.175698],[24.944921,60.175453]]},"properties":{"c":"footway"}},{"type":"Feature","geometry":{"type":"LineString","coordinates":[[24.946326,60.175987],[24.94629,60.175886],[24.946199,60.175787]]},"properties":{"c":"footway"}},{"type":"Feature","geometry":{"type":"LineString","coordinates":[[24.946901,60.175713],[24.946858,60.175759],[24.94682,60.175788],[24.946785,60.175807],[24.946696,60.175836],[24.94629,60.175886],[24.945821,60.175947],[24.94564,60.175958],[24.945616,60.175935]]},"properties":{"c":"footway"}},{"type":"Feature","geometry":{"type":"LineString","coordinates":[[24.946333,60.175769],[24.946403,60.175711],[24.946464,60.175647],[24.946537,60.175565],[24.946569,60.17551],[24.94659,60.175444]]},"properties":{"c":"footway"}},{"type":"Feature","geometry":{"type":"LineString","coordinates":[[24.946375,60.175453],[24.946355,60.175563],[24.946336,60.175585],[24.946198,60.175592]]},"properties":{"c":"footway"}},{"type":"Feature","geometry":{"type":"LineString","coordinates":[[24.945841,60.176045],[24.945821,60.175947],[24.945805,60.175873],[24.945802,60.17582],[24.945797,60.175618],[24.945795,60.175572]]},"properties":{"c":"footway"}},{"type":"Feature","geometry":{"type":"LineString","coordinates":[[24.946355,60.175563],[24.946537,60.175565]]},"properties":{"c":"footway"}},{"type":"Feature","geometry":{"type":"LineString","coordinates":[[24.944996,60.175533],[24.945143,60.17558]]},"properties":{"c":"footway"}},{"type":"Feature","geometry":{"type":"LineString","coordinates":[[24.941434,60.170413],[24.94121,60.170408]]},"properties":{"c":"steps"}},{"type":"Feature","geometry":{"type":"LineString","coordinates":[[24.941433,60.170436],[24.941207,60.170432]]},"properties":{"c":"steps"}},{"type":"Feature","geometry":{"type":"LineString","coordinates":[[24.940488,60.170298],[24.940483,60.170381],[24.94053,60.170383]]},"properties":{"c":"footway"}},{"type":"Feature","geometry":{"type":"LineString","coordinates":[[24.939838,60.17048],[24.939845,60.170385],[24.939853,60.170286]]},"properties":{"c":"footway"}},{"type":"Feature","geometry":{"type":"LineString","coordinates":[[24.952613,60.167444],[24.952556,60.167443]]},"properties":{"c":"footway"}},{"type":"Feature","geometry":{"type":"LineString","coordinates":[[24.938766,60.174488],[24.939342,60.174492]]},"properties":{"c":"footway"}},{"type":"Feature","geometry":{"type":"LineString","coordinates":[[24.937338,60.176799],[24.937545,60.176809]]},"properties":{"c":"footway"}},{"type":"Feature","geometry":{"type":"LineString","coordinates":[[24.93761,60.176652],[24.937545,60.176768],[24.937545,60.176809],[24.93768,60.176928],[24.937894,60.177063]]},"properties":{"c":"footway"}},{"type":"Feature","geometry":{"type":"LineString","coordinates":[[24.937346,60.17665],[24.93761,60.176652],[24.938079,60.176656]]},"properties":{"c":"footway"}},{"type":"Feature","geometry":{"type":"LineString","coordinates":[[24.936333,60.175093],[24.936572,60.175174]]},"properties":{"c":"footway"}},{"type":"Feature","geometry":{"type":"LineString","coordinates":[[24.937416,60.174486],[24.937413,60.17454],[24.937409,60.174605]]},"properties":{"c":"cycleway"}},{"type":"Feature","geometry":{"type":"LineString","coordinates":[[24.937781,60.174614],[24.937808,60.174724],[24.937848,60.174852],[24.937926,60.175066]]},"properties":{"c":"footway"}},{"type":"Feature","geometry":{"type":"LineString","coordinates":[[24.937621,60.174717],[24.937808,60.174724]]},"properties":{"c":"footway"}},{"type":"Feature","geometry":{"type":"LineString","coordinates":[[24.938281,60.174714],[24.937848,60.174852],[24.937563,60.174943]]},"properties":{"c":"footway"}},{"type":"Feature","geometry":{"type":"LineString","coordinates":[[24.949601,60.167368],[24.949858,60.167373]]},"properties":{"c":"footway"}},{"type":"Feature","geometry":{"type":"LineString","coordinates":[[24.950054,60.167778],[24.950082,60.167556]]},"properties":{"c":"footway"}},{"type":"Feature","geometry":{"type":"LineString","coordinates":[[24.950453,60.167733],[24.9504,60.167731]]},"properties":{"c":"steps"}},{"type":"Feature","geometry":{"type":"LineString","coordinates":[[24.950487,60.167678],[24.950444,60.167676],[24.950443,60.167697]]},"properties":{"c":"footway"}},{"type":"Feature","geometry":{"type":"LineString","coordinates":[[24.95044,60.167725],[24.950443,60.167697]]},"properties":{"c":"steps"}},{"type":"Feature","geometry":{"type":"LineString","coordinates":[[24.95048,60.167733],[24.950453,60.167733]]},"properties":{"c":"footway"}},{"type":"Feature","geometry":{"type":"LineString","coordinates":[[24.935474,60.174645],[24.935562,60.174685],[24.935524,60.17474],[24.935756,60.17484],[24.935832,60.174803],[24.935882,60.17483],[24.935811,60.174868],[24.935931,60.17492],[24.936039,60.174983],[24.936107,60.174955],[24.936173,60.175001],[24.936107,60.175027],[24.936193,60.175095],[24.936261,60.175149],[24.936286,60.175144],[24.936299,60.175156],[24.936327,60.175147],[24.936357,60.175183],[24.936302,60.175194],[24.936398,60.175303],[24.936435,60.175301],[24.936446,60.175318],[24.936455,60.175339],[24.936287,60.175336],[24.93628,60.175362],[24.936261,60.175381],[24.936235,60.17539],[24.936195,60.17539],[24.936129,60.175385],[24.936037,60.175366],[24.935931,60.175329],[24.935876,60.175302],[24.935836,60.175284],[24.935474,60.174645]]},"properties":{"c":"footway"}},{"type":"Feature","geometry":{"type":"LineString","coordinates":[[24.940219,60.169265],[24.940216,60.169299]]},"properties":{"c":"steps"}},{"type":"Feature","geometry":{"type":"LineString","coordinates":[[24.944062,60.169549],[24.944261,60.169554]]},"properties":{"c":"footway"}},{"type":"Feature","geometry":{"type":"LineString","coordinates":[[24.944848,60.169479],[24.944976,60.169447],[24.945231,60.169454]]},"properties":{"c":"footway"}},{"type":"Feature","geometry":{"type":"LineString","coordinates":[[24.943464,60.16971],[24.943306,60.169705]]},"properties":{"c":"footway"}},{"type":"Feature","geometry":{"type":"LineString","coordinates":[[24.943617,60.169728],[24.943488,60.16971]]},"properties":{"c":"footway"}},{"type":"Feature","geometry":{"type":"LineString","coordinates":[[24.943488,60.16971],[24.943464,60.16971]]},"properties":{"c":"steps"}},{"type":"Feature","geometry":{"type":"LineString","coordinates":[[24.944242,60.169716],[24.944261,60.169554],[24.944271,60.169464],[24.944848,60.169479]]},"properties":{"c":"footway"}},{"type":"Feature","geometry":{"type":"LineString","coordinates":[[24.944848,60.169479],[24.944973,60.169518],[24.945224,60.169525]]},"properties":{"c":"footway"}},{"type":"Feature","geometry":{"type":"LineString","coordinates":[[24.944242,60.169716],[24.944238,60.169746]]},"properties":{"c":"footway"}},{"type":"Feature","geometry":{"type":"LineString","coordinates":[[24.945753,60.168232],[24.946072,60.16824]]},"properties":{"c":"footway"}},{"type":"Feature","geometry":{"type":"LineString","coordinates":[[24.945633,60.168229],[24.945753,60.168232]]},"properties":{"c":"footway"}},{"type":"Feature","geometry":{"type":"LineString","coordinates":[[24.945312,60.17393],[24.945263,60.174342]]},"properties":{"c":"footway"}},{"type":"Feature","geometry":{"type":"LineString","coordinates":[[24.94336,60.173136],[24.944252,60.173155]]},"properties":{"c":"footway"}},{"type":"Feature","geometry":{"type":"LineString","coordinates":[[24.943358,60.173148],[24.94325,60.17374],[24.94327,60.173822]]},"properties":{"c":"footway"}},{"type":"Feature","geometry":{"type":"LineString","coordinates":[[24.943416,60.175856],[24.943384,60.175979]]},"properties":{"c":"footway"}},{"type":"Feature","geometry":{"type":"LineString","coordinates":[[24.942821,60.176694],[24.942983,60.176443]]},"properties":{"c":"footway"}},{"type":"Feature","geometry":{"type":"LineString","coordinates":[[24.948567,60.173434],[24.948591,60.173228],[24.948694,60.173166]]},"properties":{"c":"footway"}},{"type":"Feature","geometry":{"type":"LineString","coordinates":[[24.947115,60.17542],[24.947207,60.175402],[24.947247,60.175417]]},"properties":{"c":"steps"}},{"type":"Feature","geometry":{"type":"LineString","coordinates":[[24.947066,60.17544],[24.947115,60.17542]]},"properties":{"c":"footway"}},{"type":"Feature","geometry":{"type":"LineString","coordinates":[[24.947122,60.175465],[24.9471,60.175708]]},"properties":{"c":"footway"}},{"type":"Feature","geometry":{"type":"LineString","coordinates":[[24.947263,60.174537],[24.947857,60.174554],[24.948025,60.174557],[24.948603,60.174645],[24.948739,60.174655],[24.949067,60.174661],[24.949183,60.174667],[24.949247,60.174677],[24.949299,60.174694],[24.949364,60.174749],[24.949501,60.174846],[24.949927,60.174904],[24.949967,60.174923],[24.94998,60.174934],[24.949978,60.174963]]},"properties":{"c":"footway"}},{"type":"Feature","geometry":{"type":"LineString","coordinates":[[24.949924,60.175392],[24.949978,60.174963]]},"properties":{"c":"footway"}},{"type":"Feature","geometry":{"type":"LineString","coordinates":[[24.949239,60.175578],[24.949328,60.175535],[24.94935,60.175511],[24.949408,60.175481],[24.949431,60.175469],[24.949698,60.175405],[24.949851,60.175396],[24.949924,60.175392]]},"properties":{"c":"footway"}},{"type":"Feature","geometry":{"type":"LineString","coordinates":[[24.944406,60.17471],[24.945014,60.174718],[24.945205,60.17472],[24.945482,60.174723],[24.945564,60.174723],[24.945595,60.174724]]},"properties":{"c":"footway"}},{"type":"Feature","geometry":{"type":"LineString","coordinates":[[24.94559,60.174966],[24.945521,60.174966],[24.945464,60.174966],[24.945198,60.174966],[24.945022,60.174967],[24.944373,60.174961]]},"properties":{"c":"footway"}},{"type":"Feature","geometry":{"type":"LineString","coordinates":[[24.945574,60.175212],[24.945517,60.175233],[24.945107,60.175235],[24.94511,60.175452]]},"properties":{"c":"footway"}},{"type":"Feature","geometry":{"type":"LineString","coordinates":[[24.945614,60.175469],[24.94511,60.175452],[24.945003,60.175453],[24.944921,60.175453],[24.944301,60.175449]]},"properties":{"c":"footway"}},{"type":"Feature","geometry":{"type":"LineString","coordinates":[[24.945233,60.175757],[24.945227,60.175881]]},"properties":{"c":"footway"}},{"type":"Feature","geometry":{"type":"LineString","coordinates":[[24.945614,60.175572],[24.94559,60.175587],[24.945506,60.175588],[24.945486,60.175587]]},"properties":{"c":"footway"}},{"type":"Feature","geometry":{"type":"LineString","coordinates":[[24.948658,60.17496],[24.948241,60.175086]]},"properties":{"c":"footway"}},{"type":"Feature","geometry":{"type":"LineString","coordinates":[[24.946847,60.174569],[24.946896,60.17456]]},"properties":{"c":"trail"}},{"type":"Feature","geometry":{"type":"LineString","coordinates":[[24.946848,60.174578],[24.946847,60.174569],[24.946846,60.174556]]},"properties":{"c":"trail"}},{"type":"Feature","geometry":{"type":"LineString","coordinates":[[24.946735,60.174583],[24.94673,60.174598]]},"properties":{"c":"trail"}},{"type":"Feature","geometry":{"type":"LineString","coordinates":[[24.946758,60.174581],[24.946761,60.174559]]},"properties":{"c":"trail"}},{"type":"Feature","geometry":{"type":"LineString","coordinates":[[24.946639,60.174541],[24.946685,60.174549]]},"properties":{"c":"trail"}},{"type":"Feature","geometry":{"type":"LineString","coordinates":[[24.946639,60.174523],[24.946639,60.174541],[24.946638,60.174556]]},"properties":{"c":"trail"}},{"type":"Feature","geometry":{"type":"LineString","coordinates":[[24.946656,60.174635],[24.946623,60.174632]]},"properties":{"c":"trail"}},{"type":"Feature","geometry":{"type":"LineString","coordinates":[[24.946655,60.174638],[24.946689,60.174661]]},"properties":{"c":"trail"}},{"type":"Feature","geometry":{"type":"LineString","coordinates":[[24.946684,60.174589],[24.946656,60.174635],[24.946655,60.174638],[24.946631,60.174676]]},"properties":{"c":"trail"}},{"type":"Feature","geometry":{"type":"LineString","coordinates":[[24.946803,60.17462],[24.946747,60.17462]]},"properties":{"c":"trail"}},{"type":"Feature","geometry":{"type":"LineString","coordinates":[[24.946847,60.174598],[24.946812,60.174596]]},"properties":{"c":"trail"}},{"type":"Feature","geometry":{"type":"LineString","coordinates":[[24.946847,60.174598],[24.946901,60.174602]]},"properties":{"c":"trail"}},{"type":"Feature","geometry":{"type":"LineString","coordinates":[[24.946847,60.174598],[24.946869,60.174615]]},"properties":{"c":"trail"}},{"type":"Feature","geometry":{"type":"LineString","coordinates":[[24.946812,60.174615],[24.946828,60.174635]]},"properties":{"c":"trail"}},{"type":"Feature","geometry":{"type":"LineString","coordinates":[[24.946848,60.174578],[24.946847,60.174598],[24.946812,60.174615],[24.946803,60.17462],[24.946764,60.174639]]},"properties":{"c":"trail"}},{"type":"Feature","geometry":{"type":"LineString","coordinates":[[24.946946,60.174572],[24.947011,60.174576]]},"properties":{"c":"trail"}},{"type":"Feature","geometry":{"type":"LineString","coordinates":[[24.946577,60.174571],[24.946669,60.174591],[24.946684,60.174589],[24.946735,60.174583],[24.946758,60.174581],[24.946808,60.174575],[24.946848,60.174578],[24.946927,60.174583],[24.946946,60.174572],[24.946966,60.17456],[24.947079,60.174558]]},"properties":{"c":"trail"}},{"type":"Feature","geometry":{"type":"LineString","coordinates":[[24.946132,60.174604],[24.94617,60.174606]]},"properties":{"c":"trail"}},{"type":"Feature","geometry":{"type":"LineString","coordinates":[[24.946356,60.174639],[24.946322,60.17463]]},"properties":{"c":"trail"}},{"type":"Feature","geometry":{"type":"LineString","coordinates":[[24.946351,60.174647],[24.94635,60.174647],[24.946356,60.174639],[24.946369,60.17462]]},"properties":{"c":"trail"}},{"type":"Feature","geometry":{"type":"LineString","coordinates":[[24.94624,60.174563],[24.94624,60.174574]]},"properties":{"c":"trail"}},{"type":"Feature","geometry":{"type":"LineString","coordinates":[[24.946161,60.174562],[24.94616,60.174553],[24.946161,60.174544]]},"properties":{"c":"trail"}},{"type":"Feature","geometry":{"type":"LineString","coordinates":[[24.946298,60.17456],[24.946295,60.174543]]},"properties":{"c":"trail"}},{"type":"Feature","geometry":{"type":"LineString","coordinates":[[24.946275,60.174562],[24.946311,60.174574]]},"properties":{"c":"trail"}},{"type":"Feature","geometry":{"type":"LineString","coordinates":[[24.946119,60.174547],[24.94616,60.174553],[24.94624,60.174563],[24.946251,60.174565],[24.946275,60.174562],[24.946298,60.17456],[24.946416,60.174547]]},"properties":{"c":"trail"}},{"type":"Feature","geometry":{"type":"LineString","coordinates":[[24.946092,60.17469],[24.946092,60.1747]]},"properties":{"c":"trail"}},{"type":"Feature","geometry":{"type":"LineString","coordinates":[[24.946188,60.174689],[24.946187,60.174672]]},"properties":{"c":"trail"}},{"type":"Feature","geometry":{"type":"LineString","coordinates":[[24.946132,60.174673],[24.946143,60.174699],[24.946188,60.174689],[24.946248,60.174675]]},"properties":{"c":"trail"}},{"type":"Feature","geometry":{"type":"LineString","coordinates":[[24.945977,60.174673],[24.94598,60.174687]]},"properties":{"c":"trail"}},{"type":"Feature","geometry":{"type":"LineString","coordinates":[[24.945887,60.174683],[24.945977,60.174673],[24.945999,60.174669],[24.946015,60.174666],[24.946036,60.174661],[24.946056,60.174683],[24.946092,60.17469],[24.946143,60.174699],[24.946172,60.174704],[24.94644,60.174705]]},"properties":{"c":"trail"}},{"type":"Feature","geometry":{"type":"LineString","coordinates":[[24.946438,60.174636],[24.946473,60.174625]]},"properties":{"c":"trail"}},{"type":"Feature","geometry":{"type":"LineString","coordinates":[[24.946428,60.17463],[24.946438,60.174636],[24.946454,60.174643]]},"properties":{"c":"trail"}},{"type":"Feature","geometry":{"type":"LineString","coordinates":[[24.946087,60.174501],[24.946119,60.174547],[24.946141,60.174579],[24.946132,60.174604],[24.94613,60.174609],[24.946115,60.174629],[24.94635,60.174647],[24.946351,60.174647],[24.946384,60.174649],[24.946406,60.174641],[24.946428,60.17463],[24.946448,60.174604],[24.946485,60.174605]]},"properties":{"c":"trail"}},{"type":"Feature","geometry":{"type":"LineString","coordinates":[[24.946089,60.174761],[24.946088,60.174751]]},"properties":{"c":"trail"}},{"type":"Feature","geometry":{"type":"LineString","coordinates":[[24.946116,60.174755],[24.946123,60.174761]]},"properties":{"c":"trail"}},{"type":"Feature","geometry":{"type":"LineString","coordinates":[[24.946067,60.174766],[24.946089,60.174761],[24.946116,60.174755],[24.946151,60.174746],[24.946166,60.174745]]},"properties":{"c":"trail"}},{"type":"Feature","geometry":{"type":"LineString","coordinates":[[24.946183,60.174783],[24.946193,60.174778],[24.946274,60.174775]]},"properties":{"c":"trail"}},{"type":"Feature","geometry":{"type":"LineString","coordinates":[[24.946167,60.174779],[24.946183,60.174783],[24.946208,60.17479]]},"properties":{"c":"trail"}},{"type":"Feature","geometry":{"type":"LineString","coordinates":[[24.946388,60.174797],[24.94642,60.174786],[24.946454,60.174804]]},"properties":{"c":"trail"}},{"type":"Feature","geometry":{"type":"LineString","coordinates":[[24.946414,60.174765],[24.94642,60.174786],[24.946423,60.174801]]},"properties":{"c":"trail"}},{"type":"Feature","geometry":{"type":"LineString","coordinates":[[24.946422,60.174767],[24.946439,60.174758]]},"properties":{"c":"trail"}},{"type":"Feature","geometry":{"type":"LineString","coordinates":[[24.946482,60.174758],[24.946458,60.174776],[24.946489,60.174776]]},"properties":{"c":"trail"}},{"type":"Feature","geometry":{"type":"LineString","coordinates":[[24.945961,60.174747],[24.94601,60.174746],[24.946067,60.174766],[24.946105,60.174779],[24.946167,60.174779],[24.946196,60.174768],[24.946359,60.174753],[24.946414,60.174765],[24.946422,60.174767],[24.946458,60.174776],[24.946485,60.17479]]},"properties":{"c":"trail"}},{"type":"Feature","geometry":{"type":"LineString","coordinates":[[24.94614,60.174801],[24.946139,60.174811]]},"properties":{"c":"trail"}},{"type":"Feature","geometry":{"type":"LineString","coordinates":[[24.946202,60.174813],[24.946199,60.174828]]},"properties":{"c":"trail"}},{"type":"Feature","geometry":{"type":"LineString","coordinates":[[24.946279,60.174835],[24.946264,60.17484]]},"properties":{"c":"trail"}},{"type":"Feature","geometry":{"type":"LineString","coordinates":[[24.946266,60.174824],[24.946279,60.174835],[24.946298,60.174849]]},"properties":{"c":"trail"}},{"type":"Feature","geometry":{"type":"LineString","coordinates":[[24.946465,60.174878],[24.946486,60.174878]]},"properties":{"c":"trail"}},{"type":"Feature","geometry":{"type":"LineString","coordinates":[[24.946451,60.174849],[24.94645,60.17486],[24.946488,60.17486]]},"properties":{"c":"trail"}},{"type":"Feature","geometry":{"type":"LineString","coordinates":[[24.946386,60.174861],[24.946366,60.174873]]},"properties":{"c":"trail"}},{"type":"Feature","geometry":{"type":"LineString","coordinates":[[24.94639,60.174872],[24.946417,60.174872]]},"properties":{"c":"trail"}},{"type":"Feature","geometry":{"type":"LineString","coordinates":[[24.94639,60.174845],[24.946385,60.174856],[24.946386,60.174861],[24.94639,60.174872],[24.946395,60.174883]]},"properties":{"c":"trail"}},{"type":"Feature","geometry":{"type":"LineString","coordinates":[[24.946088,60.174791],[24.94614,60.174801],[24.946202,60.174813],[24.946266,60.174824],[24.946332,60.174836],[24.946362,60.174855],[24.946385,60.174856],[24.946442,60.174857],[24.94645,60.17486],[24.946465,60.174878],[24.946465,60.174898]]},"properties":{"c":"trail"}},{"type":"Feature","geometry":{"type":"LineString","coordinates":[[24.945992,60.174779],[24.945957,60.174773]]},"properties":{"c":"trail"}},{"type":"Feature","geometry":{"type":"LineString","coordinates":[[24.945986,60.174783],[24.946012,60.174791]]},"properties":{"c":"trail"}},{"type":"Feature","geometry":{"type":"LineString","coordinates":[[24.946009,60.174765],[24.945992,60.174779],[24.945986,60.174783],[24.94597,60.174797]]},"properties":{"c":"trail"}},{"type":"Feature","geometry":{"type":"LineString","coordinates":[[24.946158,60.17485],[24.946063,60.174847]]},"properties":{"c":"trail"}},{"type":"Feature","geometry":{"type":"LineString","coordinates":[[24.946058,60.174886],[24.946058,60.174897]]},"properties":{"c":"trail"}},{"type":"Feature","geometry":{"type":"LineString","coordinates":[[24.946154,60.174861],[24.946058,60.174886],[24.945997,60.174897]]},"properties":{"c":"trail"}},{"type":"Feature","geometry":{"type":"LineString","coordinates":[[24.946223,60.174903],[24.946238,60.17489]]},"properties":{"c":"trail"}},{"type":"Feature","geometry":{"type":"LineString","coordinates":[[24.946195,60.174895],[24.946192,60.174908]]},"properties":{"c":"trail"}},{"type":"Feature","geometry":{"type":"LineString","coordinates":[[24.946154,60.174861],[24.946195,60.174895],[24.946223,60.174903],[24.946246,60.174911],[24.946291,60.174915]]},"properties":{"c":"trail"}},{"type":"Feature","geometry":{"type":"LineString","coordinates":[[24.946425,60.174988],[24.946456,60.175004]]},"properties":{"c":"trail"}},{"type":"Feature","geometry":{"type":"LineString","coordinates":[[24.94639,60.175024],[24.946369,60.175003]]},"properties":{"c":"trail"}},{"type":"Feature","geometry":{"type":"LineString","coordinates":[[24.946369,60.175036],[24.946395,60.175044]]},"properties":{"c":"trail"}},{"type":"Feature","geometry":{"type":"LineString","coordinates":[[24.946352,60.17505],[24.946321,60.17504]]},"properties":{"c":"trail"}},{"type":"Feature","geometry":{"type":"LineString","coordinates":[[24.946434,60.175024],[24.94639,60.175024],[24.946385,60.175025],[24.946369,60.175036],[24.946352,60.17505],[24.946327,60.175069]]},"properties":{"c":"trail"}},{"type":"Feature","geometry":{"type":"LineString","coordinates":[[24.946067,60.175005],[24.945996,60.175019]]},"properties":{"c":"trail"}},{"type":"Feature","geometry":{"type":"LineString","coordinates":[[24.946064,60.175024],[24.946086,60.17503]]},"properties":{"c":"trail"}},{"type":"Feature","geometry":{"type":"LineString","coordinates":[[24.94603,60.17508],[24.946056,60.175072]]},"properties":{"c":"trail"}},{"type":"Feature","geometry":{"type":"LineString","coordinates":[[24.946018,60.175075],[24.94603,60.17508],[24.946045,60.175086]]},"properties":{"c":"trail"}},{"type":"Feature","geometry":{"type":"LineString","coordinates":[[24.946025,60.175053],[24.946018,60.175075],[24.94601,60.175104]]},"properties":{"c":"trail"}},{"type":"Feature","geometry":{"type":"LineString","coordinates":[[24.945964,60.175112],[24.945922,60.175094]]},"properties":{"c":"trail"}},{"type":"Feature","geometry":{"type":"LineString","coordinates":[[24.945961,60.175116],[24.945922,60.175116]]},"properties":{"c":"trail"}},{"type":"Feature","geometry":{"type":"LineString","coordinates":[[24.945958,60.175121],[24.945914,60.175137]]},"properties":{"c":"trail"}},{"type":"Feature","geometry":{"type":"LineString","coordinates":[[24.946161,60.174843],[24.946158,60.17485],[24.946154,60.174861],[24.946133,60.17491],[24.946082,60.174951],[24.946077,60.174966],[24.94607,60.174986],[24.946067,60.175005],[24.946064,60.175024],[24.946061,60.175038],[24.946025,60.175053],[24.945989,60.175068],[24.945964,60.175112],[24.945961,60.175116],[24.945958,60.175121],[24.945922,60.175182]]},"properties":{"c":"trail"}},{"type":"Feature","geometry":{"type":"LineString","coordinates":[[24.946385,60.175142],[24.946413,60.175146]]},"properties":{"c":"trail"}},{"type":"Feature","geometry":{"type":"LineString","coordinates":[[24.946396,60.175122],[24.946385,60.175142],[24.946371,60.175166]]},"properties":{"c":"trail"}},{"type":"Feature","geometry":{"type":"LineString","coordinates":[[24.945928,60.174726],[24.945947,60.174742],[24.945961,60.174747],[24.946009,60.174765],[24.946088,60.174791],[24.946097,60.174824],[24.946161,60.174843],[24.946429,60.174922],[24.946427,60.174967],[24.946425,60.174988],[24.946424,60.175011],[24.946434,60.175024],[24.946455,60.17505],[24.946441,60.175116],[24.946396,60.175122],[24.946192,60.175149],[24.946114,60.175169]]},"properties":{"c":"trail"}},{"type":"Feature","geometry":{"type":"LineString","coordinates":[[24.945222,60.174576],[24.945244,60.174586]]},"properties":{"c":"trail"}},{"type":"Feature","geometry":{"type":"LineString","coordinates":[[24.9452,60.174587],[24.945183,60.174579]]},"properties":{"c":"trail"}},{"type":"Feature","geometry":{"type":"LineString","coordinates":[[24.945108,60.174578],[24.94517,60.174602],[24.945214,60.174624]]},"properties":{"c":"trail"}},{"type":"Feature","geometry":{"type":"LineString","coordinates":[[24.945169,60.174625],[24.945114,60.174625]]},"properties":{"c":"trail"}},{"type":"Feature","geometry":{"type":"LineString","coordinates":[[24.945169,60.174645],[24.94519,60.174655]]},"properties":{"c":"trail"}},{"type":"Feature","geometry":{"type":"LineString","coordinates":[[24.945305,60.174574],[24.945227,60.174573],[24.945222,60.174576],[24.9452,60.174587],[24.94517,60.174602],[24.945169,60.174625],[24.945169,60.174645],[24.945099,60.174676]]},"properties":{"c":"trail"}},{"type":"Feature","geometry":{"type":"LineString","coordinates":[[24.945297,60.174577],[24.945332,60.174587]]},"properties":{"c":"trail"}},{"type":"Feature","geometry":{"type":"LineString","coordinates":[[24.945361,60.174649],[24.945369,60.174634]]},"properties":{"c":"trail"}},{"type":"Feature","geometry":{"type":"LineString","coordinates":[[24.945354,60.174649],[24.945361,60.174649],[24.945389,60.174647]]},"properties":{"c":"trail"}},{"type":"Feature","geometry":{"type":"LineString","coordinates":[[24.945361,60.174653],[24.945337,60.174668]]},"properties":{"c":"trail"}},{"type":"Feature","geometry":{"type":"LineString","coordinates":[[24.945401,60.174672],[24.945426,60.174686]]},"properties":{"c":"trail"}},{"type":"Feature","geometry":{"type":"LineString","coordinates":[[24.945298,60.174609],[24.945354,60.174649],[24.945361,60.174653],[24.94539,60.174676],[24.945401,60.174672],[24.945422,60.174665]]},"properties":{"c":"trail"}},{"type":"Feature","geometry":{"type":"LineString","coordinates":[[24.945436,60.174776],[24.945381,60.17475]]},"properties":{"c":"trail"}},{"type":"Feature","geometry":{"type":"LineString","coordinates":[[24.945195,60.174734],[24.945143,60.174741],[24.945099,60.174743]]},"properties":{"c":"trail"}},{"type":"Feature","geometry":{"type":"LineString","coordinates":[[24.945364,60.174545],[24.945305,60.174574],[24.945297,60.174577],[24.945298,60.174609],[24.945205,60.17472],[24.945195,60.174734],[24.94519,60.17474],[24.9452,60.17475]]},"properties":{"c":"trail"}},{"type":"Feature","geometry":{"type":"LineString","coordinates":[[24.945305,60.174537],[24.945239,60.17454]]},"properties":{"c":"trail"}},{"type":"Feature","geometry":{"type":"LineString","coordinates":[[24.945306,60.174516],[24.945305,60.174532],[24.945305,60.174537],[24.945305,60.174551]]},"properties":{"c":"trail"}},{"type":"Feature","geometry":{"type":"LineString","coordinates":[[24.945271,60.174524],[24.945233,60.174508]]},"properties":{"c":"trail"}},{"type":"Feature","geometry":{"type":"LineString","coordinates":[[24.945507,60.174486],[24.945439,60.174518],[24.945431,60.174524],[24.945393,60.174549],[24.945364,60.174545],[24.945305,60.174532],[24.945271,60.174524],[24.945152,60.174524]]},"properties":{"c":"trail"}},{"type":"Feature","geometry":{"type":"LineString","coordinates":[[24.945322,60.174816],[24.945299,60.174802]]},"properties":{"c":"trail"}},{"type":"Feature","geometry":{"type":"LineString","coordinates":[[24.945206,60.174832],[24.94518,60.174809]]},"properties":{"c":"trail"}},{"type":"Feature","geometry":{"type":"LineString","coordinates":[[24.945127,60.174832],[24.945077,60.17481]]},"properties":{"c":"trail"}},{"type":"Feature","geometry":{"type":"LineString","coordinates":[[24.945092,60.174887],[24.945063,60.174889]]},"properties":{"c":"trail"}},{"type":"Feature","geometry":{"type":"LineString","coordinates":[[24.945097,60.17488],[24.945068,60.174862]]},"properties":{"c":"trail"}},{"type":"Feature","geometry":{"type":"LineString","coordinates":[[24.945101,60.174876],[24.945137,60.174861]]},"properties":{"c":"trail"}},{"type":"Feature","geometry":{"type":"LineString","coordinates":[[24.945101,60.174876],[24.945136,60.174883]]},"properties":{"c":"trail"}},{"type":"Feature","geometry":{"type":"LineString","coordinates":[[24.945101,60.174876],[24.945139,60.174907]]},"properties":{"c":"trail"}},{"type":"Feature","geometry":{"type":"LineString","coordinates":[[24.945101,60.174876],[24.945119,60.174923]]},"properties":{"c":"trail"}},{"type":"Feature","geometry":{"type":"LineString","coordinates":[[24.945275,60.174832],[24.945206,60.174832],[24.945127,60.174832],[24.945101,60.174876],[24.945097,60.17488],[24.945094,60.174883],[24.945092,60.174887],[24.94508,60.174917]]},"properties":{"c":"trail"}},{"type":"Feature","geometry":{"type":"LineString","coordinates":[[24.94552,60.174802],[24.945561,60.174788]]},"properties":{"c":"trail"}},{"type":"Feature","geometry":{"type":"LineString","coordinates":[[24.945509,60.174795],[24.94552,60.174802],[24.945545,60.174817]]},"properties":{"c":"trail"}},{"type":"Feature","geometry":{"type":"LineString","coordinates":[[24.94549,60.174837],[24.945469,60.174815]]},"properties":{"c":"trail"}},{"type":"Feature","geometry":{"type":"LineString","coordinates":[[24.945503,60.174834],[24.94549,60.174837],[24.945438,60.174849]]},"properties":{"c":"trail"}},{"type":"Feature","geometry":{"type":"LineString","coordinates":[[24.945517,60.174842],[24.945538,60.174854]]},"properties":{"c":"trail"}},{"type":"Feature","geometry":{"type":"LineString","coordinates":[[24.945516,60.174748],[24.945509,60.174795],[24.945503,60.174834],[24.945517,60.174842],[24.945503,60.174901]]},"properties":{"c":"trail"}},{"type":"Feature","geometry":{"type":"LineString","coordinates":[[24.945528,60.175069],[24.94555,60.175068]]},"properties":{"c":"trail"}},{"type":"Feature","geometry":{"type":"LineString","coordinates":[[24.945515,60.175047],[24.945528,60.175069],[24.945541,60.17509]]},"properties":{"c":"trail"}},{"type":"Feature","geometry":{"type":"LineString","coordinates":[[24.945473,60.17499],[24.94543,60.174995],[24.945408,60.174992]]},"properties":{"c":"trail"}},{"type":"Feature","geometry":{"type":"LineString","coordinates":[[24.945473,60.17499],[24.945539,60.174995]]},"properties":{"c":"trail"}},{"type":"Feature","geometry":{"type":"LineString","coordinates":[[24.945088,60.175195],[24.945101,60.175204]]},"properties":{"c":"trail"}},{"type":"Feature","geometry":{"type":"LineString","coordinates":[[24.945098,60.175176],[24.945076,60.175169]]},"properties":{"c":"trail"}},{"type":"Feature","geometry":{"type":"LineString","coordinates":[[24.945114,60.175168],[24.945127,60.175177]]},"properties":{"c":"trail"}},{"type":"Feature","geometry":{"type":"LineString","coordinates":[[24.945204,60.175177],[24.945191,60.17518]]},"properties":{"c":"trail"}},{"type":"Feature","geometry":{"type":"LineString","coordinates":[[24.9452,60.175167],[24.945234,60.175164]]},"properties":{"c":"trail"}},{"type":"Feature","geometry":{"type":"LineString","coordinates":[[24.945339,60.175121],[24.94536,60.175131]]},"properties":{"c":"trail"}},{"type":"Feature","geometry":{"type":"LineString","coordinates":[[24.945361,60.1751],[24.945324,60.175085]]},"properties":{"c":"trail"}},{"type":"Feature","geometry":{"type":"LineString","coordinates":[[24.945367,60.175099],[24.945355,60.175072]]},"properties":{"c":"trail"}},{"type":"Feature","geometry":{"type":"LineString","coordinates":[[24.945484,60.175074],[24.945452,60.175069]]},"properties":{"c":"trail"}},{"type":"Feature","geometry":{"type":"LineString","coordinates":[[24.945489,60.175033],[24.945453,60.175037]]},"properties":{"c":"trail"}},{"type":"Feature","geometry":{"type":"LineString","coordinates":[[24.945169,60.175041],[24.945193,60.175026]]},"properties":{"c":"trail"}},{"type":"Feature","geometry":{"type":"LineString","coordinates":[[24.945149,60.175028],[24.945169,60.175041],[24.945182,60.17505]]},"properties":{"c":"trail"}},{"type":"Feature","geometry":{"type":"LineString","coordinates":[[24.945148,60.175062],[24.945105,60.175062]]},"properties":{"c":"trail"}},{"type":"Feature","geometry":{"type":"LineString","coordinates":[[24.945148,60.175068],[24.945165,60.175082]]},"properties":{"c":"trail"}},{"type":"Feature","geometry":{"type":"LineString","coordinates":[[24.945198,60.17499],[24.945149,60.175016],[24.945149,60.175028],[24.945148,60.175062],[24.945148,60.175068],[24.945098,60.175114]]},"properties":{"c":"trail"}},{"type":"Feature","geometry":{"type":"LineString","coordinates":[[24.945494,60.175045],[24.945515,60.175047],[24.945545,60.175047]]},"properties":{"c":"trail"}},{"type":"Feature","geometry":{"type":"LineString","coordinates":[[24.945456,60.175087],[24.945447,60.175112],[24.945445,60.175117],[24.945457,60.175126],[24.945525,60.175175]]},"properties":{"c":"trail"}},{"type":"Feature","geometry":{"type":"LineString","coordinates":[[24.945354,60.174805],[24.945352,60.174879],[24.945453,60.174952],[24.945464,60.174966],[24.945473,60.17499],[24.945489,60.175033],[24.945494,60.175045],[24.945484,60.175074],[24.94548,60.175084],[24.945456,60.175087],[24.945367,60.175099],[24.945361,60.1751],[24.945354,60.175101],[24.945348,60.175109],[24.945339,60.175121],[24.945331,60.175132],[24.945343,60.17518]]},"properties":{"c":"trail"}},{"type":"Feature","geometry":{"type":"LineString","coordinates":[[24.945186,60.175133],[24.9452,60.175167],[24.945204,60.175177],[24.945221,60.175189],[24.945229,60.175199]]},"properties":{"c":"trail"}},{"type":"Feature","geometry":{"type":"LineString","coordinates":[[24.945564,60.174723],[24.945549,60.174736],[24.945516,60.174748],[24.945436,60.174776],[24.945354,60.174805],[24.945322,60.174816],[24.945275,60.174832],[24.9452,60.174858],[24.945199,60.174877],[24.945198,60.174966],[24.945198,60.17499],[24.945266,60.175024],[24.945186,60.175133],[24.945114,60.175168],[24.945098,60.175176],[24.945094,60.175191],[24.945088,60.175195],[24.94507,60.175203]]},"properties":{"c":"trail"}},{"type":"Feature","geometry":{"type":"LineString","coordinates":[[24.945746,60.174688],[24.94576,60.174489]]},"properties":{"c":"footway"}},{"type":"Feature","geometry":{"type":"LineString","coordinates":[[24.946645,60.175044],[24.946832,60.175045],[24.946987,60.175046]]},"properties":{"c":"footway"}},{"type":"Feature","geometry":{"type":"LineString","coordinates":[[24.946545,60.174967],[24.946645,60.175044],[24.946777,60.175146],[24.946812,60.175182]]},"properties":{"c":"footway"}},{"type":"Feature","geometry":{"type":"LineString","coordinates":[[24.946489,60.175185],[24.946685,60.175159],[24.946777,60.175146],[24.946829,60.175139],[24.946934,60.175194],[24.946977,60.175217]]},"properties":{"c":"footway"}},{"type":"Feature","geometry":{"type":"LineString","coordinates":[[24.947248,60.174968],[24.947359,60.17489],[24.947488,60.174834],[24.947615,60.174816],[24.947696,60.17481],[24.947829,60.174807],[24.947953,60.174839],[24.948101,60.174868],[24.948223,60.174875],[24.948328,60.174884],[24.948563,60.174843],[24.948639,60.174848],[24.948817,60.174857],[24.948935,60.174875],[24.94902,60.174887],[24.949068,60.174889],[24.949134,60.174882],[24.949274,60.174877],[24.94939,60.174878],[24.949443,60.174875],[24.949501,60.174846]]},"properties":{"c":"footway"}},{"type":"Feature","geometry":{"type":"LineString","coordinates":[[24.945928,60.174726],[24.94617,60.174728],[24.946274,60.174729],[24.946563,60.174731],[24.946842,60.174655],[24.947136,60.174574],[24.947263,60.174537]]},"properties":{"c":"footway"}},{"type":"Feature","geometry":{"type":"LineString","coordinates":[[24.935427,60.174165],[24.935509,60.174021],[24.935717,60.174051]]},"properties":{"c":"footway"}},{"type":"Feature","geometry":{"type":"LineString","coordinates":[[24.946311,60.174372],[24.946358,60.173911]]},"properties":{"c":"footway"}},{"type":"Feature","geometry":{"type":"LineString","coordinates":[[24.938099,60.174499],[24.93824,60.174478],[24.938298,60.174439],[24.938329,60.174383],[24.938469,60.173101],[24.938487,60.173006],[24.938521,60.17295],[24.938566,60.172908],[24.938611,60.172857],[24.93864,60.172799],[24.938745,60.172361],[24.938789,60.172182],[24.938816,60.172114],[24.938832,60.172065],[24.938908,60.171786],[24.938999,60.171444],[24.939017,60.171366],[24.939038,60.171285],[24.939124,60.171073]]},"properties":{"c":"cycleway"}},{"type":"Feature","geometry":{"type":"LineString","coordinates":[[24.943851,60.166761],[24.943699,60.166718],[24.943611,60.166722],[24.943113,60.167037],[24.943098,60.167105]]},"properties":{"c":"footway"}},{"type":"Feature","geometry":{"type":"LineString","coordinates":[[24.945851,60.16721],[24.945716,60.16721],[24.945662,60.167207],[24.945558,60.167207],[24.945508,60.167204],[24.945494,60.167201],[24.945476,60.167195],[24.945437,60.167181],[24.945412,60.167174],[24.94503,60.167167],[24.944878,60.16713]]},"properties":{"c":"cycleway"}},{"type":"Feature","geometry":{"type":"LineString","coordinates":[[24.943851,60.166761],[24.943309,60.167106]]},"properties":{"c":"footway"}},{"type":"Feature","geometry":{"type":"LineString","coordinates":[[24.951984,60.178902],[24.952092,60.178904]]},"properties":{"c":"footway"}},{"type":"Feature","geometry":{"type":"LineString","coordinates":[[24.951995,60.17874],[24.952102,60.178742]]},"properties":{"c":"footway"}},{"type":"Feature","geometry":{"type":"LineString","coordinates":[[24.952746,60.165776],[24.952741,60.165828],[24.952703,60.166161],[24.952665,60.166492],[24.952659,60.166543]]},"properties":{"c":"corridor"}},{"type":"Feature","geometry":{"type":"LineString","coordinates":[[24.952897,60.16578],[24.952892,60.165832],[24.952856,60.166165],[24.952821,60.166496],[24.952815,60.166547]]},"properties":{"c":"corridor"}},{"type":"Feature","geometry":{"type":"LineString","coordinates":[[24.952665,60.166492],[24.952821,60.166496]]},"properties":{"c":"corridor"}},{"type":"Feature","geometry":{"type":"LineString","coordinates":[[24.952741,60.165828],[24.952892,60.165832]]},"properties":{"c":"corridor"}},{"type":"Feature","geometry":{"type":"LineString","coordinates":[[24.952973,60.166169],[24.952856,60.166165],[24.952703,60.166161],[24.95261,60.166158]]},"properties":{"c":"corridor"}},{"type":"Feature","geometry":{"type":"LineString","coordinates":[[24.935906,60.169125],[24.935972,60.169076]]},"properties":{"c":"footway"}},{"type":"Feature","geometry":{"type":"LineString","coordinates":[[24.935868,60.169153],[24.935906,60.169125]]},"properties":{"c":"steps"}},{"type":"Feature","geometry":{"type":"LineString","coordinates":[[24.935919,60.169198],[24.935842,60.169172],[24.935868,60.169153]]},"properties":{"c":"footway"}},{"type":"Feature","geometry":{"type":"LineString","coordinates":[[24.951502,60.170362],[24.951629,60.170364]]},"properties":{"c":"footway"}},{"type":"Feature","geometry":{"type":"LineString","coordinates":[[24.951068,60.170352],[24.951439,60.17036]]},"properties":{"c":"footway"}},{"type":"Feature","geometry":{"type":"LineString","coordinates":[[24.952145,60.17065],[24.952147,60.170636]]},"properties":{"c":"steps"}},{"type":"Feature","geometry":{"type":"LineString","coordinates":[[24.952202,60.170106],[24.952201,60.17012]]},"properties":{"c":"steps"}},{"type":"Feature","geometry":{"type":"LineString","coordinates":[[24.951629,60.170364],[24.951659,60.170365]]},"properties":{"c":"steps"}},{"type":"Feature","geometry":{"type":"LineString","coordinates":[[24.951472,60.170065],[24.951529,60.170066]]},"properties":{"c":"steps"}},{"type":"Feature","geometry":{"type":"LineString","coordinates":[[24.951414,60.170594],[24.95148,60.170595]]},"properties":{"c":"steps"}},{"type":"Feature","geometry":{"type":"LineString","coordinates":[[24.953351,60.164818],[24.953413,60.164791]]},"properties":{"c":"footway"}},{"type":"Feature","geometry":{"type":"LineString","coordinates":[[24.949689,60.164724],[24.949793,60.164726],[24.949921,60.164728]]},"properties":{"c":"footway"}},{"type":"Feature","geometry":{"type":"LineString","coordinates":[[24.949921,60.164728],[24.949939,60.164729],[24.951297,60.164762]]},"properties":{"c":"footway"}},{"type":"Feature","geometry":{"type":"LineString","coordinates":[[24.949939,60.164729],[24.949933,60.164783],[24.949921,60.164859]]},"properties":{"c":"footway"}},{"type":"Feature","geometry":{"type":"LineString","coordinates":[[24.937503,60.175345],[24.937463,60.175345],[24.936647,60.175324]]},"properties":{"c":"footway"}},{"type":"Feature","geometry":{"type":"LineString","coordinates":[[24.936446,60.175318],[24.935876,60.175302]]},"properties":{"c":"footway"}},{"type":"Feature","geometry":{"type":"LineString","coordinates":[[24.93583,60.176735],[24.936203,60.177077],[24.936466,60.177276],[24.936825,60.177507],[24.937201,60.177714],[24.937485,60.177855],[24.937705,60.177956],[24.938226,60.178163]]},"properties":{"c":"footway"}},{"type":"Feature","geometry":{"type":"LineString","coordinates":[[24.935661,60.176535],[24.93568,60.17656],[24.935794,60.176703],[24.93583,60.176735]]},"properties":{"c":"footway"}},{"type":"Feature","geometry":{"type":"LineString","coordinates":[[24.936127,60.176267],[24.93544,60.176251]]},"properties":{"c":"footway"}},{"type":"Feature","geometry":{"type":"LineString","coordinates":[[24.936374,60.176273],[24.936305,60.176271],[24.936174,60.176268],[24.936127,60.176267]]},"properties":{"c":"footway"}},{"type":"Feature","geometry":{"type":"LineString","coordinates":[[24.93524,60.17586],[24.935994,60.17591],[24.936497,60.175956]]},"properties":{"c":"trail"}},{"type":"Feature","geometry":{"type":"LineString","coordinates":[[24.936497,60.175956],[24.936716,60.176144],[24.936859,60.176241],[24.936871,60.176284],[24.936929,60.176364],[24.937109,60.176546],[24.937259,60.176676],[24.93733,60.176732]]},"properties":{"c":"trail"}},{"type":"Feature","geometry":{"type":"LineString","coordinates":[[24.936427,60.176274],[24.93689,60.176769],[24.937079,60.176942],[24.937275,60.177115],[24.937328,60.177137],[24.937411,60.177161]]},"properties":{"c":"trail"}},{"type":"Feature","geometry":{"type":"LineString","coordinates":[[24.942667,60.172021],[24.942665,60.172037]]},"properties":{"c":"footway"}},{"type":"Feature","geometry":{"type":"LineString","coordinates":[[24.943186,60.172035],[24.943185,60.17205]]},"properties":{"c":"footway"}},{"type":"Feature","geometry":{"type":"LineString","coordinates":[[24.943189,60.172012],[24.943186,60.172035]]},"properties":{"c":"steps"}},{"type":"Feature","geometry":{"type":"LineString","coordinates":[[24.94267,60.171998],[24.942667,60.172021]]},"properties":{"c":"steps"}},{"type":"Feature","geometry":{"type":"LineString","coordinates":[[24.944261,60.172011],[24.944327,60.172016],[24.94443,60.172031],[24.944466,60.172014],[24.944755,60.172044],[24.944944,60.172066],[24.945076,60.172071],[24.945097,60.172088],[24.945193,60.172091],[24.945311,60.172095]]},"properties":{"c":"footway"}},{"type":"Feature","geometry":{"type":"LineString","coordinates":[[24.943886,60.171992],[24.943884,60.172007],[24.943882,60.172029]]},"properties":{"c":"footway"}},{"type":"Feature","geometry":{"type":"LineString","coordinates":[[24.943891,60.171953],[24.94389,60.171965]]},"properties":{"c":"footway"}},{"type":"Feature","geometry":{"type":"LineString","coordinates":[[24.941886,60.172973],[24.941927,60.172938]]},"properties":{"c":"footway"}},{"type":"Feature","geometry":{"type":"LineString","coordinates":[[24.947217,60.173402],[24.946981,60.173495]]},"properties":{"c":"footway"}},{"type":"Feature","geometry":{"type":"LineString","coordinates":[[24.945959,60.17368],[24.945722,60.173766]]},"properties":{"c":"footway"}},{"type":"Feature","geometry":{"type":"LineString","coordinates":[[24.947987,60.175579],[24.947962,60.175583]]},"properties":{"c":"footway"}},{"type":"Feature","geometry":{"type":"LineString","coordinates":[[24.948115,60.175502],[24.9481,60.175526],[24.948069,60.175545],[24.948043,60.175557],[24.94802,60.175567],[24.947987,60.175579]]},"properties":{"c":"footway"}},{"type":"Feature","geometry":{"type":"LineString","coordinates":[[24.94807,60.175594],[24.948086,60.175622]]},"properties":{"c":"footway"}},{"type":"Feature","geometry":{"type":"LineString","coordinates":[[24.948043,60.175557],[24.948063,60.175573],[24.94807,60.175594]]},"properties":{"c":"steps"}},{"type":"Feature","geometry":{"type":"LineString","coordinates":[[24.947962,60.175583],[24.947929,60.175589],[24.947915,60.175596],[24.947902,60.175601],[24.947885,60.175605],[24.947872,60.175604],[24.947862,60.175601],[24.947858,60.175595],[24.947861,60.175586],[24.947874,60.175566],[24.947871,60.175553],[24.947845,60.17554],[24.947815,60.175521],[24.947804,60.175502]]},"properties":{"c":"footway"}},{"type":"Feature","geometry":{"type":"LineString","coordinates":[[24.948274,60.175509],[24.948197,60.175505],[24.948115,60.175502],[24.947933,60.1755],[24.947804,60.175502],[24.947676,60.1755],[24.947517,60.175505],[24.947462,60.175513],[24.94738,60.175536],[24.947327,60.175562]]},"properties":{"c":"footway"}},{"type":"Feature","geometry":{"type":"LineString","coordinates":[[24.947822,60.174968],[24.947821,60.175091]]},"properties":{"c":"footway"}},{"type":"Feature","geometry":{"type":"LineString","coordinates":[[24.949106,60.17496],[24.94905,60.17504]]},"properties":{"c":"footway"}},{"type":"Feature","geometry":{"type":"LineString","coordinates":[[24.949867,60.174963],[24.949788,60.175036],[24.949706,60.175088],[24.94962,60.17513],[24.949541,60.175146],[24.94946,60.175157],[24.949414,60.175171]]},"properties":{"c":"footway"}},{"type":"Feature","geometry":{"type":"LineString","coordinates":[[24.947857,60.174554],[24.947841,60.174627],[24.947804,60.174697],[24.947796,60.174722],[24.947829,60.174807]]},"properties":{"c":"footway"}},{"type":"Feature","geometry":{"type":"LineString","coordinates":[[24.948603,60.174645],[24.948581,60.174702],[24.948563,60.174843]]},"properties":{"c":"footway"}},{"type":"Feature","geometry":{"type":"LineString","coordinates":[[24.94607,60.174986],[24.946106,60.174994]]},"properties":{"c":"trail"}},{"type":"Feature","geometry":{"type":"LineString","coordinates":[[24.946015,60.174666],[24.946026,60.174677]]},"properties":{"c":"trail"}},{"type":"Feature","geometry":{"type":"LineString","coordinates":[[24.945718,60.174601],[24.945686,60.174596],[24.945654,60.174582],[24.945622,60.174558],[24.945575,60.174543],[24.945541,60.174535],[24.945508,60.174544],[24.945484,60.174552],[24.945453,60.174577],[24.945454,60.174602],[24.945469,60.174618],[24.945505,60.174636],[24.94556,60.174652],[24.945637,60.174665],[24.945722,60.174671]]},"properties":{"c":"trail"}},{"type":"Feature","geometry":{"type":"LineString","coordinates":[[24.945431,60.174524],[24.945484,60.174552]]},"properties":{"c":"trail"}},{"type":"Feature","geometry":{"type":"LineString","coordinates":[[24.945999,60.174669],[24.945965,60.174651]]},"properties":{"c":"trail"}},{"type":"Feature","geometry":{"type":"LineString","coordinates":[[24.945793,60.174607],[24.945802,60.174605],[24.945824,60.174593],[24.945851,60.174573],[24.945888,60.174556],[24.945907,60.174551],[24.945932,60.17455],[24.945963,60.174552],[24.945993,60.174565],[24.946019,60.174571],[24.946035,60.174586],[24.946042,60.174597],[24.946037,60.174612],[24.946031,60.174623],[24.946008,60.174638],[24.945965,60.174651],[24.945915,60.174664],[24.945852,60.174672],[24.945782,60.174672]]},"properties":{"c":"trail"}},{"type":"Feature","geometry":{"type":"LineString","coordinates":[[24.946052,60.174498],[24.945993,60.174565]]},"properties":{"c":"trail"}},{"type":"Feature","geometry":{"type":"LineString","coordinates":[[24.945439,60.174518],[24.945417,60.174514]]},"properties":{"c":"trail"}},{"type":"Feature","geometry":{"type":"LineString","coordinates":[[24.94522,60.174881],[24.945232,60.174919]]},"properties":{"c":"trail"}},{"type":"Feature","geometry":{"type":"LineString","coordinates":[[24.945199,60.174877],[24.94522,60.174881],[24.945278,60.174893]]},"properties":{"c":"trail"}},{"type":"Feature","geometry":{"type":"LineString","coordinates":[[24.945457,60.175126],[24.945438,60.175132]]},"properties":{"c":"trail"}},{"type":"Feature","geometry":{"type":"LineString","coordinates":[[24.945447,60.175112],[24.945473,60.175114]]},"properties":{"c":"trail"}},{"type":"Feature","geometry":{"type":"LineString","coordinates":[[24.945348,60.175109],[24.94532,60.175108]]},"properties":{"c":"trail"}},{"type":"Feature","geometry":{"type":"LineString","coordinates":[[24.945149,60.175016],[24.945131,60.175013],[24.945106,60.175009]]},"properties":{"c":"trail"}},{"type":"Feature","geometry":{"type":"LineString","coordinates":[[24.946685,60.175159],[24.946697,60.175173],[24.94671,60.175183],[24.946736,60.175184],[24.946758,60.175186],[24.946773,60.175198],[24.94679,60.175202],[24.946795,60.175209],[24.9468,60.175214],[24.94681,60.175219],[24.946824,60.175219],[24.946838,60.175218],[24.946851,60.175214],[24.946861,60.175207],[24.946934,60.175194]]},"properties":{"c":"trail"}},{"type":"Feature","geometry":{"type":"LineString","coordinates":[[24.946835,60.175012],[24.946832,60.175045],[24.946829,60.175139]]},"properties":{"c":"footway"}},{"type":"Feature","geometry":{"type":"LineString","coordinates":[[24.948937,60.178565],[24.949098,60.178571]]},"properties":{"c":"footway"}},{"type":"Feature","geometry":{"type":"LineString","coordinates":[[24.94945,60.178629],[24.949681,60.178635]]},"properties":{"c":"footway"}},{"type":"Feature","geometry":{"type":"LineString","coordinates":[[24.948908,60.178553],[24.948937,60.178565]]},"properties":{"c":"footway"}},{"type":"Feature","geometry":{"type":"LineString","coordinates":[[24.949098,60.178571],[24.94945,60.178629]]},"properties":{"c":"footway"}},{"type":"Feature","geometry":{"type":"LineString","coordinates":[[24.936351,60.174577],[24.936339,60.174619],[24.936524,60.175026],[24.936572,60.175174],[24.936597,60.175323],[24.936598,60.175401],[24.936594,60.175449],[24.936585,60.175642],[24.936497,60.175956],[24.936306,60.17615],[24.936174,60.176268],[24.935947,60.176415],[24.93568,60.17656],[24.935408,60.176666]]},"properties":{"c":"footway"}},{"type":"Feature","geometry":{"type":"LineString","coordinates":[[24.935527,60.174419],[24.935792,60.174441]]},"properties":{"c":"cycleway"}},{"type":"Feature","geometry":{"type":"LineString","coordinates":[[24.945099,60.170192],[24.94494,60.170187],[24.944974,60.169912],[24.94513,60.169917]]},"properties":{"c":"footway"}},{"type":"Feature","geometry":{"type":"LineString","coordinates":[[24.937369,60.17212],[24.937564,60.172228]]},"properties":{"c":"footway"}},{"type":"Feature","geometry":{"type":"LineString","coordinates":[[24.942757,60.171178],[24.94269,60.171177],[24.942635,60.171175],[24.942606,60.171174],[24.94256,60.171173]]},"properties":{"c":"footway"}},{"type":"Feature","geometry":{"type":"LineString","coordinates":[[24.942488,60.171],[24.942522,60.171001]]},"properties":{"c":"footway"}},{"type":"Feature","geometry":{"type":"LineString","coordinates":[[24.942522,60.171001],[24.942561,60.171002]]},"properties":{"c":"steps"}},{"type":"Feature","geometry":{"type":"LineString","coordinates":[[24.942512,60.17108],[24.942515,60.171049],[24.942484,60.171049]]},"properties":{"c":"footway"}},{"type":"Feature","geometry":{"type":"LineString","coordinates":[[24.94251,60.1711],[24.942512,60.17108]]},"properties":{"c":"steps"}},{"type":"Feature","geometry":{"type":"LineString","coordinates":[[24.942537,60.17138],[24.942445,60.171377]]},"properties":{"c":"steps"}},{"type":"Feature","geometry":{"type":"LineString","coordinates":[[24.942499,60.171737],[24.942407,60.171734]]},"properties":{"c":"steps"}},{"type":"Feature","geometry":{"type":"LineString","coordinates":[[24.942501,60.171715],[24.942409,60.171713]]},"properties":{"c":"steps"}},{"type":"Feature","geometry":{"type":"LineString","coordinates":[[24.942493,60.171258],[24.942491,60.171277]]},"properties":{"c":"steps"}},{"type":"Feature","geometry":{"type":"LineString","coordinates":[[24.942491,60.171277],[24.942487,60.171323],[24.942452,60.171322]]},"properties":{"c":"footway"}},{"type":"Feature","geometry":{"type":"LineString","coordinates":[[24.94208,60.170458],[24.94202,60.170457]]},"properties":{"c":"steps"}},{"type":"Feature","geometry":{"type":"LineString","coordinates":[[24.942086,60.170388],[24.94203,60.170387]]},"properties":{"c":"steps"}},{"type":"Feature","geometry":{"type":"LineString","coordinates":[[24.940034,60.17033],[24.940165,60.170333]]},"properties":{"c":"steps"}},{"type":"Feature","geometry":{"type":"LineString","coordinates":[[24.944613,60.17069],[24.94466,60.170654],[24.944739,60.170594],[24.944769,60.170571],[24.94477,60.17057],[24.944805,60.170544],[24.944836,60.17052],[24.944873,60.170492]]},"properties":{"c":"footway"}},{"type":"Feature","geometry":{"type":"LineString","coordinates":[[24.94185,60.170862],[24.941853,60.170833]]},"properties":{"c":"footway"}},{"type":"Feature","geometry":{"type":"LineString","coordinates":[[24.941125,60.170838],[24.941126,60.170812]]},"properties":{"c":"footway"}},{"type":"Feature","geometry":{"type":"LineString","coordinates":[[24.94251,60.1711],[24.942502,60.171172],[24.942493,60.171258]]},"properties":{"c":"footway"}},{"type":"Feature","geometry":{"type":"LineString","coordinates":[[24.942535,60.171172],[24.942502,60.171172],[24.942477,60.171171]]},"properties":{"c":"footway"}},{"type":"Feature","geometry":{"type":"LineString","coordinates":[[24.942477,60.171171],[24.942443,60.17117]]},"properties":{"c":"steps"}},{"type":"Feature","geometry":{"type":"LineString","coordinates":[[24.942529,60.170477],[24.942244,60.170471],[24.942227,60.170475],[24.942015,60.170471],[24.941979,60.170463]]},"properties":{"c":"footway"}},{"type":"Feature","geometry":{"type":"LineString","coordinates":[[24.941981,60.170375],[24.942025,60.170369],[24.942333,60.170377],[24.942417,60.170385],[24.942537,60.170388]]},"properties":{"c":"footway"}},{"type":"Feature","geometry":{"type":"LineString","coordinates":[[24.938204,60.173136],[24.938289,60.173222]]},"properties":{"c":"footway"}},{"type":"Feature","geometry":{"type":"LineString","coordinates":[[24.938289,60.173222],[24.938284,60.173335]]},"properties":{"c":"steps"}},{"type":"Feature","geometry":{"type":"LineString","coordinates":[[24.938284,60.173335],[24.938281,60.17342]]},"properties":{"c":"footway"}},{"type":"Feature","geometry":{"type":"LineString","coordinates":[[24.938213,60.17313],[24.938204,60.173136],[24.938113,60.1732],[24.938091,60.17342],[24.93808,60.173533],[24.937798,60.173533]]},"properties":{"c":"footway"}},{"type":"Feature","geometry":{"type":"LineString","coordinates":[[24.938091,60.17342],[24.938146,60.173421]]},"properties":{"c":"footway"}},{"type":"Feature","geometry":{"type":"LineString","coordinates":[[24.938281,60.17342],[24.938275,60.173537]]},"properties":{"c":"steps"}},{"type":"Feature","geometry":{"type":"LineString","coordinates":[[24.945557,60.169745],[24.945553,60.169788],[24.945545,60.169839],[24.947362,60.169882],[24.94757,60.169886]]},"properties":{"c":"footway"}},{"type":"Feature","geometry":{"type":"LineString","coordinates":[[24.938179,60.16932],[24.938206,60.169495]]},"properties":{"c":"footway"}},{"type":"Feature","geometry":{"type":"LineString","coordinates":[[24.938047,60.169095],[24.937858,60.169217],[24.938141,60.169321],[24.938179,60.16932],[24.938385,60.169309],[24.938505,60.169212],[24.938112,60.169049],[24.938047,60.169095]]},"properties":{"c":"footway"}},{"type":"Feature","geometry":{"type":"LineString","coordinates":[[24.950457,60.175914],[24.950382,60.175912],[24.950284,60.175909],[24.950251,60.175908],[24.950189,60.175906],[24.95014,60.175904],[24.950023,60.175902]]},"properties":{"c":"cycleway"}},{"type":"Feature","geometry":{"type":"LineString","coordinates":[[24.950342,60.176934],[24.950337,60.176955]]},"properties":{"c":"footway"}},{"type":"Feature","geometry":{"type":"LineString","coordinates":[[24.949887,60.176948],[24.949892,60.176917]]},"properties":{"c":"footway"}},{"type":"Feature","geometry":{"type":"LineString","coordinates":[[24.944848,60.178553],[24.944895,60.177912]]},"properties":{"c":"footway"}},{"type":"Feature","geometry":{"type":"LineString","coordinates":[[24.937986,60.169008],[24.938433,60.168721],[24.938317,60.168679]]},"properties":{"c":"footway"}},{"type":"Feature","geometry":{"type":"LineString","coordinates":[[24.951404,60.172604],[24.951938,60.172617]]},"properties":{"c":"footway"}},{"type":"Feature","geometry":{"type":"LineString","coordinates":[[24.943359,60.17202],[24.943357,60.172055],[24.943353,60.172065],[24.943255,60.172901],[24.943186,60.172948],[24.943172,60.173005],[24.94316,60.173067]]},"properties":{"c":"footway"}},{"type":"Feature","geometry":{"type":"LineString","coordinates":[[24.945081,60.168345],[24.945085,60.168308]]},"properties":{"c":"steps"}},{"type":"Feature","geometry":{"type":"LineString","coordinates":[[24.945085,60.168308],[24.945087,60.168285],[24.945129,60.167922]]},"properties":{"c":"footway"}},{"type":"Feature","geometry":{"type":"LineString","coordinates":[[24.945187,60.167602],[24.945112,60.167546]]},"properties":{"c":"footway"}},{"type":"Feature","geometry":{"type":"LineString","coordinates":[[24.945519,60.167784],[24.945524,60.167721],[24.945528,60.167663]]},"properties":{"c":"footway"}},{"type":"Feature","geometry":{"type":"LineString","coordinates":[[24.945186,60.167652],[24.945187,60.167632]]},"properties":{"c":"footway"}},{"type":"Feature","geometry":{"type":"LineString","coordinates":[[24.944785,60.16764],[24.944786,60.167623]]},"properties":{"c":"footway"}},{"type":"Feature","geometry":{"type":"LineString","coordinates":[[24.939024,60.166611],[24.938909,60.166691]]},"properties":{"c":"footway"}},{"type":"Feature","geometry":{"type":"LineString","coordinates":[[24.949156,60.172597],[24.949047,60.172596]]},"properties":{"c":"footway"}},{"type":"Feature","geometry":{"type":"LineString","coordinates":[[24.942465,60.166991],[24.942439,60.166981],[24.942388,60.166962]]},"properties":{"c":"footway"}}]}