{"type":"FeatureCollection","features":[{"type":"Feature","geometry":{"type":"LineString","coordinates":[[24.943271,60.166514],[24.943365,60.166444],[24.943403,60.166408]]},"properties":{"c":"unclassified","n":"Erottajankatu","r":5}},{"type":"Feature","geometry":{"type":"LineString","coordinates":[[24.945668,60.167668],[24.945671,60.16763],[24.945688,60.167435],[24.945709,60.167264],[24.945716,60.16721]]},"properties":{"c":"unclassified","n":"Korkeavuorenkatu","r":5}},{"type":"Feature","geometry":{"type":"LineString","coordinates":[[24.949443,60.167915],[24.949456,60.167828],[24.949463,60.167765],[24.949465,60.167728],[24.949479,60.167538],[24.949499,60.167309],[24.949501,60.167289],[24.949511,60.167214],[24.94952,60.167144]]},"properties":{"c":"residential","n":"Fabianinkatu","r":6}},{"type":"Feature","geometry":{"type":"LineString","coordinates":[[24.9454,60.169814],[24.945553,60.169788],[24.945646,60.169789]]},"properties":{"c":"unclassified","n":"Yliopistonkatu","r":5}},{"type":"Feature","geometry":{"type":"LineString","coordinates":[[24.947445,60.172094],[24.947299,60.172091],[24.947215,60.172088]]},"properties":{"c":"secondary","n":"Vilhonkatu","r":3}},{"type":"Feature","geometry":{"type":"LineString","coordinates":[[24.940193,60.170466],[24.939854,60.170468],[24.939785,60.170469],[24.939735,60.170473],[24.939684,60.170481],[24.93961,60.170507]]},"properties":{"c":"secondary","n":"Asema-aukio","r":3}},{"type":"Feature","geometry":{"type":"LineString","coordinates":[[24.942631,60.171781],[24.942648,60.171586],[24.942675,60.171321]]},"properties":{"c":"unclassified","n":"Rautatientori","r":5}},{"type":"Feature","geometry":{"type":"LineString","coordinates":[[24.935611,60.171151],[24.935775,60.171148],[24.936138,60.171083]]},"properties":{"c":"secondary","n":"Arkadiankatu","r":3}},{"type":"Feature","geometry":{"type":"LineString","coordinates":[[24.953271,60.172277],[24.953405,60.17228]]},"properties":{"c":"residential","n":"Vironkatu","r":6}},{"type":"Feature","geometry":{"type":"LineString","coordinates":[[24.950055,60.176878],[24.950076,60.176689],[24.950082,60.176621]]},"properties":{"c":"secondary","n":"Siltasaarenkatu","r":3}},{"type":"Feature","geometry":{"type":"LineString","coordinates":[[24.936086,60.169475],[24.936221,60.169552],[24.936114,60.169632],[24.935979,60.169589],[24.935189,60.169317],[24.935274,60.169335],[24.935349,60.169339],[24.935409,60.169341],[24.935476,60.169337],[24.93549,60.169329],[24.935533,60.169288],[24.935584,60.169251],[24.935609,60.16926],[24.935637,60.169269],[24.93596,60.169386],[24.935911,60.169386],[24.935847,60.169392],[24.935803,60.1694],[24.935768,60.169409],[24.935751,60.16942],[24.935744,60.169431],[24.93574,60.16944],[24.935743,60.169451],[24.935753,60.16946],[24.935775,60.169472],[24.935803,60.169481],[24.935835,60.169489],[24.935872,60.169496],[24.935924,60.169503],[24.935983,60.169505],[24.936034,60.1695],[24.936064,60.16949],[24.936086,60.169475]]},"properties":{"c":"pedestrian","n":"Narinkkatori","r":8}},{"type":"Feature","geometry":{"type":"LineString","coordinates":[[24.942713,60.170994],[24.942825,60.170929]]},"properties":{"c":"service","n":"","r":8}},{"type":"Feature","geometry":{"type":"LineString","coordinates":[[24.945892,60.165802],[24.94578,60.165799],[24.945734,60.165798]]},"properties":{"c":"residential","n":"Ludviginkatu","r":6}},{"type":"Feature","geometry":{"type":"LineString","coordinates":[[24.947645,60.166104],[24.947588,60.166102]]},"properties":{"c":"residential","n":"Rikhardinkatu","r":6}},{"type":"Feature","geometry":{"type":"LineString","coordinates":[[24.94782,60.165592],[24.947971,60.165597],[24.948048,60.165599]]},"properties":{"c":"residential","n":"Pohjoinen Makasiinikatu","r":6}},{"type":"Feature","geometry":{"type":"LineString","coordinates":[[24.952689,60.164444],[24.952847,60.164232],[24.952873,60.164207]]},"properties":{"c":"secondary","n":"Laivasillankatu","r":3}},{"type":"Feature","geometry":{"type":"LineString","coordinates":[[24.951415,60.164823],[24.95131,60.164821]]},"properties":{"c":"residential","n":"Etel\u00e4inen Makasiinikatu","r":6}},{"type":"Feature","geometry":{"type":"LineString","coordinates":[[24.938499,60.1738],[24.938526,60.173459],[24.938551,60.173268],[24.938589,60.173008],[24.9386,60.172986],[24.938667,60.172911],[24.938727,60.172805],[24.938741,60.172776],[24.938817,60.172729]]},"properties":{"c":"unclassified","n":"T\u00f6\u00f6l\u00f6nlahdenkatu","r":5}},{"type":"Feature","geometry":{"type":"LineString","coordinates":[[24.935188,60.16892],[24.935222,60.168938],[24.935238,60.168963],[24.93523,60.168988],[24.935201,60.169008]]},"properties":{"c":"service","n":"","r":8}},{"type":"Feature","geometry":{"type":"LineString","coordinates":[[24.93934,60.170627],[24.939501,60.170641],[24.939574,60.170645],[24.939599,60.170647]]},"properties":{"c":"service","n":"","r":8}},{"type":"Feature","geometry":{"type":"LineString","coordinates":[[24.937189,60.169464],[24.93724,60.169432],[24.937289,60.169399]]},"properties":{"c":"service","n":"","r":8}},{"type":"Feature","geometry":{"type":"LineString","coordinates":[[24.939252,60.170922],[24.939279,60.170898],[24.9393,60.170858],[24.93934,60.170627],[24.939363,60.170548],[24.939392,60.170496],[24.939448,60.170449]]},"properties":{"c":"secondary","n":"Asema-aukio","r":3}},{"type":"Feature","geometry":{"type":"LineString","coordinates":[[24.936127,60.169008],[24.93626,60.169061],[24.936354,60.169101]]},"properties":{"c":"service","n":"","r":8}},{"type":"Feature","geometry":{"type":"LineString","coordinates":[[24.935359,60.168797],[24.935301,60.168836],[24.935188,60.16892]]},"properties":{"c":"service","n":"","r":8}},{"type":"Feature","geometry":{"type":"LineString","coordinates":[[24.950199,60.176884],[24.950215,60.176953],[24.950217,60.177026],[24.950213,60.177066]]},"properties":{"c":"secondary","n":"Siltasaarenkatu","r":3}},{"type":"Feature","geometry":{"type":"LineString","coordinates":[[24.944745,60.170679],[24.94466,60.170654],[24.944503,60.170606],[24.944397,60.170585],[24.944251,60.170564]]},"properties":{"c":"secondary","n":"Kaivokatu","r":3}},{"type":"Feature","geometry":{"type":"LineString","coordinates":[[24.9454,60.169814],[24.945322,60.170357],[24.94531,60.17039],[24.945291,60.170425],[24.94525,60.170467],[24.945197,60.1705],[24.945147,60.170529]]},"properties":{"c":"unclassified","n":"Mikonkatu","r":5}},{"type":"Feature","geometry":{"type":"LineString","coordinates":[[24.940838,60.168481],[24.940999,60.168547],[24.941041,60.168564],[24.941483,60.168728],[24.941556,60.168754],[24.941636,60.168777],[24.94171,60.168792],[24.94179,60.168803],[24.94187,60.168807],[24.942903,60.168835]]},"properties":{"c":"service","n":"Aleksanterinkatu","r":8}},{"type":"Feature","geometry":{"type":"LineString","coordinates":[[24.941678,60.165949],[24.941759,60.165892],[24.941944,60.165749]]},"properties":{"c":"residential","n":"Yrj\u00f6nkatu","r":6}},{"type":"Feature","geometry":{"type":"LineString","coordinates":[[24.942756,60.17053],[24.94278,60.170346]]},"properties":{"c":"unclassified","n":"Keskuskatu","r":5}},{"type":"Feature","geometry":{"type":"LineString","coordinates":[[24.953076,60.174092],[24.952851,60.174084],[24.951787,60.174056]]},"properties":{"c":"tertiary","n":"Liisankatu","r":4}},{"type":"Feature","geometry":{"type":"LineString","coordinates":[[24.942058,60.17713],[24.941987,60.17711],[24.94189,60.177029],[24.941831,60.176967],[24.941783,60.176904],[24.941721,60.176785],[24.941673,60.176715],[24.941622,60.176656],[24.941545,60.176595],[24.941502,60.176533]]},"properties":{"c":"unclassified","n":"Kaisaniemen puistokuja","r":5}},{"type":"Feature","geometry":{"type":"LineString","coordinates":[[24.943026,60.174102],[24.943072,60.174045],[24.943099,60.173981],[24.943123,60.173872]]},"properties":{"c":"unclassified","n":"Kaisaniemen puistokuja","r":5}},{"type":"Feature","geometry":{"type":"LineString","coordinates":[[24.943313,60.172953],[24.943186,60.172948],[24.942324,60.172908]]},"properties":{"c":"service","n":"Kaisankuja","r":8}},{"type":"Feature","geometry":{"type":"LineString","coordinates":[[24.938414,60.174563],[24.938231,60.174562],[24.937903,60.174554],[24.937413,60.17454],[24.936353,60.17451],[24.93586,60.174496],[24.935495,60.174481],[24.935343,60.174461],[24.935214,60.174425]]},"properties":{"c":"unclassified","n":"T\u00f6\u00f6l\u00f6nlahdenkatu","r":5}},{"type":"Feature","geometry":{"type":"LineString","coordinates":[[24.938945,60.172244],[24.938963,60.172187],[24.938982,60.172125]]},"properties":{"c":"unclassified","n":"T\u00f6\u00f6l\u00f6nlahdenkatu","r":5}},{"type":"Feature","geometry":{"type":"LineString","coordinates":[[24.938817,60.172729],[24.938864,60.172785],[24.93886,60.172813],[24.938835,60.172917],[24.938822,60.173013],[24.938771,60.173474],[24.938736,60.173775]]},"properties":{"c":"unclassified","n":"T\u00f6\u00f6l\u00f6nlahdenkatu","r":5}},{"type":"Feature","geometry":{"type":"LineString","coordinates":[[24.949629,60.17401],[24.949582,60.173851],[24.949567,60.173813],[24.949547,60.173777],[24.949438,60.17367],[24.949028,60.173311],[24.948967,60.173253],[24.948857,60.173122]]},"properties":{"c":"secondary","n":"Kaisaniemenkatu","r":3}},{"type":"Feature","geometry":{"type":"LineString","coordinates":[[24.944946,60.172005],[24.944583,60.17196]]},"properties":{"c":"unclassified","n":"Vilhonkatu","r":5}},{"type":"Feature","geometry":{"type":"LineString","coordinates":[[24.944946,60.172005],[24.94488,60.171983],[24.944844,60.171957],[24.94482,60.171932],[24.944809,60.171901],[24.944805,60.171876]]},"properties":{"c":"secondary","n":"Mikonkatu","r":3}},{"type":"Feature","geometry":{"type":"LineString","coordinates":[[24.950282,60.173767],[24.950243,60.173904]]},"properties":{"c":"secondary","n":"Unioninkatu","r":3}},{"type":"Feature","geometry":{"type":"LineString","coordinates":[[24.952385,60.165723],[24.952392,60.165671],[24.952462,60.165313]]},"properties":{"c":"unclassified","n":"Etel\u00e4ranta","r":5}},{"type":"Feature","geometry":{"type":"LineString","coordinates":[[24.945173,60.170639],[24.945168,60.17068]]},"properties":{"c":"unclassified","n":"Mikonkatu","r":5}},{"type":"Feature","geometry":{"type":"LineString","coordinates":[[24.945196,60.172027],[24.945193,60.172091],[24.945191,60.172117]]},"properties":{"c":"unclassified","n":"Mikonkatu","r":5}},{"type":"Feature","geometry":{"type":"LineString","coordinates":[[24.945173,60.170639],[24.945418,60.170717],[24.94615,60.17094],[24.946341,60.170995]]},"properties":{"c":"secondary","n":"Kaisaniemenkatu","r":3}},{"type":"Feature","geometry":{"type":"LineString","coordinates":[[24.93663,60.170885],[24.936908,60.170815],[24.936978,60.170807],[24.937027,60.170807],[24.937197,60.170817],[24.937308,60.170826]]},"properties":{"c":"secondary","n":"Postikatu","r":3}},{"type":"Feature","geometry":{"type":"LineString","coordinates":[[24.943525,60.165404],[24.943029,60.16523],[24.942911,60.165191]]},"properties":{"c":"primary","n":"Uudenmaankatu","r":2}},{"type":"Feature","geometry":{"type":"LineString","coordinates":[[24.947566,60.167773],[24.947558,60.167839],[24.947485,60.168448],[24.947442,60.168843],[24.94744,60.168862],[24.947433,60.168912],[24.947431,60.168929],[24.947429,60.168943],[24.947427,60.168956],[24.947424,60.16897],[24.947418,60.16902],[24.94738,60.16971],[24.947373,60.169783],[24.947367,60.16983]]},"properties":{"c":"pedestrian","n":"Kluuvikatu","r":8}},{"type":"Feature","geometry":{"type":"LineString","coordinates":[[24.939421,60.16508],[24.939344,60.165135],[24.939259,60.165196],[24.938112,60.166013]]},"properties":{"c":"residential","n":"Annankatu","r":6}},{"type":"Feature","geometry":{"type":"LineString","coordinates":[[24.950526,60.175523],[24.950811,60.175531]]},"properties":{"c":"unclassified","n":"Siltavuorenpenger","r":5}},{"type":"Feature","geometry":{"type":"LineString","coordinates":[[24.950526,60.175523],[24.950478,60.175522],[24.950327,60.175518]]},"properties":{"c":"unclassified","n":"Siltavuorenpenger","r":5}},{"type":"Feature","geometry":{"type":"LineString","coordinates":[[24.947344,60.172977],[24.947374,60.17274],[24.947378,60.172701],[24.947416,60.172398]]},"properties":{"c":"residential","n":"Vuorikatu","r":6}},{"type":"Feature","geometry":{"type":"LineString","coordinates":[[24.944138,60.164176],[24.944121,60.164338],[24.944114,60.164402]]},"properties":{"c":"residential","n":"Erottajankatu","r":6}},{"type":"Feature","geometry":{"type":"LineString","coordinates":[[24.936138,60.171083],[24.936273,60.171023],[24.936403,60.170974],[24.93663,60.170885]]},"properties":{"c":"primary","n":"Mannerheimintie","r":2}},{"type":"Feature","geometry":{"type":"LineString","coordinates":[[24.942994,60.166745],[24.943097,60.166704],[24.943172,60.166674],[24.943246,60.166657]]},"properties":{"c":"primary_link","n":"","r":8}},{"type":"Feature","geometry":{"type":"LineString","coordinates":[[24.949722,60.178346],[24.949701,60.178427],[24.949681,60.178635],[24.949652,60.17894],[24.949771,60.17904],[24.94981,60.17864],[24.949827,60.178532],[24.949891,60.178465],[24.949891,60.178415],[24.949873,60.178303],[24.949775,60.178281],[24.949722,60.178346]]},"properties":{"c":"pedestrian","n":"","r":8}},{"type":"Feature","geometry":{"type":"LineString","coordinates":[[24.950213,60.176623],[24.950202,60.176692],[24.950192,60.176811]]},"properties":{"c":"secondary","n":"Siltasaarenkatu","r":3}},{"type":"Feature","geometry":{"type":"LineString","coordinates":[[24.950082,60.176621],[24.95013,60.17612]]},"properties":{"c":"secondary","n":"Pitk\u00e4silta","r":3}},{"type":"Feature","geometry":{"type":"LineString","coordinates":[[24.952398,60.167711],[24.952361,60.167738],[24.952284,60.167788],[24.952227,60.167816],[24.952174,60.167834],[24.952095,60.167857],[24.95191,60.167898]]},"properties":{"c":"primary","n":"Etel\u00e4ranta","r":2}},{"type":"Feature","geometry":{"type":"LineString","coordinates":[[24.952398,60.167711],[24.952487,60.167741],[24.952551,60.167766],[24.952642,60.167793],[24.952716,60.167805],[24.952865,60.167822],[24.953411,60.167843]]},"properties":{"c":"primary","n":"Pohjoisesplanadi","r":2}},{"type":"Feature","geometry":{"type":"LineString","coordinates":[[24.952472,60.166603],[24.952475,60.166677],[24.952481,60.166785],[24.952473,60.166951],[24.952437,60.167216]]},"properties":{"c":"secondary","n":"Etel\u00e4ranta","r":3}},{"type":"Feature","geometry":{"type":"LineString","coordinates":[[24.951619,60.16789],[24.951487,60.167851],[24.951357,60.167812],[24.951283,60.167791],[24.951183,60.167761],[24.951132,60.16774],[24.951079,60.16771]]},"properties":{"c":"secondary","n":"Pohjoisesplanadi","r":3}},{"type":"Feature","geometry":{"type":"LineString","coordinates":[[24.95191,60.167898],[24.951619,60.16789]]},"properties":{"c":"primary","n":"Pohjoisesplanadi","r":2}},{"type":"Feature","geometry":{"type":"LineString","coordinates":[[24.951619,60.16789],[24.951321,60.167883]]},"properties":{"c":"primary","n":"Pohjoisesplanadi","r":2}},{"type":"Feature","geometry":{"type":"LineString","coordinates":[[24.950979,60.168898],[24.950995,60.168697],[24.95105,60.167998],[24.951054,60.167958],[24.951062,60.167875]]},"properties":{"c":"secondary","n":"Unioninkatu","r":3}},{"type":"Feature","geometry":{"type":"LineString","coordinates":[[24.936567,60.171227],[24.93638,60.171308],[24.936196,60.171374]]},"properties":{"c":"primary","n":"Mannerheimintie","r":2}},{"type":"Feature","geometry":{"type":"LineString","coordinates":[[24.939524,60.169345],[24.938933,60.169732],[24.938828,60.1698],[24.938739,60.169875]]},"properties":{"c":"primary","n":"Mannerheimintie","r":2}},{"type":"Feature","geometry":{"type":"LineString","coordinates":[[24.94282,60.171818],[24.942836,60.171661]]},"properties":{"c":"service","n":"","r":8}},{"type":"Feature","geometry":{"type":"LineString","coordinates":[[24.9433,60.171829],[24.943307,60.171674]]},"properties":{"c":"service","n":"","r":8}},{"type":"Feature","geometry":{"type":"LineString","coordinates":[[24.94306,60.171824],[24.943076,60.171668]]},"properties":{"c":"service","n":"","r":8}},{"type":"Feature","geometry":{"type":"LineString","coordinates":[[24.949145,60.170774],[24.949095,60.171232]]},"properties":{"c":"residential","n":"Fabianinkatu","r":6}},{"type":"Feature","geometry":{"type":"LineString","coordinates":[[24.94173,60.168768],[24.941799,60.168777],[24.941873,60.168782],[24.942028,60.168788],[24.942035,60.16879],[24.942444,60.1688],[24.94268,60.168807],[24.942688,60.168803],[24.942905,60.168807],[24.944236,60.168837],[24.945553,60.168865],[24.946765,60.168897],[24.947433,60.168912],[24.94921,60.168961],[24.949231,60.168955],[24.949331,60.168956],[24.949436,60.168961],[24.949454,60.168966],[24.95039,60.168989],[24.950634,60.168994],[24.950697,60.168993],[24.950756,60.168988],[24.950802,60.168978],[24.950846,60.168969],[24.950877,60.168956],[24.950848,60.168955],[24.950826,60.168954],[24.950382,60.168933],[24.949469,60.168915],[24.949442,60.168914],[24.94934,60.168911],[24.949238,60.168908],[24.949212,60.168907],[24.948899,60.168901],[24.948109,60.168881],[24.947575,60.168864],[24.94744,60.168862],[24.947304,60.16886],[24.946872,60.168848],[24.946798,60.168846],[24.946791,60.168846],[24.946256,60.168835],[24.945686,60.168821],[24.945559,60.168818],[24.945432,60.168815],[24.945379,60.168814],[24.945151,60.168809],[24.945126,60.168809],[24.945035,60.168807],[24.944696,60.168798],[24.943971,60.168779],[24.943942,60.168779],[24.943243,60.168763],[24.94311,60.168758],[24.942909,60.168753],[24.942723,60.168748],[24.941931,60.168729],[24.941879,60.168722],[24.941853,60.168701],[24.941799,60.168693],[24.941743,60.168685],[24.941705,60.168695],[24.941649,60.168686],[24.941504,60.168632],[24.941116,60.168489],[24.941069,60.168505],[24.94104,60.168522],[24.941517,60.168704],[24.941588,60.16873],[24.941661,60.168751],[24.94173,60.168768]]},"properties":{"c":"pedestrian","n":"Aleksanterinkatu","r":8}},{"type":"Feature","geometry":{"type":"LineString","coordinates":[[24.9454,60.169814],[24.945426,60.169772],[24.945443,60.169743]]},"properties":{"c":"pedestrian","n":"Mikonkatu","r":8}},{"type":"Feature","geometry":{"type":"LineString","coordinates":[[24.943653,60.164514],[24.94373,60.16455],[24.943791,60.164597],[24.943791,60.164625],[24.943776,60.164653],[24.943743,60.164673],[24.943527,60.164782]]},"properties":{"c":"service","n":"","r":8}},{"type":"Feature","geometry":{"type":"LineString","coordinates":[[24.943527,60.164782],[24.943251,60.164977]]},"properties":{"c":"service","n":"","r":8}},{"type":"Feature","geometry":{"type":"LineString","coordinates":[[24.948766,60.173112],[24.948681,60.17313],[24.948365,60.173122]]},"properties":{"c":"service","n":"","r":8}},{"type":"Feature","geometry":{"type":"LineString","coordinates":[[24.939665,60.170649],[24.939662,60.170686]]},"properties":{"c":"service","n":"","r":8}},{"type":"Feature","geometry":{"type":"LineString","coordinates":[[24.938638,60.173604],[24.938688,60.173106]]},"properties":{"c":"service","n":"","r":8}},{"type":"Feature","geometry":{"type":"LineString","coordinates":[[24.938499,60.1738],[24.938638,60.173604]]},"properties":{"c":"service","n":"","r":8}},{"type":"Feature","geometry":{"type":"LineString","coordinates":[[24.938638,60.173604],[24.938736,60.173775]]},"properties":{"c":"service","n":"","r":8}},{"type":"Feature","geometry":{"type":"LineString","coordinates":[[24.949422,60.168088],[24.949481,60.168175],[24.949468,60.168405]]},"properties":{"c":"service","n":"","r":8}},{"type":"Feature","geometry":{"type":"LineString","coordinates":[[24.938392,60.169796],[24.938552,60.169693],[24.938727,60.169583],[24.938973,60.169419]]},"properties":{"c":"primary","n":"Mannerheimintie","r":2}},{"type":"Feature","geometry":{"type":"LineString","coordinates":[[24.943576,60.166641],[24.943443,60.166733]]},"properties":{"c":"primary","n":"Mannerheimintie","r":2}},{"type":"Feature","geometry":{"type":"LineString","coordinates":[[24.951062,60.167875],[24.950897,60.167868],[24.950837,60.167867]]},"properties":{"c":"primary","n":"Pohjoisesplanadi","r":2}},{"type":"Feature","geometry":{"type":"LineString","coordinates":[[24.943986,60.16561],[24.943983,60.165633],[24.943982,60.165652]]},"properties":{"c":"primary","n":"Erottajankatu","r":2}},{"type":"Feature","geometry":{"type":"LineString","coordinates":[[24.951128,60.167258],[24.951157,60.167156],[24.951158,60.167135]]},"properties":{"c":"secondary","n":"Unioninkatu","r":3}},{"type":"Feature","geometry":{"type":"LineString","coordinates":[[24.95115,60.165695],[24.951317,60.165698],[24.951459,60.165702]]},"properties":{"c":"residential","n":"Pohjoinen Makasiinikatu","r":6}},{"type":"Feature","geometry":{"type":"LineString","coordinates":[[24.952437,60.167216],[24.952436,60.167249],[24.95242,60.167396]]},"properties":{"c":"secondary","n":"Etel\u00e4ranta","r":3}},{"type":"Feature","geometry":{"type":"LineString","coordinates":[[24.95102,60.169028],[24.951324,60.169023],[24.95199,60.16904],[24.95208,60.169043],[24.95306,60.169069],[24.953279,60.169075]]},"properties":{"c":"unclassified","n":"Aleksanterinkatu","r":5}},{"type":"Feature","geometry":{"type":"LineString","coordinates":[[24.953273,60.169208],[24.953116,60.169202]]},"properties":{"c":"service","n":"","r":8}},{"type":"Feature","geometry":{"type":"LineString","coordinates":[[24.936567,60.171227],[24.936388,60.171252],[24.936304,60.171266],[24.936249,60.171265],[24.936184,60.171257],[24.936076,60.171241],[24.935943,60.17121]]},"properties":{"c":"secondary","n":"Arkadiankatu","r":3}},{"type":"Feature","geometry":{"type":"LineString","coordinates":[[24.950282,60.173767],[24.950364,60.173694],[24.950412,60.173636],[24.950441,60.173577],[24.950472,60.173487]]},"properties":{"c":"secondary","n":"Unioninkatu","r":3}},{"type":"Feature","geometry":{"type":"LineString","coordinates":[[24.950411,60.174106],[24.950347,60.174222],[24.950336,60.174293],[24.950328,60.174304],[24.950312,60.174318],[24.950288,60.174328],[24.950256,60.174333],[24.950211,60.174334],[24.950174,60.174329],[24.950095,60.174312]]},"properties":{"c":"secondary","n":"Unioninkatu","r":3}},{"type":"Feature","geometry":{"type":"LineString","coordinates":[[24.950095,60.174312],[24.950007,60.174277],[24.949942,60.174258],[24.949884,60.174234],[24.949813,60.174203],[24.949742,60.17416],[24.949688,60.174115],[24.949647,60.174063],[24.949629,60.17401]]},"properties":{"c":"secondary","n":"Unioninkatu","r":3}},{"type":"Feature","geometry":{"type":"LineString","coordinates":[[24.949629,60.17401],[24.94972,60.173911],[24.949743,60.173889],[24.94978,60.173866],[24.949883,60.173829],[24.949961,60.173813],[24.950047,60.173797]]},"properties":{"c":"secondary","n":"Unioninkatu","r":3}},{"type":"Feature","geometry":{"type":"LineString","coordinates":[[24.95079,60.170766],[24.950795,60.170712],[24.950799,60.170677]]},"properties":{"c":"secondary","n":"Unioninkatu","r":3}},{"type":"Feature","geometry":{"type":"LineString","coordinates":[[24.941502,60.176533],[24.941514,60.176463],[24.941804,60.176203],[24.941983,60.175997],[24.942156,60.175758],[24.942249,60.175579]]},"properties":{"c":"unclassified","n":"Kaisaniemen puistokuja","r":5}},{"type":"Feature","geometry":{"type":"LineString","coordinates":[[24.94927,60.175792],[24.949475,60.175781],[24.949684,60.175788]]},"properties":{"c":"unclassified","n":"Kaisaniemenranta","r":5}},{"type":"Feature","geometry":{"type":"LineString","coordinates":[[24.950566,60.178319],[24.950667,60.178406],[24.950684,60.178448],[24.950691,60.178497],[24.950629,60.179015],[24.95062,60.179107]]},"properties":{"c":"tertiary","n":"Siltasaarenkatu","r":4}},{"type":"Feature","geometry":{"type":"LineString","coordinates":[[24.949969,60.178372],[24.94996,60.178211]]},"properties":{"c":"tertiary","n":"Siltasaarenkatu","r":4}},{"type":"Feature","geometry":{"type":"LineString","coordinates":[[24.950833,60.170331],[24.950868,60.169986]]},"properties":{"c":"secondary","n":"Unioninkatu","r":3}},{"type":"Feature","geometry":{"type":"LineString","coordinates":[[24.948667,60.172708],[24.948508,60.172754]]},"properties":{"c":"residential","n":"Fabianinkatu","r":6}},{"type":"Feature","geometry":{"type":"LineString","coordinates":[[24.943886,60.166271],[24.943898,60.166368],[24.943894,60.166494]]},"properties":{"c":"primary_link","n":"Erottajankatu","r":8}},{"type":"Feature","geometry":{"type":"LineString","coordinates":[[24.952906,60.164446],[24.952856,60.16456],[24.952817,60.164685],[24.952801,60.164782],[24.952788,60.164877]]},"properties":{"c":"secondary","n":"Etel\u00e4ranta","r":3}},{"type":"Feature","geometry":{"type":"LineString","coordinates":[[24.935374,60.170781],[24.935356,60.170793],[24.93521,60.171083],[24.935712,60.171085],[24.93583,60.171082],[24.935847,60.171065],[24.935948,60.171033],[24.93617,60.170952],[24.936152,60.170915],[24.936118,60.170901],[24.93571,60.17076],[24.93557,60.170775],[24.935439,60.170732],[24.935374,60.170781]]},"properties":{"c":"pedestrian","n":"Paasikivenaukio","r":8}},{"type":"Feature","geometry":{"type":"LineString","coordinates":[[24.940815,60.171338],[24.940825,60.171338],[24.940887,60.17134],[24.94093,60.171341],[24.94108,60.171345],[24.941146,60.171346],[24.941211,60.171348],[24.941361,60.171352],[24.941432,60.171354],[24.941503,60.171356],[24.941654,60.17136],[24.941721,60.171362],[24.941788,60.171364],[24.94195,60.171368],[24.942041,60.17137],[24.942054,60.171371],[24.942068,60.171239],[24.941732,60.17123],[24.941477,60.171223],[24.941221,60.171216],[24.940829,60.171206],[24.940815,60.171338]]},"properties":{"c":"pedestrian","n":"","r":8}},{"type":"Feature","geometry":{"type":"LineString","coordinates":[[24.936493,60.172752],[24.937599,60.172842],[24.937828,60.172858],[24.938429,60.172902],[24.938485,60.172906]]},"properties":{"c":"service","n":"Eero Erkon katu","r":8}},{"type":"Feature","geometry":{"type":"LineString","coordinates":[[24.943886,60.166271],[24.943825,60.166374],[24.943755,60.166485],[24.94369,60.166554],[24.943576,60.166641]]},"properties":{"c":"primary","n":"Erottajankatu","r":2}},{"type":"Feature","geometry":{"type":"LineString","coordinates":[[24.940662,60.168213],[24.940603,60.168191],[24.940352,60.168103],[24.940171,60.168052],[24.940067,60.168023],[24.939315,60.167761],[24.939296,60.167755],[24.939208,60.16773]]},"properties":{"c":"pedestrian","n":"Kalevankatu","r":8}},{"type":"Feature","geometry":{"type":"LineString","coordinates":[[24.950529,60.173058],[24.950533,60.173016],[24.950582,60.172644],[24.950591,60.17256],[24.950596,60.17252],[24.950628,60.172234],[24.950668,60.171873],[24.950702,60.171536],[24.950708,60.171482],[24.950712,60.17143],[24.95075,60.171093],[24.950781,60.170824],[24.95079,60.170766]]},"properties":{"c":"secondary","n":"Unioninkatu","r":3}},{"type":"Feature","geometry":{"type":"LineString","coordinates":[[24.948365,60.173122],[24.947774,60.1731],[24.947633,60.173095],[24.947531,60.173078],[24.94746,60.173053],[24.947397,60.173019],[24.947356,60.172982],[24.947342,60.172891],[24.947359,60.17268],[24.947377,60.172301],[24.947288,60.171942],[24.947267,60.171284],[24.947288,60.17118],[24.947344,60.171076],[24.947398,60.171039],[24.947561,60.170924],[24.947617,60.170865],[24.947621,60.170665],[24.947667,60.170583],[24.947786,60.170553],[24.947888,60.170541],[24.948901,60.170559],[24.949041,60.170586],[24.949143,60.170647],[24.949212,60.17074],[24.949013,60.172314]]},"properties":{"c":"service","n":"","r":8}},{"type":"Feature","geometry":{"type":"LineString","coordinates":[[24.949013,60.172314],[24.948988,60.172582],[24.948984,60.172621],[24.948964,60.17265],[24.948943,60.172671],[24.948906,60.17269],[24.948838,60.172721]]},"properties":{"c":"service","n":"","r":8}},{"type":"Feature","geometry":{"type":"LineString","coordinates":[[24.940193,60.170466],[24.939912,60.17044],[24.939828,60.170423],[24.939766,60.170407],[24.939588,60.170361]]},"properties":{"c":"secondary","n":"Kaivokatu","r":3}},{"type":"Feature","geometry":{"type":"LineString","coordinates":[[24.949815,60.164512],[24.949706,60.164509],[24.949412,60.164502]]},"properties":{"c":"service","n":"","r":8}},{"type":"Feature","geometry":{"type":"LineString","coordinates":[[24.949412,60.164502],[24.949301,60.164499],[24.949262,60.164478],[24.948638,60.164462]]},"properties":{"c":"service","n":"","r":8}},{"type":"Feature","geometry":{"type":"LineString","coordinates":[[24.949705,60.165514],[24.94958,60.165505],[24.949505,60.165479],[24.949495,60.165438]]},"properties":{"c":"service","n":"","r":8}},{"type":"Feature","geometry":{"type":"LineString","coordinates":[[24.949537,60.165121],[24.949558,60.164958],[24.949587,60.164935],[24.949666,60.164916],[24.949773,60.164917]]},"properties":{"c":"service","n":"","r":8}},{"type":"Feature","geometry":{"type":"LineString","coordinates":[[24.94952,60.165252],[24.949523,60.165229],[24.949507,60.165217],[24.949488,60.165208],[24.949261,60.165179],[24.949497,60.165166],[24.949529,60.165158],[24.949535,60.165149],[24.949537,60.165121]]},"properties":{"c":"service","n":"","r":8}},{"type":"Feature","geometry":{"type":"LineString","coordinates":[[24.938588,60.1721],[24.938601,60.172049],[24.938607,60.172026],[24.938677,60.171771],[24.938776,60.171412]]},"properties":{"c":"service","n":"","r":8}},{"type":"Feature","geometry":{"type":"LineString","coordinates":[[24.936403,60.170974],[24.936285,60.170903],[24.935753,60.17072],[24.935715,60.170694],[24.935689,60.17068],[24.935656,60.170672],[24.935627,60.170672],[24.935595,60.170678],[24.935549,60.170664]]},"properties":{"c":"service","n":"Salomonkatu","r":8}},{"type":"Feature","geometry":{"type":"LineString","coordinates":[[24.942511,60.170752],[24.942498,60.170874],[24.942496,60.170906],[24.94252,60.170907],[24.942511,60.170992],[24.942562,60.170993],[24.942561,60.171002],[24.94256,60.171011],[24.942553,60.17108],[24.942569,60.171081],[24.94256,60.171173],[24.942549,60.171273],[24.942535,60.171273],[24.942528,60.171341],[24.942541,60.171341],[24.942537,60.17138],[24.942534,60.171408],[24.942518,60.171408],[24.942517,60.171419],[24.942441,60.171417],[24.942439,60.171432],[24.942433,60.171489],[24.942507,60.171491],[24.942492,60.17163],[24.942418,60.171628],[24.942416,60.171652],[24.942508,60.171654],[24.942501,60.171715],[24.942499,60.171737],[24.942492,60.171802],[24.9424,60.1718],[24.942399,60.171813],[24.942481,60.171815],[24.942465,60.171965],[24.942383,60.171963],[24.942376,60.172029],[24.942604,60.172035],[24.942608,60.171996],[24.94267,60.171998],[24.942728,60.171999],[24.942724,60.172038],[24.942741,60.172039],[24.942746,60.172],[24.943107,60.172009],[24.943103,60.172048],[24.943123,60.172049],[24.943127,60.17201],[24.943189,60.172012],[24.943248,60.172013],[24.943244,60.172052],[24.943334,60.172054],[24.943357,60.172055],[24.943359,60.17202],[24.943339,60.172006],[24.943315,60.171997],[24.943287,60.171992],[24.942552,60.171969],[24.942565,60.171577],[24.942591,60.17132],[24.942606,60.171174],[24.942621,60.171031],[24.942645,60.170767],[24.942679,60.170724],[24.942495,60.170741],[24.942503,60.170744],[24.942509,60.170748],[24.942511,60.170752]]},"properties":{"c":"pedestrian","n":"","r":8}},{"type":"Feature","geometry":{"type":"LineString","coordinates":[[24.939667,60.170965],[24.939614,60.171136],[24.9396,60.170963]]},"properties":{"c":"service","n":"","r":8}},{"type":"Feature","geometry":{"type":"LineString","coordinates":[[24.947578,60.171466],[24.947692,60.171508],[24.947671,60.17144],[24.947663,60.171374],[24.947659,60.171315],[24.947613,60.171313],[24.94752,60.17131],[24.947457,60.171308],[24.947433,60.171305],[24.947389,60.171305],[24.947371,60.171323],[24.947386,60.171348],[24.947431,60.171377],[24.947517,60.171442],[24.947578,60.171466]]},"properties":{"c":"pedestrian","n":"","r":8}},{"type":"Feature","geometry":{"type":"LineString","coordinates":[[24.952295,60.165721],[24.952385,60.165723],[24.95256,60.165727]]},"properties":{"c":"residential","n":"Pohjoinen Makasiinikatu","r":6}},{"type":"Feature","geometry":{"type":"LineString","coordinates":[[24.952551,60.165816],[24.9525,60.166184],[24.95247,60.166549],[24.952472,60.166603]]},"properties":{"c":"secondary","n":"Etel\u00e4ranta","r":3}},{"type":"Feature","geometry":{"type":"LineString","coordinates":[[24.949681,60.165727],[24.94969,60.16565],[24.949698,60.165573],[24.9497,60.165552]]},"properties":{"c":"residential","n":"Fabianinkatu","r":6}},{"type":"Feature","geometry":{"type":"LineString","coordinates":[[24.951079,60.16771],[24.951083,60.167665],[24.95109,60.167599],[24.95111,60.167392],[24.951118,60.167314],[24.951128,60.167258]]},"properties":{"c":"secondary","n":"Unioninkatu","r":3}},{"type":"Feature","geometry":{"type":"LineString","coordinates":[[24.952535,60.164851],[24.952553,60.164769]]},"properties":{"c":"secondary","n":"Etel\u00e4ranta","r":3}},{"type":"Feature","geometry":{"type":"LineString","coordinates":[[24.935734,60.171419],[24.935811,60.171337],[24.935943,60.17121],[24.936022,60.171149],[24.936138,60.171083]]},"properties":{"c":"primary","n":"Mannerheimintie","r":2}},{"type":"Feature","geometry":{"type":"LineString","coordinates":[[24.940429,60.164349],[24.940522,60.164383],[24.940581,60.164404]]},"properties":{"c":"primary","n":"Uudenmaankatu","r":2}},{"type":"Feature","geometry":{"type":"LineString","coordinates":[[24.937557,60.167983],[24.937644,60.167928],[24.937823,60.167796],[24.937959,60.167785],[24.938684,60.168032],[24.938743,60.168033],[24.938796,60.168019],[24.939055,60.167837]]},"properties":{"c":"residential","n":"Yrj\u00f6nkatu","r":6}},{"type":"Feature","geometry":{"type":"LineString","coordinates":[[24.94555,60.168897],[24.945892,60.1689]]},"properties":{"c":"service","n":"Aleksanterinkatu","r":8}},{"type":"Feature","geometry":{"type":"LineString","coordinates":[[24.949722,60.178346],[24.94893,60.17833]]},"properties":{"c":"pedestrian","n":"Paasivuorenkatu","r":8}},{"type":"Feature","geometry":{"type":"LineString","coordinates":[[24.938295,60.169857],[24.938161,60.169814],[24.938142,60.169806]]},"properties":{"c":"tertiary","n":"Simonkatu","r":4}},{"type":"Feature","geometry":{"type":"LineString","coordinates":[[24.938572,60.169982],[24.938329,60.169836]]},"properties":{"c":"service","n":"","r":8}},{"type":"Feature","geometry":{"type":"LineString","coordinates":[[24.938329,60.169836],[24.938681,60.169913],[24.938859,60.169979]]},"properties":{"c":"service","n":"","r":8}},{"type":"Feature","geometry":{"type":"LineString","coordinates":[[24.937189,60.169464],[24.937085,60.169501],[24.937045,60.16952]]},"properties":{"c":"service","n":"","r":8}},{"type":"Feature","geometry":{"type":"LineString","coordinates":[[24.938392,60.169796],[24.938739,60.169875]]},"properties":{"c":"secondary","n":"Kaivokatu","r":3}},{"type":"Feature","geometry":{"type":"LineString","coordinates":[[24.944074,60.164809],[24.944066,60.164926],[24.944015,60.165358]]},"properties":{"c":"residential","n":"Erottajankatu","r":6}},{"type":"Feature","geometry":{"type":"LineString","coordinates":[[24.952472,60.166603],[24.952576,60.166606],[24.952609,60.166607],[24.952913,60.166615]]},"properties":{"c":"service","n":"","r":8}},{"type":"Feature","geometry":{"type":"LineString","coordinates":[[24.953082,60.166452],[24.953164,60.166454]]},"properties":{"c":"service","n":"","r":8}},{"type":"Feature","geometry":{"type":"LineString","coordinates":[[24.952593,60.165619],[24.952685,60.165629],[24.952743,60.16563],[24.952911,60.16562]]},"properties":{"c":"service","n":"","r":8}},{"type":"Feature","geometry":{"type":"LineString","coordinates":[[24.95308,60.165255],[24.953087,60.165195],[24.953103,60.165044],[24.953108,60.164992]]},"properties":{"c":"service","n":"","r":8}},{"type":"Feature","geometry":{"type":"LineString","coordinates":[[24.953366,60.1647],[24.95331,60.164698],[24.953012,60.164692]]},"properties":{"c":"service","n":"","r":8}},{"type":"Feature","geometry":{"type":"LineString","coordinates":[[24.95331,60.164698],[24.953373,60.164224]]},"properties":{"c":"service","n":"","r":8}},{"type":"Feature","geometry":{"type":"LineString","coordinates":[[24.951785,60.178068],[24.95164,60.178064],[24.951604,60.178063],[24.951319,60.178059],[24.950999,60.178075]]},"properties":{"c":"service","n":"","r":8}},{"type":"Feature","geometry":{"type":"LineString","coordinates":[[24.939383,60.170995],[24.939329,60.171012],[24.939234,60.171018],[24.939083,60.171014],[24.938971,60.171007],[24.938873,60.170999]]},"properties":{"c":"secondary","n":"Postikatu","r":3}},{"type":"Feature","geometry":{"type":"LineString","coordinates":[[24.939839,60.170271],[24.939918,60.170274]]},"properties":{"c":"secondary","n":"Kaivokatu","r":3}},{"type":"Feature","geometry":{"type":"LineString","coordinates":[[24.94278,60.170346],[24.942824,60.170294],[24.942831,60.170258],[24.942843,60.170156]]},"properties":{"c":"unclassified","n":"Keskuskatu","r":5}},{"type":"Feature","geometry":{"type":"LineString","coordinates":[[24.942994,60.166745],[24.943162,60.166588]]},"properties":{"c":"primary","n":"Mannerheimintie","r":2}},{"type":"Feature","geometry":{"type":"LineString","coordinates":[[24.943054,60.171878],[24.942814,60.17187]]},"properties":{"c":"unclassified","n":"Vilhonkatu","r":5}},{"type":"Feature","geometry":{"type":"LineString","coordinates":[[24.943158,60.170775],[24.94341,60.170687]]},"properties":{"c":"service","n":"","r":8}},{"type":"Feature","geometry":{"type":"LineString","coordinates":[[24.944338,60.171928],[24.944203,60.171912],[24.943744,60.1719]]},"properties":{"c":"unclassified","n":"Vilhonkatu","r":5}},{"type":"Feature","geometry":{"type":"LineString","coordinates":[[24.947338,60.173044],[24.94725,60.17308],[24.947225,60.173321]]},"properties":{"c":"service","n":"","r":8}},{"type":"Feature","geometry":{"type":"LineString","coordinates":[[24.945134,60.172766],[24.945115,60.172914]]},"properties":{"c":"pedestrian","n":"Mikonkatu","r":8}},{"type":"Feature","geometry":{"type":"LineString","coordinates":[[24.94375,60.167052],[24.94392,60.167056]]},"properties":{"c":"service","n":"","r":8}},{"type":"Feature","geometry":{"type":"LineString","coordinates":[[24.943019,60.167661],[24.942881,60.167654]]},"properties":{"c":"primary","n":"Pohjoisesplanadi","r":2}},{"type":"Feature","geometry":{"type":"LineString","coordinates":[[24.935611,60.171151],[24.935485,60.171151]]},"properties":{"c":"secondary","n":"Arkadiankatu","r":3}},{"type":"Feature","geometry":{"type":"LineString","coordinates":[[24.938873,60.170999],[24.938421,60.170968]]},"properties":{"c":"secondary","n":"Postikatu","r":3}},{"type":"Feature","geometry":{"type":"LineString","coordinates":[[24.947308,60.172038],[24.947346,60.172052],[24.947503,60.172058],[24.9476,60.172062],[24.94763,60.172066],[24.947662,60.17207],[24.947712,60.17208],[24.947722,60.172078],[24.947723,60.172069],[24.947688,60.172041],[24.947544,60.171899],[24.947446,60.171767],[24.947397,60.171692],[24.947293,60.171517],[24.947332,60.171651],[24.947343,60.171759],[24.947329,60.171872],[24.94731,60.172024],[24.947308,60.172038]]},"properties":{"c":"pedestrian","n":"","r":8}},{"type":"Feature","geometry":{"type":"LineString","coordinates":[[24.939142,60.170539],[24.939076,60.170535],[24.939065,60.170585],[24.939053,60.170635],[24.939086,60.170637],[24.939119,60.170639],[24.939131,60.170589],[24.939142,60.170539]]},"properties":{"c":"pedestrian","n":"","r":8}},{"type":"Feature","geometry":{"type":"LineString","coordinates":[[24.935996,60.168959],[24.936154,60.168989]]},"properties":{"c":"tertiary","n":"Simonkatu","r":4}},{"type":"Feature","geometry":{"type":"LineString","coordinates":[[24.940652,60.168309],[24.940571,60.168264],[24.94053,60.168248],[24.94045,60.168218]]},"properties":{"c":"service","n":"","r":8}},{"type":"Feature","geometry":{"type":"LineString","coordinates":[[24.940286,60.168143],[24.940128,60.168045],[24.93833,60.167423],[24.938072,60.167329],[24.93796,60.167255],[24.937901,60.167133],[24.937936,60.167035],[24.938569,60.166573],[24.938712,60.166509],[24.938837,60.166494],[24.939003,60.166516],[24.940121,60.166903]]},"properties":{"c":"service","n":"","r":8}},{"type":"Feature","geometry":{"type":"LineString","coordinates":[[24.939886,60.168076],[24.940059,60.168139],[24.940091,60.168116],[24.940107,60.168116],[24.94011,60.168114],[24.940252,60.168164],[24.940314,60.16812],[24.940532,60.168198],[24.940574,60.168212],[24.940633,60.168232],[24.940662,60.168213],[24.940711,60.168179],[24.940627,60.168137],[24.940604,60.16811],[24.940539,60.168113],[24.939925,60.167903],[24.939385,60.167718],[24.939376,60.167715],[24.939347,60.167704],[24.939325,60.167697],[24.939315,60.167707],[24.939296,60.167755],[24.939248,60.167789],[24.939219,60.167809],[24.939233,60.167814],[24.939248,60.167818],[24.93986,60.168039],[24.939912,60.168058],[24.939886,60.168076]]},"properties":{"c":"pedestrian","n":"","r":8}},{"type":"Feature","geometry":{"type":"LineString","coordinates":[[24.940986,60.167227],[24.940925,60.167269],[24.940914,60.167277]]},"properties":{"c":"service","n":"","r":8}},{"type":"Feature","geometry":{"type":"LineString","coordinates":[[24.940429,60.164349],[24.94037,60.164393],[24.94032,60.16443]]},"properties":{"c":"residential","n":"Annankatu","r":6}},{"type":"Feature","geometry":{"type":"LineString","coordinates":[[24.935247,60.166369],[24.936753,60.166887],[24.936843,60.166917],[24.936948,60.166954],[24.937607,60.16718]]},"properties":{"c":"residential","n":"Kalevankatu","r":6}},{"type":"Feature","geometry":{"type":"LineString","coordinates":[[24.936079,60.167471],[24.936199,60.167512],[24.936788,60.167716]]},"properties":{"c":"residential","n":"Eerikinkatu","r":6}},{"type":"Feature","geometry":{"type":"LineString","coordinates":[[24.942916,60.170876],[24.943158,60.170775]]},"properties":{"c":"service","n":"","r":8}},{"type":"Feature","geometry":{"type":"LineString","coordinates":[[24.942814,60.17187],[24.942732,60.17186],[24.942641,60.171837],[24.942631,60.171781]]},"properties":{"c":"unclassified","n":"Vilhonkatu","r":5}},{"type":"Feature","geometry":{"type":"LineString","coordinates":[[24.94341,60.170687],[24.943448,60.170669],[24.943497,60.170648],[24.943575,60.170612],[24.943697,60.170549]]},"properties":{"c":"service","n":"","r":8}},{"type":"Feature","geometry":{"type":"LineString","coordinates":[[24.943296,60.171886],[24.943054,60.171878]]},"properties":{"c":"unclassified","n":"Vilhonkatu","r":5}},{"type":"Feature","geometry":{"type":"LineString","coordinates":[[24.938572,60.169982],[24.938295,60.169857]]},"properties":{"c":"secondary","n":"Kaivokatu","r":3}},{"type":"Feature","geometry":{"type":"LineString","coordinates":[[24.942756,60.17053],[24.942525,60.170523],[24.942381,60.170519],[24.941656,60.170504],[24.941623,60.170503],[24.94152,60.1705],[24.941401,60.170498],[24.940589,60.170478],[24.940511,60.170476],[24.9404,60.170473],[24.940193,60.170466]]},"properties":{"c":"secondary","n":"Kaivokatu","r":3}},{"type":"Feature","geometry":{"type":"LineString","coordinates":[[24.942713,60.170994],[24.942735,60.170765]]},"properties":{"c":"unclassified","n":"Rautatientori","r":5}},{"type":"Feature","geometry":{"type":"LineString","coordinates":[[24.947971,60.164187],[24.947939,60.164251],[24.94793,60.164342]]},"properties":{"c":"residential","n":"Kasarmikatu","r":6}},{"type":"Feature","geometry":{"type":"LineString","coordinates":[[24.938945,60.172244],[24.938911,60.172347],[24.938906,60.172368],[24.938817,60.172729]]},"properties":{"c":"unclassified","n":"T\u00f6\u00f6l\u00f6nlahdenkatu","r":5}},{"type":"Feature","geometry":{"type":"LineString","coordinates":[[24.94996,60.178211],[24.949945,60.17816],[24.949938,60.178084],[24.949939,60.17801]]},"properties":{"c":"secondary","n":"Siltasaarenkatu","r":3}},{"type":"Feature","geometry":{"type":"LineString","coordinates":[[24.950424,60.178207],[24.950517,60.178279],[24.950566,60.178319]]},"properties":{"c":"tertiary","n":"Siltasaarenkatu","r":4}},{"type":"Feature","geometry":{"type":"LineString","coordinates":[[24.950424,60.178207],[24.950893,60.178218],[24.950964,60.178219]]},"properties":{"c":"secondary","n":"Hakaniemenranta","r":3}},{"type":"Feature","geometry":{"type":"LineString","coordinates":[[24.952246,60.178364],[24.952012,60.178358],[24.951794,60.178354]]},"properties":{"c":"secondary","n":"Hakaniemenranta","r":3}},{"type":"Feature","geometry":{"type":"LineString","coordinates":[[24.950566,60.178319],[24.950263,60.178299],[24.950153,60.178287]]},"properties":{"c":"secondary","n":"Hakaniemenranta","r":3}},{"type":"Feature","geometry":{"type":"LineString","coordinates":[[24.94278,60.170346],[24.943018,60.170361],[24.943429,60.170373],[24.943874,60.170381],[24.94418,60.17039]]},"properties":{"c":"secondary","n":"Kaivokatu","r":3}},{"type":"Feature","geometry":{"type":"LineString","coordinates":[[24.943697,60.170549],[24.943948,60.170438],[24.943992,60.170426],[24.944046,60.170413],[24.94418,60.17039]]},"properties":{"c":"service","n":"","r":8}},{"type":"Feature","geometry":{"type":"LineString","coordinates":[[24.943697,60.170549],[24.943177,60.170538],[24.943002,60.170535],[24.942756,60.17053]]},"properties":{"c":"secondary","n":"Kaivokatu","r":3}},{"type":"Feature","geometry":{"type":"LineString","coordinates":[[24.939588,60.170361],[24.939458,60.170309],[24.938873,60.170088]]},"properties":{"c":"secondary","n":"Kaivokatu","r":3}},{"type":"Feature","geometry":{"type":"LineString","coordinates":[[24.937308,60.170826],[24.937632,60.17085],[24.938443,60.170901]]},"properties":{"c":"secondary","n":"Postikatu","r":3}},{"type":"Feature","geometry":{"type":"LineString","coordinates":[[24.938572,60.169982],[24.938475,60.170048],[24.938379,60.170113],[24.938272,60.170186]]},"properties":{"c":"primary","n":"Mannerheimintie","r":2}},{"type":"Feature","geometry":{"type":"LineString","coordinates":[[24.938739,60.169875],[24.93891,60.169944]]},"properties":{"c":"secondary","n":"Kaivokatu","r":3}},{"type":"Feature","geometry":{"type":"LineString","coordinates":[[24.935943,60.17121],[24.935762,60.17116],[24.935611,60.171151]]},"properties":{"c":"secondary","n":"Arkadiankatu","r":3}},{"type":"Feature","geometry":{"type":"LineString","coordinates":[[24.942184,60.167576],[24.942123,60.167562]]},"properties":{"c":"primary","n":"Pohjoisesplanadi","r":2}},{"type":"Feature","geometry":{"type":"LineString","coordinates":[[24.942987,60.167046],[24.942851,60.167136],[24.942365,60.167459],[24.94231,60.167492],[24.942184,60.167576]]},"properties":{"c":"primary","n":"Mannerheimintie","r":2}},{"type":"Feature","geometry":{"type":"LineString","coordinates":[[24.937189,60.169464],[24.936287,60.169135],[24.936198,60.169103],[24.936061,60.169058],[24.935924,60.169009]]},"properties":{"c":"tertiary","n":"Simonkatu","r":4}},{"type":"Feature","geometry":{"type":"LineString","coordinates":[[24.952535,60.164851],[24.952788,60.164877]]},"properties":{"c":"secondary","n":"Etel\u00e4inen Makasiinikatu","r":3}},{"type":"Feature","geometry":{"type":"LineString","coordinates":[[24.952788,60.164877],[24.952775,60.164994],[24.952754,60.165222],[24.952734,60.165321],[24.952647,60.16551],[24.952593,60.165619],[24.952574,60.165675],[24.95256,60.165727],[24.952554,60.165793],[24.952551,60.165816]]},"properties":{"c":"secondary","n":"Etel\u00e4ranta","r":3}},{"type":"Feature","geometry":{"type":"LineString","coordinates":[[24.950293,60.175819],[24.950467,60.175826],[24.950593,60.175828]]},"properties":{"c":"unclassified","n":"Siltavuorenranta","r":5}},{"type":"Feature","geometry":{"type":"LineString","coordinates":[[24.950293,60.175819],[24.950284,60.175909],[24.950269,60.176054],[24.950262,60.176124]]},"properties":{"c":"secondary","n":"Unioninkatu","r":3}},{"type":"Feature","geometry":{"type":"LineString","coordinates":[[24.950142,60.175808],[24.95014,60.175712],[24.950144,60.175675],[24.950253,60.174598],[24.950252,60.174536],[24.950243,60.174493],[24.950211,60.174444],[24.95015,60.174381],[24.950095,60.174312]]},"properties":{"c":"secondary","n":"Unioninkatu","r":3}},{"type":"Feature","geometry":{"type":"LineString","coordinates":[[24.950153,60.178287],[24.950258,60.178251],[24.950326,60.178231],[24.950424,60.178207]]},"properties":{"c":"tertiary_link","n":"Hakaniemenranta","r":8}},{"type":"Feature","geometry":{"type":"LineString","coordinates":[[24.950153,60.178287],[24.950063,60.178263],[24.94996,60.178211]]},"properties":{"c":"secondary","n":"Hakaniemenranta","r":3}},{"type":"Feature","geometry":{"type":"LineString","coordinates":[[24.952246,60.178364],[24.952248,60.178253]]},"properties":{"c":"unclassified","n":"Hakaniemen torikatu","r":5}},{"type":"Feature","geometry":{"type":"LineString","coordinates":[[24.937201,60.172011],[24.937374,60.172022],[24.938021,60.172064]]},"properties":{"c":"unclassified","n":"Postikuja","r":5}},{"type":"Feature","geometry":{"type":"LineString","coordinates":[[24.938021,60.172064],[24.938588,60.1721]]},"properties":{"c":"unclassified","n":"Postikuja","r":5}},{"type":"Feature","geometry":{"type":"LineString","coordinates":[[24.939411,60.171046],[24.939883,60.171056],[24.939915,60.171051],[24.939937,60.171045],[24.939959,60.171036],[24.939978,60.171025],[24.93999,60.171016],[24.939996,60.171004],[24.94003,60.170676],[24.940026,60.170662],[24.940016,60.17065],[24.939999,60.170639],[24.939979,60.170631],[24.939957,60.170623],[24.939933,60.170619],[24.939905,60.170616],[24.939626,60.170607],[24.939603,60.170599],[24.939574,60.170645],[24.939553,60.170686],[24.939595,60.170684],[24.939662,60.170686],[24.939728,60.170687],[24.939744,60.170686],[24.939721,60.170981],[24.939524,60.170977],[24.939489,60.171007],[24.939456,60.171026],[24.939411,60.171046]]},"properties":{"c":"service","n":"","r":8}},{"type":"Feature","geometry":{"type":"LineString","coordinates":[[24.938982,60.172125],[24.939,60.172064]]},"properties":{"c":"service","n":"Elielinaukio","r":8}},{"type":"Feature","geometry":{"type":"LineString","coordinates":[[24.93663,60.170885],[24.936872,60.170755],[24.936946,60.170724],[24.937049,60.170666],[24.93728,60.170518]]},"properties":{"c":"primary","n":"Mannerheimintie","r":2}},{"type":"Feature","geometry":{"type":"LineString","coordinates":[[24.937194,60.170901],[24.937009,60.171027],[24.936825,60.17112],[24.936567,60.171227]]},"properties":{"c":"primary","n":"Mannerheimintie","r":2}},{"type":"Feature","geometry":{"type":"LineString","coordinates":[[24.939918,60.170274],[24.940093,60.170279],[24.940155,60.17028],[24.940229,60.170282],[24.940412,60.170287],[24.941383,60.17031],[24.941539,60.170314],[24.942395,60.170335],[24.942542,60.170339],[24.94278,60.170346]]},"properties":{"c":"secondary","n":"Kaivokatu","r":3}},{"type":"Feature","geometry":{"type":"LineString","coordinates":[[24.950411,60.174106],[24.950416,60.174137],[24.950454,60.174306]]},"properties":{"c":"secondary","n":"Unioninkatu","r":3}},{"type":"Feature","geometry":{"type":"LineString","coordinates":[[24.953208,60.174095],[24.953076,60.174092]]},"properties":{"c":"tertiary","n":"Liisankatu","r":4}},{"type":"Feature","geometry":{"type":"LineString","coordinates":[[24.953076,60.174092],[24.953063,60.174152],[24.953062,60.174171]]},"properties":{"c":"residential","n":"Snellmaninkatu","r":6}},{"type":"Feature","geometry":{"type":"LineString","coordinates":[[24.952248,60.178253],[24.95246,60.178258],[24.952945,60.178272]]},"properties":{"c":"secondary","n":"Hakaniemenranta","r":3}},{"type":"Feature","geometry":{"type":"LineString","coordinates":[[24.943871,60.166691],[24.943923,60.166708],[24.944104,60.166774]]},"properties":{"c":"primary","n":"Etel\u00e4esplanadi","r":2}},{"type":"Feature","geometry":{"type":"LineString","coordinates":[[24.94278,60.165148],[24.942863,60.165089],[24.942892,60.165068]]},"properties":{"c":"residential","n":"Yrj\u00f6nkatu","r":6}},{"type":"Feature","geometry":{"type":"LineString","coordinates":[[24.941823,60.167507],[24.942014,60.167381],[24.942062,60.167352]]},"properties":{"c":"primary","n":"Mannerheimintie","r":2}},{"type":"Feature","geometry":{"type":"LineString","coordinates":[[24.942692,60.166948],[24.942994,60.166745]]},"properties":{"c":"primary","n":"Mannerheimintie","r":2}},{"type":"Feature","geometry":{"type":"LineString","coordinates":[[24.938421,60.170968],[24.937765,60.170919],[24.937617,60.17091],[24.937485,60.170903],[24.937331,60.170898],[24.937194,60.170901]]},"properties":{"c":"secondary","n":"Postikatu","r":3}},{"type":"Feature","geometry":{"type":"LineString","coordinates":[[24.938443,60.170901],[24.93889,60.170929],[24.938988,60.170936],[24.939128,60.170942],[24.939208,60.170935],[24.939252,60.170922]]},"properties":{"c":"secondary","n":"Postikatu","r":3}},{"type":"Feature","geometry":{"type":"LineString","coordinates":[[24.937024,60.164325],[24.936934,60.164383],[24.93583,60.165175]]},"properties":{"c":"tertiary","n":"Fredrikinkatu","r":4}},{"type":"Feature","geometry":{"type":"LineString","coordinates":[[24.944104,60.166774],[24.944506,60.166917],[24.944836,60.167035],[24.94498,60.167072]]},"properties":{"c":"primary","n":"Etel\u00e4esplanadi","r":2}},{"type":"Feature","geometry":{"type":"LineString","coordinates":[[24.945196,60.172027],[24.945114,60.172022],[24.945025,60.172015],[24.944946,60.172005]]},"properties":{"c":"secondary","n":"Vilhonkatu","r":3}},{"type":"Feature","geometry":{"type":"LineString","coordinates":[[24.943265,60.170681],[24.94325,60.170673],[24.942812,60.170879],[24.94283,60.170886],[24.942817,60.170891],[24.94281,60.170893],[24.942803,60.170893],[24.942796,60.170892],[24.94279,60.17089],[24.942788,60.170886],[24.942812,60.170632],[24.942815,60.170608],[24.942995,60.170613],[24.943145,60.170617],[24.943234,60.170624],[24.943355,60.170661],[24.943278,60.170673],[24.943265,60.170681]]},"properties":{"c":"pedestrian","n":"","r":8}},{"type":"Feature","geometry":{"type":"LineString","coordinates":[[24.941987,60.17711],[24.941852,60.177167],[24.941807,60.177196],[24.94136,60.17738]]},"properties":{"c":"service","n":"","r":8}},{"type":"Feature","geometry":{"type":"LineString","coordinates":[[24.953227,60.172761],[24.953099,60.172758],[24.952694,60.172742],[24.952632,60.172719]]},"properties":{"c":"service","n":"","r":8}},{"type":"Feature","geometry":{"type":"LineString","coordinates":[[24.937024,60.164325],[24.937191,60.164381],[24.937229,60.164394]]},"properties":{"c":"tertiary","n":"Bulevardi","r":4}},{"type":"Feature","geometry":{"type":"LineString","coordinates":[[24.941678,60.165949],[24.941822,60.165999],[24.941934,60.166037]]},"properties":{"c":"tertiary","n":"Bulevardi","r":4}},{"type":"Feature","geometry":{"type":"LineString","coordinates":[[24.950055,60.176878],[24.949911,60.176872],[24.949846,60.176871],[24.949527,60.176861]]},"properties":{"c":"unclassified","n":"Pitk\u00e4nsillanranta","r":5}},{"type":"Feature","geometry":{"type":"LineString","coordinates":[[24.95037,60.175155],[24.950327,60.175518],[24.950311,60.175635],[24.9503,60.175715],[24.950293,60.175819]]},"properties":{"c":"secondary","n":"Unioninkatu","r":3}},{"type":"Feature","geometry":{"type":"LineString","coordinates":[[24.945497,60.1654],[24.945601,60.165379],[24.945665,60.165011],[24.945854,60.165017],[24.945874,60.165018],[24.945974,60.165018]]},"properties":{"c":"service","n":"","r":8}},{"type":"Feature","geometry":{"type":"LineString","coordinates":[[24.952906,60.164446],[24.952689,60.164444]]},"properties":{"c":"service","n":"","r":8}},{"type":"Feature","geometry":{"type":"LineString","coordinates":[[24.949348,60.173142],[24.949402,60.173124],[24.949578,60.173104],[24.950349,60.173125],[24.950375,60.173126],[24.950401,60.173127],[24.950522,60.173126]]},"properties":{"c":"pedestrian","n":"Yrj\u00f6-Koskisen katu","r":8}},{"type":"Feature","geometry":{"type":"LineString","coordinates":[[24.951068,60.170352],[24.951055,60.170483],[24.950975,60.170481],[24.950951,60.170709],[24.951222,60.170716],[24.951233,60.170608],[24.951333,60.17061],[24.951412,60.170612],[24.951414,60.170594],[24.951439,60.17036],[24.95146,60.170142],[24.951315,60.170139],[24.951315,60.170124],[24.951316,60.17011],[24.951465,60.170113],[24.951472,60.170065],[24.951477,60.170009],[24.951208,60.170003],[24.951207,60.170009],[24.951033,60.170004],[24.951003,60.170221],[24.951081,60.170223],[24.951068,60.170352]]},"properties":{"c":"pedestrian","n":"","r":8}},{"type":"Feature","geometry":{"type":"LineString","coordinates":[[24.942348,60.172713],[24.942365,60.172578],[24.942369,60.172542],[24.942333,60.172495],[24.942358,60.172286],[24.942887,60.1723],[24.942841,60.172592],[24.94282,60.17273],[24.942348,60.172713]]},"properties":{"c":"service","n":"","r":8}},{"type":"Feature","geometry":{"type":"LineString","coordinates":[[24.936048,60.171439],[24.935953,60.171489],[24.935843,60.171568],[24.935731,60.171666],[24.935207,60.172214]]},"properties":{"c":"primary","n":"Mannerheimintie","r":2}},{"type":"Feature","geometry":{"type":"LineString","coordinates":[[24.93961,60.170507],[24.939569,60.170533],[24.939539,60.170562],[24.939517,60.170606],[24.939501,60.170641],[24.939474,60.170725],[24.939456,60.170896],[24.939443,60.17094],[24.939383,60.170995]]},"properties":{"c":"secondary","n":"Asema-aukio","r":3}},{"type":"Feature","geometry":{"type":"LineString","coordinates":[[24.939448,60.170449],[24.939521,60.170394],[24.939588,60.170361]]},"properties":{"c":"secondary","n":"Asema-aukio","r":3}},{"type":"Feature","geometry":{"type":"LineString","coordinates":[[24.938859,60.169979],[24.939513,60.170231],[24.93956,60.170247],[24.939651,60.170265],[24.939839,60.170271]]},"properties":{"c":"service","n":"","r":8}},{"type":"Feature","geometry":{"type":"LineString","coordinates":[[24.93891,60.169944],[24.939486,60.170163],[24.939615,60.170214],[24.939702,60.17024],[24.939839,60.170271]]},"properties":{"c":"secondary","n":"Kaivokatu","r":3}},{"type":"Feature","geometry":{"type":"LineString","coordinates":[[24.938758,60.170049],[24.938572,60.169982]]},"properties":{"c":"secondary","n":"Kaivokatu","r":3}},{"type":"Feature","geometry":{"type":"LineString","coordinates":[[24.938142,60.169806],[24.937465,60.169569],[24.937347,60.169528],[24.937189,60.169464]]},"properties":{"c":"tertiary","n":"Simonkatu","r":4}},{"type":"Feature","geometry":{"type":"LineString","coordinates":[[24.938238,60.169744],[24.938295,60.169764],[24.938392,60.169796]]},"properties":{"c":"tertiary","n":"Simonkatu","r":4}},{"type":"Feature","geometry":{"type":"LineString","coordinates":[[24.94577,60.167049],[24.945773,60.167011]]},"properties":{"c":"residential","n":"Korkeavuorenkatu","r":6}},{"type":"Feature","geometry":{"type":"LineString","coordinates":[[24.948135,60.172233],[24.94851,60.172565],[24.948541,60.172594]]},"properties":{"c":"secondary","n":"Kaisaniemenkatu","r":3}},{"type":"Feature","geometry":{"type":"LineString","coordinates":[[24.947969,60.172277],[24.947876,60.172209],[24.947811,60.172172],[24.947698,60.172122]]},"properties":{"c":"secondary","n":"Kaisaniemenkatu","r":3}},{"type":"Feature","geometry":{"type":"LineString","coordinates":[[24.948857,60.173122],[24.948747,60.172986],[24.94858,60.172816],[24.948508,60.172754],[24.948411,60.172667]]},"properties":{"c":"secondary","n":"Kaisaniemenkatu","r":3}},{"type":"Feature","geometry":{"type":"LineString","coordinates":[[24.953064,60.166619],[24.953143,60.166621]]},"properties":{"c":"service","n":"","r":8}},{"type":"Feature","geometry":{"type":"LineString","coordinates":[[24.952911,60.16562],[24.952971,60.16535]]},"properties":{"c":"service","n":"","r":8}},{"type":"Feature","geometry":{"type":"LineString","coordinates":[[24.940979,60.168391],[24.940839,60.16838],[24.940693,60.168329],[24.940652,60.168309]]},"properties":{"c":"service","n":"","r":8}},{"type":"Feature","geometry":{"type":"LineString","coordinates":[[24.940121,60.166903],[24.940166,60.166952],[24.940182,60.16699],[24.940165,60.167056],[24.940128,60.167097],[24.94005,60.167158],[24.939576,60.167507],[24.939471,60.167674],[24.939528,60.167806],[24.939619,60.167887],[24.940795,60.168295]]},"properties":{"c":"service","n":"","r":8}},{"type":"Feature","geometry":{"type":"LineString","coordinates":[[24.950415,60.174731],[24.95037,60.175155]]},"properties":{"c":"secondary","n":"Unioninkatu","r":3}},{"type":"Feature","geometry":{"type":"LineString","coordinates":[[24.948667,60.172708],[24.94877,60.172797],[24.949073,60.17306],[24.949197,60.173136],[24.949246,60.173176],[24.949342,60.17325],[24.949753,60.173609],[24.949845,60.173689],[24.949884,60.173714],[24.949963,60.173751],[24.950047,60.173797],[24.950126,60.173839],[24.950188,60.173873],[24.950243,60.173904]]},"properties":{"c":"secondary","n":"Kaisaniemenkatu","r":3}},{"type":"Feature","geometry":{"type":"LineString","coordinates":[[24.942675,60.171321],[24.94269,60.171177],[24.942705,60.171031]]},"properties":{"c":"unclassified","n":"Rautatientori","r":5}},{"type":"Feature","geometry":{"type":"LineString","coordinates":[[24.942881,60.17123],[24.942886,60.171182],[24.94289,60.171143]]},"properties":{"c":"service","n":"","r":8}},{"type":"Feature","geometry":{"type":"LineString","coordinates":[[24.943121,60.171236],[24.943126,60.171188],[24.94313,60.171149]]},"properties":{"c":"service","n":"","r":8}},{"type":"Feature","geometry":{"type":"LineString","coordinates":[[24.943352,60.171242],[24.943357,60.171194],[24.943361,60.171155]]},"properties":{"c":"service","n":"","r":8}},{"type":"Feature","geometry":{"type":"LineString","coordinates":[[24.943307,60.171674],[24.943341,60.171352]]},"properties":{"c":"service","n":"","r":8}},{"type":"Feature","geometry":{"type":"LineString","coordinates":[[24.943076,60.171668],[24.943109,60.171349]]},"properties":{"c":"service","n":"","r":8}},{"type":"Feature","geometry":{"type":"LineString","coordinates":[[24.942836,60.171661],[24.942869,60.171347]]},"properties":{"c":"service","n":"","r":8}},{"type":"Feature","geometry":{"type":"LineString","coordinates":[[24.94339,60.170879],[24.94341,60.170687]]},"properties":{"c":"service","n":"","r":8}},{"type":"Feature","geometry":{"type":"LineString","coordinates":[[24.943147,60.170985],[24.943158,60.170775]]},"properties":{"c":"service","n":"","r":8}},{"type":"Feature","geometry":{"type":"LineString","coordinates":[[24.942895,60.171092],[24.942916,60.170876]]},"properties":{"c":"service","n":"","r":8}},{"type":"Feature","geometry":{"type":"LineString","coordinates":[[24.942705,60.171031],[24.942713,60.170994]]},"properties":{"c":"unclassified","n":"Rautatientori","r":5}},{"type":"Feature","geometry":{"type":"LineString","coordinates":[[24.942735,60.170765],[24.942745,60.170654],[24.942747,60.170631],[24.942753,60.170594],[24.942756,60.17053]]},"properties":{"c":"unclassified","n":"Rautatientori","r":5}},{"type":"Feature","geometry":{"type":"LineString","coordinates":[[24.952206,60.179028],[24.952227,60.178685],[24.952238,60.178489],[24.952239,60.178472],[24.952246,60.178364]]},"properties":{"c":"unclassified","n":"Hakaniemen torikatu","r":5}},{"type":"Feature","geometry":{"type":"LineString","coordinates":[[24.950811,60.175531],[24.950959,60.175536],[24.951014,60.175539],[24.951099,60.175542]]},"properties":{"c":"unclassified","n":"Siltavuorenpenger","r":5}},{"type":"Feature","geometry":{"type":"LineString","coordinates":[[24.951099,60.175542],[24.951382,60.175552]]},"properties":{"c":"unclassified","n":"Siltavuorenpenger","r":5}},{"type":"Feature","geometry":{"type":"LineString","coordinates":[[24.952123,60.175066],[24.952025,60.175052]]},"properties":{"c":"service","n":"","r":8}},{"type":"Feature","geometry":{"type":"LineString","coordinates":[[24.952269,60.175069],[24.95225,60.175415],[24.95224,60.175568]]},"properties":{"c":"service","n":"","r":8}},{"type":"Feature","geometry":{"type":"LineString","coordinates":[[24.95225,60.175415],[24.952822,60.175426],[24.952964,60.175399]]},"properties":{"c":"service","n":"","r":8}},{"type":"Feature","geometry":{"type":"LineString","coordinates":[[24.953004,60.174652],[24.952872,60.174647],[24.952287,60.174635]]},"properties":{"c":"service","n":"","r":8}},{"type":"Feature","geometry":{"type":"LineString","coordinates":[[24.952951,60.176465],[24.953021,60.176414],[24.953277,60.176212],[24.951729,60.175693],[24.951474,60.17589]]},"properties":{"c":"service","n":"","r":8}},{"type":"Feature","geometry":{"type":"LineString","coordinates":[[24.95044,60.174427],[24.950598,60.17443],[24.950698,60.174423]]},"properties":{"c":"service","n":"","r":8}},{"type":"Feature","geometry":{"type":"LineString","coordinates":[[24.953114,60.173784],[24.95299,60.173781],[24.952972,60.173779],[24.952663,60.173759]]},"properties":{"c":"service","n":"","r":8}},{"type":"Feature","geometry":{"type":"LineString","coordinates":[[24.950372,60.174019],[24.950411,60.174106]]},"properties":{"c":"secondary","n":"Unioninkatu","r":3}},{"type":"Feature","geometry":{"type":"LineString","coordinates":[[24.947215,60.172088],[24.945476,60.172035]]},"properties":{"c":"secondary","n":"Vilhonkatu","r":3}},{"type":"Feature","geometry":{"type":"LineString","coordinates":[[24.951718,60.175082],[24.951842,60.175085],[24.951964,60.175089],[24.952021,60.175088],[24.952025,60.175052],[24.952028,60.175016],[24.951962,60.175011],[24.951748,60.175008],[24.951748,60.174997],[24.951515,60.174992],[24.951501,60.175136],[24.951593,60.175134],[24.951718,60.175082]]},"properties":{"c":"service","n":"","r":8}},{"type":"Feature","geometry":{"type":"LineString","coordinates":[[24.953341,60.175098],[24.953338,60.175132],[24.953328,60.17524],[24.95332,60.175327],[24.953319,60.175341],[24.953318,60.175356],[24.95335,60.175356]]},"properties":{"c":"service","n":"","r":8}},{"type":"Feature","geometry":{"type":"LineString","coordinates":[[24.949511,60.167214],[24.949639,60.167214],[24.950437,60.167237]]},"properties":{"c":"primary","n":"Etel\u00e4esplanadi","r":2}},{"type":"Feature","geometry":{"type":"LineString","coordinates":[[24.952005,60.167293],[24.952074,60.167294],[24.952201,60.1673],[24.952273,60.16731],[24.952348,60.167337],[24.952391,60.167363],[24.95242,60.167396]]},"properties":{"c":"primary","n":"Etel\u00e4esplanadi","r":2}},{"type":"Feature","geometry":{"type":"LineString","coordinates":[[24.947216,60.171317],[24.947324,60.171364],[24.94743,60.171428],[24.947485,60.171482],[24.947523,60.17153],[24.947629,60.171716],[24.947798,60.17193],[24.947869,60.172],[24.947911,60.172041]]},"properties":{"c":"secondary","n":"Kaisaniemenkatu","r":3}},{"type":"Feature","geometry":{"type":"LineString","coordinates":[[24.938485,60.172906],[24.938566,60.172908],[24.938667,60.172911],[24.938835,60.172917]]},"properties":{"c":"service","n":"Eero Erkon katu","r":8}},{"type":"Feature","geometry":{"type":"LineString","coordinates":[[24.936768,60.166974],[24.936147,60.16742],[24.936079,60.167471],[24.936002,60.167524],[24.935958,60.167556]]},"properties":{"c":"residential","n":"Annankatu","r":6}},{"type":"Feature","geometry":{"type":"LineString","coordinates":[[24.936079,60.167471],[24.93597,60.167438]]},"properties":{"c":"residential","n":"Eerikinkatu","r":6}},{"type":"Feature","geometry":{"type":"LineString","coordinates":[[24.936241,60.168931],[24.936154,60.168989]]},"properties":{"c":"residential","n":"Yrj\u00f6nkatu","r":6}},{"type":"Feature","geometry":{"type":"LineString","coordinates":[[24.940184,60.167016],[24.940248,60.166968],[24.940311,60.166921]]},"properties":{"c":"residential","n":"Yrj\u00f6nkatu","r":6}},{"type":"Feature","geometry":{"type":"LineString","coordinates":[[24.940311,60.166921],[24.940457,60.166812]]},"properties":{"c":"residential","n":"Yrj\u00f6nkatu","r":6}},{"type":"Feature","geometry":{"type":"LineString","coordinates":[[24.936896,60.166877],[24.936843,60.166917],[24.936768,60.166974]]},"properties":{"c":"residential","n":"Annankatu","r":6}},{"type":"Feature","geometry":{"type":"LineString","coordinates":[[24.937973,60.166112],[24.937906,60.16616],[24.937838,60.16621]]},"properties":{"c":"residential","n":"Annankatu","r":6}},{"type":"Feature","geometry":{"type":"LineString","coordinates":[[24.937838,60.16621],[24.937817,60.166225]]},"properties":{"c":"residential","n":"Annankatu","r":6}},{"type":"Feature","geometry":{"type":"LineString","coordinates":[[24.935654,60.165302],[24.935584,60.165351],[24.935509,60.165403],[24.935483,60.165422]]},"properties":{"c":"tertiary","n":"Fredrikinkatu","r":4}},{"type":"Feature","geometry":{"type":"LineString","coordinates":[[24.942911,60.165191],[24.94278,60.165148]]},"properties":{"c":"primary","n":"Uudenmaankatu","r":2}},{"type":"Feature","geometry":{"type":"LineString","coordinates":[[24.942664,60.165124],[24.94278,60.165148]]},"properties":{"c":"primary","n":"Uudenmaankatu","r":2}},{"type":"Feature","geometry":{"type":"LineString","coordinates":[[24.945903,60.165686],[24.945951,60.165189]]},"properties":{"c":"residential","n":"Korkeavuorenkatu","r":6}},{"type":"Feature","geometry":{"type":"LineString","coordinates":[[24.949933,60.164783],[24.949787,60.164783],[24.949617,60.164783],[24.949488,60.16478]]},"properties":{"c":"residential","n":"Etel\u00e4inen Makasiinikatu","r":6}},{"type":"Feature","geometry":{"type":"LineString","coordinates":[[24.949793,60.164726],[24.949798,60.164676]]},"properties":{"c":"residential","n":"Fabianinkatu","r":6}},{"type":"Feature","geometry":{"type":"LineString","coordinates":[[24.949328,60.168989],[24.949435,60.168991],[24.950754,60.169022],[24.95102,60.169028]]},"properties":{"c":"service","n":"Aleksanterinkatu","r":8}},{"type":"Feature","geometry":{"type":"LineString","coordinates":[[24.94932,60.169066],[24.949325,60.169018],[24.949328,60.168989],[24.949331,60.168956],[24.94934,60.168911]]},"properties":{"c":"residential","n":"Fabianinkatu","r":6}},{"type":"Feature","geometry":{"type":"LineString","coordinates":[[24.94934,60.168911],[24.949356,60.168773]]},"properties":{"c":"residential","n":"Fabianinkatu","r":6}},{"type":"Feature","geometry":{"type":"LineString","coordinates":[[24.949127,60.169876],[24.949244,60.169878],[24.949401,60.169882],[24.949451,60.169883]]},"properties":{"c":"unclassified","n":"Yliopistonkatu","r":5}},{"type":"Feature","geometry":{"type":"LineString","coordinates":[[24.949237,60.169938],[24.949244,60.169878],[24.949245,60.169826]]},"properties":{"c":"residential","n":"Fabianinkatu","r":6}},{"type":"Feature","geometry":{"type":"LineString","coordinates":[[24.949245,60.169826],[24.949252,60.169758]]},"properties":{"c":"residential","n":"Fabianinkatu","r":6}},{"type":"Feature","geometry":{"type":"LineString","coordinates":[[24.949151,60.170717],[24.949145,60.170774]]},"properties":{"c":"residential","n":"Fabianinkatu","r":6}},{"type":"Feature","geometry":{"type":"LineString","coordinates":[[24.948782,60.172674],[24.948667,60.172708]]},"properties":{"c":"residential","n":"Fabianinkatu","r":6}},{"type":"Feature","geometry":{"type":"LineString","coordinates":[[24.948838,60.172721],[24.948788,60.172751],[24.94877,60.172797]]},"properties":{"c":"service","n":"","r":8}},{"type":"Feature","geometry":{"type":"LineString","coordinates":[[24.950834,60.171486],[24.951258,60.171497],[24.951875,60.171512]]},"properties":{"c":"unclassified","n":"Rauhankatu","r":5}},{"type":"Feature","geometry":{"type":"LineString","coordinates":[[24.953238,60.171552],[24.953369,60.171556]]},"properties":{"c":"unclassified","n":"Rauhankatu","r":5}},{"type":"Feature","geometry":{"type":"LineString","coordinates":[[24.953323,60.170838],[24.95137,60.170783]]},"properties":{"c":"residential","n":"Kirkkokatu","r":6}},{"type":"Feature","geometry":{"type":"LineString","coordinates":[[24.950921,60.17077],[24.95079,60.170766]]},"properties":{"c":"residential","n":"Kirkkokatu","r":6}},{"type":"Feature","geometry":{"type":"LineString","coordinates":[[24.95066,60.170763],[24.95079,60.170766]]},"properties":{"c":"unclassified","n":"Kirkkokatu","r":5}},{"type":"Feature","geometry":{"type":"LineString","coordinates":[[24.947646,60.170225],[24.947609,60.170146],[24.947634,60.169889],[24.947638,60.169835]]},"properties":{"c":"unclassified","n":"Vuorikatu","r":5}},{"type":"Feature","geometry":{"type":"LineString","coordinates":[[24.945147,60.170529],[24.945043,60.170588]]},"properties":{"c":"unclassified","n":"Mikonkatu","r":5}},{"type":"Feature","geometry":{"type":"LineString","coordinates":[[24.947435,60.172166],[24.947445,60.172094]]},"properties":{"c":"residential","n":"Vuorikatu","r":6}},{"type":"Feature","geometry":{"type":"LineString","coordinates":[[24.945045,60.171834],[24.945086,60.171857],[24.945131,60.171907],[24.945196,60.172027]]},"properties":{"c":"service","n":"","r":8}},{"type":"Feature","geometry":{"type":"LineString","coordinates":[[24.94693,60.177769],[24.946948,60.177578]]},"properties":{"c":"unclassified","n":"Saariniemenkatu","r":5}},{"type":"Feature","geometry":{"type":"LineString","coordinates":[[24.947412,60.177384],[24.947156,60.17743]]},"properties":{"c":"unclassified","n":"Pitk\u00e4nsillanranta","r":5}},{"type":"Feature","geometry":{"type":"LineString","coordinates":[[24.948786,60.17714],[24.948572,60.177179],[24.947412,60.177384]]},"properties":{"c":"unclassified","n":"Pitk\u00e4nsillanranta","r":5}},{"type":"Feature","geometry":{"type":"LineString","coordinates":[[24.942184,60.167576],[24.942041,60.167672],[24.941956,60.167726]]},"properties":{"c":"primary","n":"Mannerheimintie","r":2}},{"type":"Feature","geometry":{"type":"LineString","coordinates":[[24.942304,60.167591],[24.942184,60.167576]]},"properties":{"c":"primary","n":"Pohjoisesplanadi","r":2}},{"type":"Feature","geometry":{"type":"LineString","coordinates":[[24.94166,60.167458],[24.941535,60.167415]]},"properties":{"c":"primary","n":"L\u00f6nnrotinkatu","r":2}},{"type":"Feature","geometry":{"type":"LineString","coordinates":[[24.942123,60.167562],[24.941823,60.167507]]},"properties":{"c":"primary","n":"Pohjoisesplanadi","r":2}},{"type":"Feature","geometry":{"type":"LineString","coordinates":[[24.945673,60.167725],[24.945668,60.167668]]},"properties":{"c":"unclassified","n":"Korkeavuorenkatu","r":5}},{"type":"Feature","geometry":{"type":"LineString","coordinates":[[24.945716,60.16721],[24.945764,60.167115]]},"properties":{"c":"unclassified","n":"Korkeavuorenkatu","r":5}},{"type":"Feature","geometry":{"type":"LineString","coordinates":[[24.939109,60.167005],[24.939046,60.167049],[24.938696,60.166924],[24.938635,60.166902],[24.938467,60.166842],[24.93824,60.166758],[24.938172,60.166737],[24.938236,60.166693]]},"properties":{"c":"service","n":"L\u00f6nnrotin puistikko","r":8}},{"type":"Feature","geometry":{"type":"LineString","coordinates":[[24.938236,60.166693],[24.938528,60.166489],[24.938563,60.166465],[24.938579,60.166453],[24.938641,60.166412]]},"properties":{"c":"service","n":"L\u00f6nnrotin puistikko","r":8}},{"type":"Feature","geometry":{"type":"LineString","coordinates":[[24.943246,60.166657],[24.943343,60.166646],[24.943418,60.166641]]},"properties":{"c":"primary_link","n":"","r":8}},{"type":"Feature","geometry":{"type":"LineString","coordinates":[[24.952689,60.164444],[24.952676,60.164359]]},"properties":{"c":"residential","n":"Etel\u00e4ranta","r":6}},{"type":"Feature","geometry":{"type":"LineString","coordinates":[[24.951533,60.164823],[24.951551,60.164823],[24.951799,60.164828]]},"properties":{"c":"secondary","n":"Etel\u00e4inen Makasiinikatu","r":3}},{"type":"Feature","geometry":{"type":"LineString","coordinates":[[24.951459,60.165702],[24.951524,60.165703],[24.952295,60.165721]]},"properties":{"c":"residential","n":"Pohjoinen Makasiinikatu","r":6}},{"type":"Feature","geometry":{"type":"LineString","coordinates":[[24.945559,60.168818],[24.945627,60.168296],[24.945633,60.168229],[24.94567,60.167833]]},"properties":{"c":"pedestrian","n":"Mikonkatu","r":8}},{"type":"Feature","geometry":{"type":"LineString","coordinates":[[24.94567,60.167833],[24.945671,60.167788],[24.945672,60.167755]]},"properties":{"c":"pedestrian","n":"Mikonkatu","r":8}},{"type":"Feature","geometry":{"type":"LineString","coordinates":[[24.945672,60.167755],[24.945673,60.167725]]},"properties":{"c":"pedestrian","n":"Mikonkatu","r":8}},{"type":"Feature","geometry":{"type":"LineString","coordinates":[[24.947754,60.166108],[24.947645,60.166104]]},"properties":{"c":"residential","n":"Rikhardinkatu","r":6}},{"type":"Feature","geometry":{"type":"LineString","coordinates":[[24.943123,60.173872],[24.943099,60.173981],[24.943072,60.174045],[24.943026,60.174102],[24.942892,60.174219],[24.94295,60.174234],[24.943133,60.174083],[24.943172,60.17399],[24.943198,60.173874],[24.943123,60.173872]]},"properties":{"c":"service","n":"","r":8}},{"type":"Feature","geometry":{"type":"LineString","coordinates":[[24.949947,60.177902],[24.950008,60.177376]]},"properties":{"c":"secondary","n":"Siltasaarenkatu","r":3}},{"type":"Feature","geometry":{"type":"LineString","coordinates":[[24.950008,60.177376],[24.950046,60.177019]]},"properties":{"c":"secondary","n":"Siltasaarenkatu","r":3}},{"type":"Feature","geometry":{"type":"LineString","coordinates":[[24.950046,60.177019],[24.95005,60.17695],[24.950055,60.176878]]},"properties":{"c":"secondary","n":"Siltasaarenkatu","r":3}},{"type":"Feature","geometry":{"type":"LineString","coordinates":[[24.953298,60.173254],[24.953183,60.173249]]},"properties":{"c":"service","n":"","r":8}},{"type":"Feature","geometry":{"type":"LineString","coordinates":[[24.953369,60.171556],[24.953363,60.171611],[24.95336,60.171634]]},"properties":{"c":"residential","n":"Snellmaninkatu","r":6}},{"type":"Feature","geometry":{"type":"LineString","coordinates":[[24.951317,60.165698],[24.951324,60.165637],[24.951328,60.165607]]},"properties":{"c":"secondary","n":"Unioninkatu","r":3}},{"type":"Feature","geometry":{"type":"LineString","coordinates":[[24.9416,60.16796],[24.941494,60.168055],[24.94115,60.168283]]},"properties":{"c":"primary","n":"Mannerheimintie","r":2}},{"type":"Feature","geometry":{"type":"LineString","coordinates":[[24.940979,60.168391],[24.940838,60.168481],[24.940722,60.168555],[24.940705,60.168566]]},"properties":{"c":"primary","n":"Mannerheimintie","r":2}},{"type":"Feature","geometry":{"type":"LineString","coordinates":[[24.95301,60.174592],[24.953008,60.17461],[24.953004,60.174652],[24.952998,60.174684],[24.952991,60.174732],[24.952989,60.174773]]},"properties":{"c":"residential","n":"Snellmaninkatu","r":6}},{"type":"Feature","geometry":{"type":"LineString","coordinates":[[24.951875,60.171512],[24.951985,60.171515],[24.952275,60.171525]]},"properties":{"c":"unclassified","n":"Rauhankatu","r":5}},{"type":"Feature","geometry":{"type":"LineString","coordinates":[[24.952275,60.171525],[24.953238,60.171552]]},"properties":{"c":"unclassified","n":"Rauhankatu","r":5}},{"type":"Feature","geometry":{"type":"LineString","coordinates":[[24.952958,60.175085],[24.953048,60.175091],[24.953341,60.175098]]},"properties":{"c":"unclassified","n":"Siltavuorenpenger","r":5}},{"type":"Feature","geometry":{"type":"LineString","coordinates":[[24.950967,60.175863],[24.951223,60.175937],[24.951356,60.175975],[24.952084,60.176197]]},"properties":{"c":"unclassified","n":"Siltavuorenranta","r":5}},{"type":"Feature","geometry":{"type":"LineString","coordinates":[[24.94292,60.166378],[24.943012,60.16641]]},"properties":{"c":"tertiary","n":"Bulevardi","r":4}},{"type":"Feature","geometry":{"type":"LineString","coordinates":[[24.941934,60.166037],[24.942197,60.166128]]},"properties":{"c":"tertiary","n":"Bulevardi","r":4}},{"type":"Feature","geometry":{"type":"LineString","coordinates":[[24.942197,60.166128],[24.94292,60.166378]]},"properties":{"c":"tertiary","n":"Bulevardi","r":4}},{"type":"Feature","geometry":{"type":"LineString","coordinates":[[24.938891,60.164977],[24.939181,60.165078]]},"properties":{"c":"tertiary","n":"Bulevardi","r":4}},{"type":"Feature","geometry":{"type":"LineString","coordinates":[[24.939181,60.165078],[24.939258,60.165105]]},"properties":{"c":"tertiary","n":"Bulevardi","r":4}},{"type":"Feature","geometry":{"type":"LineString","coordinates":[[24.939258,60.165105],[24.939344,60.165135],[24.939492,60.165186],[24.939548,60.165206]]},"properties":{"c":"tertiary","n":"Bulevardi","r":4}},{"type":"Feature","geometry":{"type":"LineString","coordinates":[[24.938298,60.16477],[24.938624,60.164884],[24.938891,60.164977]]},"properties":{"c":"tertiary","n":"Bulevardi","r":4}},{"type":"Feature","geometry":{"type":"LineString","coordinates":[[24.937781,60.164589],[24.938102,60.164701]]},"properties":{"c":"tertiary","n":"Bulevardi","r":4}},{"type":"Feature","geometry":{"type":"LineString","coordinates":[[24.937413,60.164459],[24.937781,60.164589]]},"properties":{"c":"tertiary","n":"Bulevardi","r":4}},{"type":"Feature","geometry":{"type":"LineString","coordinates":[[24.949053,60.175808],[24.948329,60.175871],[24.94799,60.1759]]},"properties":{"c":"unclassified","n":"Kaisaniemenranta","r":5}},{"type":"Feature","geometry":{"type":"LineString","coordinates":[[24.94799,60.1759],[24.947883,60.17591],[24.947819,60.175917]]},"properties":{"c":"unclassified","n":"Kaisaniemenranta","r":5}},{"type":"Feature","geometry":{"type":"LineString","coordinates":[[24.935304,60.1664],[24.938849,60.167599],[24.940795,60.168295]]},"properties":{"c":"service","n":"","r":8}},{"type":"Feature","geometry":{"type":"LineString","coordinates":[[24.938849,60.167599],[24.939243,60.167684],[24.94043,60.168111],[24.940545,60.168177],[24.940597,60.168275]]},"properties":{"c":"service","n":"","r":8}},{"type":"Feature","geometry":{"type":"LineString","coordinates":[[24.940597,60.168275],[24.940362,60.16819],[24.939166,60.167751],[24.938849,60.167599]]},"properties":{"c":"service","n":"","r":8}},{"type":"Feature","geometry":{"type":"LineString","coordinates":[[24.93728,60.170518],[24.93795,60.170061],[24.938039,60.169996],[24.938195,60.169898],[24.938295,60.169857]]},"properties":{"c":"primary","n":"Mannerheimintie","r":2}},{"type":"Feature","geometry":{"type":"LineString","coordinates":[[24.938295,60.169857],[24.938329,60.169836],[24.938392,60.169796]]},"properties":{"c":"primary","n":"Mannerheimintie","r":2}},{"type":"Feature","geometry":{"type":"LineString","coordinates":[[24.937733,60.170552],[24.937532,60.170684],[24.937443,60.170742]]},"properties":{"c":"primary","n":"Mannerheimintie","r":2}},{"type":"Feature","geometry":{"type":"LineString","coordinates":[[24.938012,60.170363],[24.937733,60.170552]]},"properties":{"c":"primary","n":"Mannerheimintie","r":2}},{"type":"Feature","geometry":{"type":"LineString","coordinates":[[24.946326,60.175987],[24.946336,60.175997],[24.946364,60.176078]]},"properties":{"c":"service","n":"","r":8}},{"type":"Feature","geometry":{"type":"LineString","coordinates":[[24.947883,60.17591],[24.947854,60.175829],[24.947839,60.175796],[24.947801,60.175705]]},"properties":{"c":"service","n":"","r":8}},{"type":"Feature","geometry":{"type":"LineString","coordinates":[[24.945614,60.175469],[24.945614,60.175572],[24.945795,60.175572],[24.945853,60.175572],[24.945853,60.175468],[24.945854,60.17545],[24.945801,60.17545],[24.945801,60.175467],[24.945659,60.175467],[24.945659,60.175448],[24.945615,60.175448],[24.945614,60.175469]]},"properties":{"c":"pedestrian","n":"","r":8}},{"type":"Feature","geometry":{"type":"LineString","coordinates":[[24.939332,60.175067],[24.939401,60.175069],[24.939486,60.17507],[24.939585,60.175073],[24.93969,60.175075],[24.93978,60.175077],[24.939876,60.175079],[24.939981,60.175081],[24.940076,60.175083],[24.94014,60.175074],[24.940174,60.175049],[24.940181,60.175005]]},"properties":{"c":"service","n":"","r":8}},{"type":"Feature","geometry":{"type":"LineString","coordinates":[[24.950201,60.172636],[24.94998,60.17263],[24.949621,60.172621]]},"properties":{"c":"service","n":"","r":8}},{"type":"Feature","geometry":{"type":"LineString","coordinates":[[24.950582,60.172644],[24.950465,60.172643],[24.950308,60.17264],[24.950201,60.172636]]},"properties":{"c":"service","n":"","r":8}},{"type":"Feature","geometry":{"type":"LineString","coordinates":[[24.94316,60.168264],[24.943178,60.168065],[24.943193,60.167933],[24.943202,60.167846],[24.943208,60.16777],[24.943206,60.167724],[24.942816,60.167714],[24.942819,60.16776],[24.942759,60.168397],[24.942737,60.168612],[24.942723,60.168748],[24.942909,60.168753],[24.94311,60.168758],[24.943129,60.168574],[24.94316,60.168264]]},"properties":{"c":"pedestrian","n":"Keskuskatu","r":8}},{"type":"Feature","geometry":{"type":"LineString","coordinates":[[24.937485,60.170903],[24.937472,60.170952]]},"properties":{"c":"service","n":"","r":8}},{"type":"Feature","geometry":{"type":"LineString","coordinates":[[24.940044,60.171532],[24.939974,60.172178],[24.939889,60.172218],[24.939789,60.172261],[24.939217,60.172249]]},"properties":{"c":"service","n":"Elielinaukio","r":8}},{"type":"Feature","geometry":{"type":"LineString","coordinates":[[24.939179,60.171355],[24.939215,60.171308],[24.939269,60.171273],[24.93939,60.171239],[24.939805,60.171249]]},"properties":{"c":"service","n":"Elielinaukio","r":8}},{"type":"Feature","geometry":{"type":"LineString","coordinates":[[24.936154,60.168989],[24.936305,60.169031],[24.937128,60.169339],[24.937289,60.169399],[24.937454,60.169461],[24.938135,60.169705],[24.938238,60.169744]]},"properties":{"c":"tertiary","n":"Simonkatu","r":4}},{"type":"Feature","geometry":{"type":"LineString","coordinates":[[24.936154,60.168989],[24.936127,60.169008],[24.936061,60.169058]]},"properties":{"c":"residential","n":"Yrj\u00f6nkatu","r":6}},{"type":"Feature","geometry":{"type":"LineString","coordinates":[[24.936174,60.169384],[24.935663,60.169209],[24.935615,60.169164],[24.935607,60.169117],[24.935633,60.169077],[24.935711,60.169024],[24.935786,60.168996],[24.936174,60.168955],[24.936511,60.168818]]},"properties":{"c":"service","n":"","r":8}},{"type":"Feature","geometry":{"type":"LineString","coordinates":[[24.935996,60.168959],[24.936127,60.169008]]},"properties":{"c":"service","n":"","r":8}},{"type":"Feature","geometry":{"type":"LineString","coordinates":[[24.938688,60.173106],[24.938915,60.172413],[24.939159,60.171903]]},"properties":{"c":"service","n":"","r":8}},{"type":"Feature","geometry":{"type":"LineString","coordinates":[[24.939235,60.170285],[24.939194,60.170313],[24.939142,60.170539],[24.939131,60.170589],[24.939119,60.170639],[24.939072,60.170851],[24.939069,60.170866],[24.939076,60.170886],[24.939121,60.170891],[24.939165,60.170855],[24.93924,60.170594],[24.939305,60.170495],[24.93938,60.170427],[24.939438,60.170383],[24.93944,60.170375],[24.939438,60.17036],[24.939428,60.170347],[24.93941,60.170338],[24.939374,60.170324],[24.939247,60.170277],[24.939235,60.170285]]},"properties":{"c":"pedestrian","n":"","r":8}},{"type":"Feature","geometry":{"type":"LineString","coordinates":[[24.951447,60.178233],[24.951682,60.178239]]},"properties":{"c":"secondary","n":"Hakaniemenranta","r":3}},{"type":"Feature","geometry":{"type":"LineString","coordinates":[[24.941569,60.168883],[24.941946,60.168891],[24.942697,60.168908],[24.942897,60.168914],[24.943093,60.168919],[24.944132,60.168941],[24.944498,60.168951],[24.945414,60.168974],[24.94554,60.168977],[24.945667,60.16898],[24.946155,60.168986],[24.946476,60.168995],[24.946682,60.169001],[24.947286,60.169017],[24.947418,60.16902],[24.947488,60.169021],[24.947549,60.169022],[24.947622,60.169024],[24.947679,60.169024],[24.948572,60.169047],[24.949196,60.169062],[24.949225,60.169063],[24.94932,60.169066],[24.949428,60.169069],[24.949452,60.169069],[24.949808,60.169077],[24.949807,60.169085],[24.950446,60.1691],[24.950447,60.169092],[24.950631,60.169095],[24.950811,60.1691],[24.95084,60.1691],[24.950872,60.169101],[24.950871,60.169091],[24.950865,60.169079],[24.950856,60.169071],[24.950839,60.169063],[24.950821,60.169057],[24.950803,60.169052],[24.950751,60.169051],[24.949924,60.169031],[24.949435,60.16902],[24.949325,60.169018],[24.949222,60.169015],[24.947424,60.16897],[24.946254,60.168945],[24.945546,60.168926],[24.944231,60.168894],[24.942901,60.168862],[24.942101,60.168844],[24.941867,60.168836],[24.941782,60.16883],[24.94169,60.168819],[24.94161,60.168803],[24.941569,60.168883]]},"properties":{"c":"pedestrian","n":"Aleksanterinkatu","r":8}},{"type":"Feature","geometry":{"type":"LineString","coordinates":[[24.939588,60.170361],[24.93965,60.170333],[24.939743,60.170301],[24.939835,60.170284],[24.939918,60.170274]]},"properties":{"c":"secondary","n":"Asema-aukio","r":3}},{"type":"Feature","geometry":{"type":"LineString","coordinates":[[24.939805,60.171249],[24.939919,60.171253],[24.940022,60.171297],[24.94007,60.171337],[24.940044,60.171532]]},"properties":{"c":"service","n":"Elielinaukio","r":8}},{"type":"Feature","geometry":{"type":"LineString","coordinates":[[24.951425,60.16472],[24.95142,60.164767],[24.951418,60.164782]]},"properties":{"c":"residential","n":"Unioninkatu","r":6}},{"type":"Feature","geometry":{"type":"LineString","coordinates":[[24.951128,60.167258],[24.951309,60.167278],[24.952005,60.167293]]},"properties":{"c":"primary","n":"Etel\u00e4esplanadi","r":2}},{"type":"Feature","geometry":{"type":"LineString","coordinates":[[24.947904,60.16489],[24.947858,60.165282]]},"properties":{"c":"residential","n":"Kasarmikatu","r":6}},{"type":"Feature","geometry":{"type":"LineString","coordinates":[[24.947906,60.164597],[24.947901,60.164659],[24.947915,60.16475],[24.947908,60.164831],[24.947904,60.16489]]},"properties":{"c":"residential","n":"Kasarmikatu","r":6}},{"type":"Feature","geometry":{"type":"LineString","coordinates":[[24.94973,60.165296],[24.949734,60.165255]]},"properties":{"c":"residential","n":"Fabianinkatu","r":6}},{"type":"Feature","geometry":{"type":"LineString","coordinates":[[24.949734,60.165255],[24.949737,60.165234],[24.949739,60.165211]]},"properties":{"c":"residential","n":"Fabianinkatu","r":6}},{"type":"Feature","geometry":{"type":"LineString","coordinates":[[24.949711,60.165462],[24.949718,60.165394],[24.94973,60.165296]]},"properties":{"c":"residential","n":"Fabianinkatu","r":6}},{"type":"Feature","geometry":{"type":"LineString","coordinates":[[24.949739,60.165211],[24.949744,60.165166]]},"properties":{"c":"residential","n":"Fabianinkatu","r":6}},{"type":"Feature","geometry":{"type":"LineString","coordinates":[[24.949768,60.164959],[24.949773,60.164917],[24.949776,60.164892]]},"properties":{"c":"residential","n":"Fabianinkatu","r":6}},{"type":"Feature","geometry":{"type":"LineString","coordinates":[[24.949776,60.164892],[24.949778,60.164865],[24.949787,60.164783],[24.949793,60.164726]]},"properties":{"c":"residential","n":"Fabianinkatu","r":6}},{"type":"Feature","geometry":{"type":"LineString","coordinates":[[24.949744,60.165166],[24.949768,60.164959]]},"properties":{"c":"residential","n":"Fabianinkatu","r":6}},{"type":"Feature","geometry":{"type":"LineString","coordinates":[[24.949705,60.165514],[24.949711,60.165462]]},"properties":{"c":"residential","n":"Fabianinkatu","r":6}},{"type":"Feature","geometry":{"type":"LineString","coordinates":[[24.9487,60.164769],[24.948627,60.164767],[24.948563,60.164765]]},"properties":{"c":"residential","n":"Etel\u00e4inen Makasiinikatu","r":6}},{"type":"Feature","geometry":{"type":"LineString","coordinates":[[24.949488,60.16478],[24.949,60.164775]]},"properties":{"c":"residential","n":"Etel\u00e4inen Makasiinikatu","r":6}},{"type":"Feature","geometry":{"type":"LineString","coordinates":[[24.948804,60.164771],[24.9487,60.164769]]},"properties":{"c":"residential","n":"Etel\u00e4inen Makasiinikatu","r":6}},{"type":"Feature","geometry":{"type":"LineString","coordinates":[[24.948563,60.164765],[24.948216,60.164757]]},"properties":{"c":"residential","n":"Etel\u00e4inen Makasiinikatu","r":6}},{"type":"Feature","geometry":{"type":"LineString","coordinates":[[24.94891,60.164773],[24.948856,60.164772],[24.948804,60.164771]]},"properties":{"c":"residential","n":"Etel\u00e4inen Makasiinikatu","r":6}},{"type":"Feature","geometry":{"type":"LineString","coordinates":[[24.948103,60.164755],[24.948073,60.164754],[24.947915,60.16475]]},"properties":{"c":"residential","n":"Etel\u00e4inen Makasiinikatu","r":6}},{"type":"Feature","geometry":{"type":"LineString","coordinates":[[24.949,60.164775],[24.94891,60.164773]]},"properties":{"c":"residential","n":"Etel\u00e4inen Makasiinikatu","r":6}},{"type":"Feature","geometry":{"type":"LineString","coordinates":[[24.948216,60.164757],[24.948103,60.164755]]},"properties":{"c":"residential","n":"Etel\u00e4inen Makasiinikatu","r":6}},{"type":"Feature","geometry":{"type":"LineString","coordinates":[[24.937746,60.166278],[24.937048,60.16677]]},"properties":{"c":"residential","n":"Annankatu","r":6}},{"type":"Feature","geometry":{"type":"LineString","coordinates":[[24.939264,60.16769],[24.939339,60.167633]]},"properties":{"c":"residential","n":"Yrj\u00f6nkatu","r":6}},{"type":"Feature","geometry":{"type":"LineString","coordinates":[[24.950837,60.167867],[24.949998,60.167843]]},"properties":{"c":"primary","n":"Pohjoisesplanadi","r":2}},{"type":"Feature","geometry":{"type":"LineString","coordinates":[[24.940986,60.167227],[24.940438,60.167034]]},"properties":{"c":"primary","n":"L\u00f6nnrotinkatu","r":2}},{"type":"Feature","geometry":{"type":"LineString","coordinates":[[24.940438,60.167034],[24.940339,60.167],[24.940248,60.166968],[24.940159,60.166937],[24.940119,60.166924]]},"properties":{"c":"primary","n":"L\u00f6nnrotinkatu","r":2}},{"type":"Feature","geometry":{"type":"LineString","coordinates":[[24.940119,60.166924],[24.939815,60.166819]]},"properties":{"c":"primary","n":"L\u00f6nnrotinkatu","r":2}},{"type":"Feature","geometry":{"type":"LineString","coordinates":[[24.937906,60.16616],[24.937818,60.16613],[24.937753,60.166107]]},"properties":{"c":"primary","n":"L\u00f6nnrotinkatu","r":2}},{"type":"Feature","geometry":{"type":"LineString","coordinates":[[24.938233,60.166273],[24.938121,60.166235]]},"properties":{"c":"primary","n":"L\u00f6nnrotinkatu","r":2}},{"type":"Feature","geometry":{"type":"LineString","coordinates":[[24.939815,60.166819],[24.939644,60.166759]]},"properties":{"c":"primary","n":"L\u00f6nnrotinkatu","r":2}},{"type":"Feature","geometry":{"type":"LineString","coordinates":[[24.940457,60.166812],[24.94074,60.166612]]},"properties":{"c":"residential","n":"Yrj\u00f6nkatu","r":6}},{"type":"Feature","geometry":{"type":"LineString","coordinates":[[24.941944,60.165749],[24.94228,60.165507]]},"properties":{"c":"residential","n":"Yrj\u00f6nkatu","r":6}},{"type":"Feature","geometry":{"type":"LineString","coordinates":[[24.940103,60.167076],[24.940184,60.167016]]},"properties":{"c":"residential","n":"Yrj\u00f6nkatu","r":6}},{"type":"Feature","geometry":{"type":"LineString","coordinates":[[24.939339,60.167633],[24.939849,60.167261],[24.940103,60.167076]]},"properties":{"c":"residential","n":"Yrj\u00f6nkatu","r":6}},{"type":"Feature","geometry":{"type":"LineString","coordinates":[[24.949407,60.165641],[24.949492,60.165644]]},"properties":{"c":"residential","n":"Pohjoinen Makasiinikatu","r":6}},{"type":"Feature","geometry":{"type":"LineString","coordinates":[[24.948733,60.16562],[24.948893,60.165625]]},"properties":{"c":"residential","n":"Pohjoinen Makasiinikatu","r":6}},{"type":"Feature","geometry":{"type":"LineString","coordinates":[[24.948613,60.165616],[24.948657,60.165618],[24.948733,60.16562]]},"properties":{"c":"residential","n":"Pohjoinen Makasiinikatu","r":6}},{"type":"Feature","geometry":{"type":"LineString","coordinates":[[24.949314,60.165638],[24.949407,60.165641]]},"properties":{"c":"residential","n":"Pohjoinen Makasiinikatu","r":6}},{"type":"Feature","geometry":{"type":"LineString","coordinates":[[24.948436,60.165611],[24.948535,60.165614],[24.948613,60.165616]]},"properties":{"c":"residential","n":"Pohjoinen Makasiinikatu","r":6}},{"type":"Feature","geometry":{"type":"LineString","coordinates":[[24.948048,60.165599],[24.948436,60.165611]]},"properties":{"c":"residential","n":"Pohjoinen Makasiinikatu","r":6}},{"type":"Feature","geometry":{"type":"LineString","coordinates":[[24.950933,60.165688],[24.95111,60.165693],[24.95115,60.165695]]},"properties":{"c":"residential","n":"Pohjoinen Makasiinikatu","r":6}},{"type":"Feature","geometry":{"type":"LineString","coordinates":[[24.947834,60.165481],[24.947831,60.165506],[24.94782,60.165592],[24.94781,60.165668]]},"properties":{"c":"residential","n":"Kasarmikatu","r":6}},{"type":"Feature","geometry":{"type":"LineString","coordinates":[[24.949936,60.165657],[24.950398,60.165671]]},"properties":{"c":"residential","n":"Pohjoinen Makasiinikatu","r":6}},{"type":"Feature","geometry":{"type":"LineString","coordinates":[[24.945811,60.166629],[24.945858,60.16615]]},"properties":{"c":"residential","n":"Korkeavuorenkatu","r":6}},{"type":"Feature","geometry":{"type":"LineString","coordinates":[[24.945791,60.166829],[24.945811,60.166629]]},"properties":{"c":"residential","n":"Korkeavuorenkatu","r":6}},{"type":"Feature","geometry":{"type":"LineString","coordinates":[[24.945858,60.16615],[24.94586,60.166125],[24.945868,60.166046],[24.945892,60.165802]]},"properties":{"c":"residential","n":"Korkeavuorenkatu","r":6}},{"type":"Feature","geometry":{"type":"LineString","coordinates":[[24.945961,60.167134],[24.946538,60.167148]]},"properties":{"c":"primary","n":"Etel\u00e4esplanadi","r":2}},{"type":"Feature","geometry":{"type":"LineString","coordinates":[[24.945773,60.167011],[24.945782,60.166921]]},"properties":{"c":"residential","n":"Korkeavuorenkatu","r":6}},{"type":"Feature","geometry":{"type":"LineString","coordinates":[[24.947498,60.166099],[24.947409,60.166096]]},"properties":{"c":"residential","n":"Rikhardinkatu","r":6}},{"type":"Feature","geometry":{"type":"LineString","coordinates":[[24.946079,60.166052],[24.945986,60.166049],[24.945868,60.166046]]},"properties":{"c":"residential","n":"Rikhardinkatu","r":6}},{"type":"Feature","geometry":{"type":"LineString","coordinates":[[24.947409,60.166096],[24.947354,60.166094],[24.94626,60.166058]]},"properties":{"c":"residential","n":"Rikhardinkatu","r":6}},{"type":"Feature","geometry":{"type":"LineString","coordinates":[[24.946169,60.166055],[24.946079,60.166052]]},"properties":{"c":"residential","n":"Rikhardinkatu","r":6}},{"type":"Feature","geometry":{"type":"LineString","coordinates":[[24.94626,60.166058],[24.946169,60.166055]]},"properties":{"c":"residential","n":"Rikhardinkatu","r":6}},{"type":"Feature","geometry":{"type":"LineString","coordinates":[[24.947588,60.166102],[24.947498,60.166099]]},"properties":{"c":"residential","n":"Rikhardinkatu","r":6}},{"type":"Feature","geometry":{"type":"LineString","coordinates":[[24.949157,60.165633],[24.949314,60.165638]]},"properties":{"c":"residential","n":"Pohjoinen Makasiinikatu","r":6}},{"type":"Feature","geometry":{"type":"LineString","coordinates":[[24.949523,60.167113],[24.949557,60.166821]]},"properties":{"c":"residential","n":"Fabianinkatu","r":6}},{"type":"Feature","geometry":{"type":"LineString","coordinates":[[24.949664,60.165875],[24.949677,60.165762]]},"properties":{"c":"residential","n":"Fabianinkatu","r":6}},{"type":"Feature","geometry":{"type":"LineString","coordinates":[[24.94952,60.167144],[24.949523,60.167113]]},"properties":{"c":"residential","n":"Fabianinkatu","r":6}},{"type":"Feature","geometry":{"type":"LineString","coordinates":[[24.949677,60.165762],[24.949681,60.165727]]},"properties":{"c":"residential","n":"Fabianinkatu","r":6}},{"type":"Feature","geometry":{"type":"LineString","coordinates":[[24.949557,60.166821],[24.949561,60.166784]]},"properties":{"c":"residential","n":"Fabianinkatu","r":6}},{"type":"Feature","geometry":{"type":"LineString","coordinates":[[24.949492,60.165644],[24.949532,60.165645],[24.94969,60.16565],[24.949813,60.165653],[24.949936,60.165657]]},"properties":{"c":"residential","n":"Pohjoinen Makasiinikatu","r":6}},{"type":"Feature","geometry":{"type":"LineString","coordinates":[[24.951158,60.167135],[24.95118,60.166927]]},"properties":{"c":"secondary","n":"Unioninkatu","r":3}},{"type":"Feature","geometry":{"type":"LineString","coordinates":[[24.95118,60.166927],[24.951191,60.166827]]},"properties":{"c":"secondary","n":"Unioninkatu","r":3}},{"type":"Feature","geometry":{"type":"LineString","coordinates":[[24.950437,60.167237],[24.950847,60.167248]]},"properties":{"c":"primary","n":"Etel\u00e4esplanadi","r":2}},{"type":"Feature","geometry":{"type":"LineString","coordinates":[[24.951294,60.16588],[24.951308,60.165772],[24.951317,60.165698]]},"properties":{"c":"secondary","n":"Unioninkatu","r":3}},{"type":"Feature","geometry":{"type":"LineString","coordinates":[[24.950854,60.175839],[24.950949,60.175786],[24.951058,60.175725]]},"properties":{"c":"service","n":"","r":8}},{"type":"Feature","geometry":{"type":"LineString","coordinates":[[24.947973,60.164169],[24.947971,60.164187]]},"properties":{"c":"residential","n":"Kasarmikatu","r":6}},{"type":"Feature","geometry":{"type":"LineString","coordinates":[[24.947679,60.166743],[24.947654,60.166954]]},"properties":{"c":"residential","n":"Kasarmikatu","r":6}},{"type":"Feature","geometry":{"type":"LineString","coordinates":[[24.949218,60.1701],[24.949237,60.169938]]},"properties":{"c":"residential","n":"Fabianinkatu","r":6}},{"type":"Feature","geometry":{"type":"LineString","coordinates":[[24.947837,60.167177],[24.948076,60.167183]]},"properties":{"c":"primary","n":"Etel\u00e4esplanadi","r":2}},{"type":"Feature","geometry":{"type":"LineString","coordinates":[[24.947654,60.166954],[24.947642,60.167056]]},"properties":{"c":"residential","n":"Kasarmikatu","r":6}},{"type":"Feature","geometry":{"type":"LineString","coordinates":[[24.948271,60.167794],[24.947792,60.16778]]},"properties":{"c":"primary","n":"Pohjoisesplanadi","r":2}},{"type":"Feature","geometry":{"type":"LineString","coordinates":[[24.949286,60.169317],[24.94932,60.169066]]},"properties":{"c":"residential","n":"Fabianinkatu","r":6}},{"type":"Feature","geometry":{"type":"LineString","coordinates":[[24.949314,60.167212],[24.949368,60.167213],[24.949511,60.167214]]},"properties":{"c":"primary","n":"Etel\u00e4esplanadi","r":2}},{"type":"Feature","geometry":{"type":"LineString","coordinates":[[24.949163,60.170596],[24.949218,60.1701]]},"properties":{"c":"residential","n":"Fabianinkatu","r":6}},{"type":"Feature","geometry":{"type":"LineString","coordinates":[[24.947745,60.16618],[24.947739,60.166233]]},"properties":{"c":"residential","n":"Kasarmikatu","r":6}},{"type":"Feature","geometry":{"type":"LineString","coordinates":[[24.947792,60.16778],[24.947566,60.167773],[24.947459,60.16777]]},"properties":{"c":"primary","n":"Pohjoisesplanadi","r":2}},{"type":"Feature","geometry":{"type":"LineString","coordinates":[[24.947703,60.166536],[24.947686,60.16668]]},"properties":{"c":"residential","n":"Kasarmikatu","r":6}},{"type":"Feature","geometry":{"type":"LineString","coordinates":[[24.949388,60.168477],[24.949369,60.168419],[24.949383,60.168204],[24.949386,60.168182],[24.949422,60.168088]]},"properties":{"c":"residential","n":"Fabianinkatu","r":6}},{"type":"Feature","geometry":{"type":"LineString","coordinates":[[24.95014,60.177879],[24.95014,60.177943],[24.950153,60.178],[24.95019,60.17805],[24.95027,60.178113],[24.950424,60.178207]]},"properties":{"c":"secondary","n":"Siltasaarenkatu","r":3}},{"type":"Feature","geometry":{"type":"LineString","coordinates":[[24.950163,60.177631],[24.95014,60.177879]]},"properties":{"c":"secondary","n":"Siltasaarenkatu","r":3}},{"type":"Feature","geometry":{"type":"LineString","coordinates":[[24.950187,60.177341],[24.950169,60.177555],[24.950163,60.177631]]},"properties":{"c":"secondary","n":"Siltasaarenkatu","r":3}},{"type":"Feature","geometry":{"type":"LineString","coordinates":[[24.949356,60.168773],[24.949388,60.168477]]},"properties":{"c":"residential","n":"Fabianinkatu","r":6}},{"type":"Feature","geometry":{"type":"LineString","coordinates":[[24.950683,60.169911],[24.950753,60.169913],[24.950875,60.169916]]},"properties":{"c":"unclassified","n":"Yliopistonkatu","r":5}},{"type":"Feature","geometry":{"type":"LineString","coordinates":[[24.949791,60.169891],[24.950031,60.169896],[24.950683,60.169911]]},"properties":{"c":"unclassified","n":"Yliopistonkatu","r":5}},{"type":"Feature","geometry":{"type":"LineString","coordinates":[[24.950799,60.170677],[24.950833,60.170331]]},"properties":{"c":"secondary","n":"Unioninkatu","r":3}},{"type":"Feature","geometry":{"type":"LineString","coordinates":[[24.950868,60.169986],[24.950875,60.169916]]},"properties":{"c":"secondary","n":"Unioninkatu","r":3}},{"type":"Feature","geometry":{"type":"LineString","coordinates":[[24.950875,60.169916],[24.950881,60.169853],[24.950952,60.16977]]},"properties":{"c":"secondary","n":"Unioninkatu","r":3}},{"type":"Feature","geometry":{"type":"LineString","coordinates":[[24.949451,60.169883],[24.949696,60.169889]]},"properties":{"c":"unclassified","n":"Yliopistonkatu","r":5}},{"type":"Feature","geometry":{"type":"LineString","coordinates":[[24.949696,60.169889],[24.949791,60.169891]]},"properties":{"c":"unclassified","n":"Yliopistonkatu","r":5}},{"type":"Feature","geometry":{"type":"LineString","coordinates":[[24.948572,60.167194],[24.948825,60.1672]]},"properties":{"c":"primary","n":"Etel\u00e4esplanadi","r":2}},{"type":"Feature","geometry":{"type":"LineString","coordinates":[[24.951241,60.166359],[24.951268,60.166089]]},"properties":{"c":"secondary","n":"Unioninkatu","r":3}},{"type":"Feature","geometry":{"type":"LineString","coordinates":[[24.951224,60.166487],[24.951233,60.166423]]},"properties":{"c":"secondary","n":"Unioninkatu","r":3}},{"type":"Feature","geometry":{"type":"LineString","coordinates":[[24.950593,60.175828],[24.950807,60.175834]]},"properties":{"c":"unclassified","n":"Siltavuorenranta","r":5}},{"type":"Feature","geometry":{"type":"LineString","coordinates":[[24.952823,60.167921],[24.952421,60.167914],[24.952353,60.167912],[24.952178,60.167907],[24.95191,60.167898]]},"properties":{"c":"primary","n":"Pohjoisesplanadi","r":2}},{"type":"Feature","geometry":{"type":"LineString","coordinates":[[24.953095,60.167929],[24.952823,60.167921]]},"properties":{"c":"primary","n":"Pohjoisesplanadi","r":2}},{"type":"Feature","geometry":{"type":"LineString","coordinates":[[24.948649,60.167805],[24.948461,60.167799]]},"properties":{"c":"primary","n":"Pohjoisesplanadi","r":2}},{"type":"Feature","geometry":{"type":"LineString","coordinates":[[24.948883,60.167811],[24.948649,60.167805]]},"properties":{"c":"primary","n":"Pohjoisesplanadi","r":2}},{"type":"Feature","geometry":{"type":"LineString","coordinates":[[24.948461,60.167799],[24.948271,60.167794]]},"properties":{"c":"primary","n":"Pohjoisesplanadi","r":2}},{"type":"Feature","geometry":{"type":"LineString","coordinates":[[24.950454,60.174306],[24.95044,60.174427]]},"properties":{"c":"secondary","n":"Unioninkatu","r":3}},{"type":"Feature","geometry":{"type":"LineString","coordinates":[[24.953353,60.171686],[24.953328,60.171893]]},"properties":{"c":"residential","n":"Snellmaninkatu","r":6}},{"type":"Feature","geometry":{"type":"LineString","coordinates":[[24.953328,60.171893],[24.953278,60.172224],[24.953271,60.172277],[24.953264,60.172331],[24.953263,60.17235]]},"properties":{"c":"residential","n":"Snellmaninkatu","r":6}},{"type":"Feature","geometry":{"type":"LineString","coordinates":[[24.95336,60.171634],[24.953353,60.171686]]},"properties":{"c":"residential","n":"Snellmaninkatu","r":6}},{"type":"Feature","geometry":{"type":"LineString","coordinates":[[24.953386,60.171405],[24.953382,60.171454],[24.953375,60.171507],[24.953369,60.171556]]},"properties":{"c":"residential","n":"Snellmaninkatu","r":6}},{"type":"Feature","geometry":{"type":"LineString","coordinates":[[24.95137,60.170783],[24.951316,60.170781],[24.950921,60.17077]]},"properties":{"c":"residential","n":"Kirkkokatu","r":6}},{"type":"Feature","geometry":{"type":"LineString","coordinates":[[24.947721,60.166387],[24.947703,60.166536]]},"properties":{"c":"residential","n":"Kasarmikatu","r":6}},{"type":"Feature","geometry":{"type":"LineString","coordinates":[[24.947739,60.166233],[24.947729,60.166323]]},"properties":{"c":"residential","n":"Kasarmikatu","r":6}},{"type":"Feature","geometry":{"type":"LineString","coordinates":[[24.947686,60.16668],[24.947679,60.166743]]},"properties":{"c":"residential","n":"Kasarmikatu","r":6}},{"type":"Feature","geometry":{"type":"LineString","coordinates":[[24.953059,60.178679],[24.953062,60.178536]]},"properties":{"c":"residential","n":"Viherniemenkatu","r":6}},{"type":"Feature","geometry":{"type":"LineString","coordinates":[[24.951261,60.164819],[24.950943,60.164811]]},"properties":{"c":"residential","n":"Etel\u00e4inen Makasiinikatu","r":6}},{"type":"Feature","geometry":{"type":"LineString","coordinates":[[24.95002,60.164785],[24.949933,60.164783]]},"properties":{"c":"residential","n":"Etel\u00e4inen Makasiinikatu","r":6}},{"type":"Feature","geometry":{"type":"LineString","coordinates":[[24.95134,60.165503],[24.951366,60.165289]]},"properties":{"c":"secondary","n":"Unioninkatu","r":3}},{"type":"Feature","geometry":{"type":"LineString","coordinates":[[24.951407,60.164931],[24.95141,60.164886],[24.951415,60.164823]]},"properties":{"c":"secondary","n":"Unioninkatu","r":3}},{"type":"Feature","geometry":{"type":"LineString","coordinates":[[24.951366,60.165289],[24.951407,60.164931]]},"properties":{"c":"secondary","n":"Unioninkatu","r":3}},{"type":"Feature","geometry":{"type":"LineString","coordinates":[[24.948299,60.173071],[24.947458,60.173049],[24.947338,60.173044]]},"properties":{"c":"residential","n":"Puutarhakatu","r":6}},{"type":"Feature","geometry":{"type":"LineString","coordinates":[[24.944318,60.17208],[24.944307,60.172185]]},"properties":{"c":"unclassified","n":"It\u00e4inen Teatterikuja","r":5}},{"type":"Feature","geometry":{"type":"LineString","coordinates":[[24.944859,60.171436],[24.944912,60.170957],[24.944924,60.170863],[24.944921,60.170825],[24.944918,60.1708],[24.944902,60.170774],[24.944885,60.170752],[24.944862,60.170732],[24.944825,60.170708],[24.944793,60.170695],[24.944745,60.170679]]},"properties":{"c":"secondary","n":"Mikonkatu","r":3}},{"type":"Feature","geometry":{"type":"LineString","coordinates":[[24.945476,60.172035],[24.945338,60.172033],[24.945196,60.172027]]},"properties":{"c":"secondary","n":"Vilhonkatu","r":3}},{"type":"Feature","geometry":{"type":"LineString","coordinates":[[24.947698,60.172122],[24.947599,60.172103],[24.947445,60.172094]]},"properties":{"c":"secondary","n":"Kaisaniemenkatu","r":3}},{"type":"Feature","geometry":{"type":"LineString","coordinates":[[24.948521,60.173079],[24.948299,60.173071]]},"properties":{"c":"residential","n":"Puutarhakatu","r":6}},{"type":"Feature","geometry":{"type":"LineString","coordinates":[[24.944291,60.17234],[24.94422,60.172929],[24.944221,60.17298]]},"properties":{"c":"unclassified","n":"It\u00e4inen Teatterikuja","r":5}},{"type":"Feature","geometry":{"type":"LineString","coordinates":[[24.944805,60.171876],[24.944817,60.171786]]},"properties":{"c":"secondary","n":"Mikonkatu","r":3}},{"type":"Feature","geometry":{"type":"LineString","coordinates":[[24.948822,60.176868],[24.948786,60.17714]]},"properties":{"c":"unclassified","n":"Pitk\u00e4nsillanranta","r":5}},{"type":"Feature","geometry":{"type":"LineString","coordinates":[[24.941302,60.166216],[24.941426,60.16613]]},"properties":{"c":"residential","n":"Yrj\u00f6nkatu","r":6}},{"type":"Feature","geometry":{"type":"LineString","coordinates":[[24.941426,60.16613],[24.941559,60.166034]]},"properties":{"c":"residential","n":"Yrj\u00f6nkatu","r":6}},{"type":"Feature","geometry":{"type":"LineString","coordinates":[[24.940986,60.165708],[24.941177,60.165774]]},"properties":{"c":"tertiary","n":"Bulevardi","r":4}},{"type":"Feature","geometry":{"type":"LineString","coordinates":[[24.939548,60.165206],[24.940478,60.165531],[24.940768,60.165632],[24.940986,60.165708]]},"properties":{"c":"tertiary","n":"Bulevardi","r":4}},{"type":"Feature","geometry":{"type":"LineString","coordinates":[[24.942459,60.165377],[24.94264,60.165245]]},"properties":{"c":"residential","n":"Yrj\u00f6nkatu","r":6}},{"type":"Feature","geometry":{"type":"LineString","coordinates":[[24.94264,60.165245],[24.942673,60.165221],[24.94278,60.165148]]},"properties":{"c":"residential","n":"Yrj\u00f6nkatu","r":6}},{"type":"Feature","geometry":{"type":"LineString","coordinates":[[24.943012,60.16641],[24.943103,60.166441],[24.943271,60.166514]]},"properties":{"c":"tertiary","n":"Bulevardi","r":4}},{"type":"Feature","geometry":{"type":"LineString","coordinates":[[24.936196,60.171374],[24.936116,60.171405],[24.936048,60.171439]]},"properties":{"c":"primary","n":"Mannerheimintie","r":2}},{"type":"Feature","geometry":{"type":"LineString","coordinates":[[24.940705,60.168566],[24.940209,60.1689]]},"properties":{"c":"primary","n":"Mannerheimintie","r":2}},{"type":"Feature","geometry":{"type":"LineString","coordinates":[[24.940209,60.1689],[24.94011,60.168982]]},"properties":{"c":"primary","n":"Mannerheimintie","r":2}},{"type":"Feature","geometry":{"type":"LineString","coordinates":[[24.94011,60.168982],[24.94,60.169062],[24.939936,60.169103],[24.939821,60.169165]]},"properties":{"c":"primary","n":"Mannerheimintie","r":2}},{"type":"Feature","geometry":{"type":"LineString","coordinates":[[24.939821,60.169165],[24.939679,60.169242],[24.939524,60.169345]]},"properties":{"c":"primary","n":"Mannerheimintie","r":2}},{"type":"Feature","geometry":{"type":"LineString","coordinates":[[24.94115,60.168283],[24.941087,60.168324],[24.940979,60.168391]]},"properties":{"c":"primary","n":"Mannerheimintie","r":2}},{"type":"Feature","geometry":{"type":"LineString","coordinates":[[24.947459,60.16777],[24.947001,60.167759]]},"properties":{"c":"primary","n":"Pohjoisesplanadi","r":2}},{"type":"Feature","geometry":{"type":"LineString","coordinates":[[24.947001,60.167759],[24.946323,60.167741]]},"properties":{"c":"primary","n":"Pohjoisesplanadi","r":2}},{"type":"Feature","geometry":{"type":"LineString","coordinates":[[24.946323,60.167741],[24.945957,60.167732]]},"properties":{"c":"primary","n":"Pohjoisesplanadi","r":2}},{"type":"Feature","geometry":{"type":"LineString","coordinates":[[24.945957,60.167732],[24.945788,60.167728]]},"properties":{"c":"primary","n":"Pohjoisesplanadi","r":2}},{"type":"Feature","geometry":{"type":"LineString","coordinates":[[24.951268,60.166089],[24.951294,60.16588]]},"properties":{"c":"secondary","n":"Unioninkatu","r":3}},{"type":"Feature","geometry":{"type":"LineString","coordinates":[[24.947911,60.172041],[24.948135,60.172233]]},"properties":{"c":"secondary","n":"Kaisaniemenkatu","r":3}},{"type":"Feature","geometry":{"type":"LineString","coordinates":[[24.94415,60.165759],[24.944081,60.165757],[24.943964,60.165754]]},"properties":{"c":"residential","n":"Ludviginkatu","r":6}},{"type":"Feature","geometry":{"type":"LineString","coordinates":[[24.945734,60.165798],[24.945368,60.165789]]},"properties":{"c":"residential","n":"Ludviginkatu","r":6}},{"type":"Feature","geometry":{"type":"LineString","coordinates":[[24.945994,60.164867],[24.946082,60.164282]]},"properties":{"c":"residential","n":"Korkeavuorenkatu","r":6}},{"type":"Feature","geometry":{"type":"LineString","coordinates":[[24.951321,60.167883],[24.95125,60.167881],[24.951062,60.167875]]},"properties":{"c":"primary","n":"Pohjoisesplanadi","r":2}},{"type":"Feature","geometry":{"type":"LineString","coordinates":[[24.945023,60.165781],[24.944581,60.16577]]},"properties":{"c":"residential","n":"Ludviginkatu","r":6}},{"type":"Feature","geometry":{"type":"LineString","coordinates":[[24.944342,60.165763],[24.94415,60.165759]]},"properties":{"c":"residential","n":"Ludviginkatu","r":6}},{"type":"Feature","geometry":{"type":"LineString","coordinates":[[24.943894,60.166494],[24.943884,60.166588],[24.943871,60.166691]]},"properties":{"c":"primary_link","n":"Erottajankatu","r":8}},{"type":"Feature","geometry":{"type":"LineString","coordinates":[[24.943948,60.165798],[24.943901,60.166155]]},"properties":{"c":"primary","n":"Erottajankatu","r":2}},{"type":"Feature","geometry":{"type":"LineString","coordinates":[[24.943982,60.165652],[24.943964,60.165754],[24.943948,60.165798]]},"properties":{"c":"primary","n":"Erottajankatu","r":2}},{"type":"Feature","geometry":{"type":"LineString","coordinates":[[24.943634,60.165537],[24.943583,60.165458],[24.943525,60.165404]]},"properties":{"c":"unclassified","n":"Erottajankatu","r":5}},{"type":"Feature","geometry":{"type":"LineString","coordinates":[[24.943443,60.166733],[24.9433,60.166827]]},"properties":{"c":"primary","n":"Mannerheimintie","r":2}},{"type":"Feature","geometry":{"type":"LineString","coordinates":[[24.9433,60.166827],[24.943083,60.166976],[24.942987,60.167046]]},"properties":{"c":"primary","n":"Mannerheimintie","r":2}},{"type":"Feature","geometry":{"type":"LineString","coordinates":[[24.950943,60.164811],[24.950809,60.164807]]},"properties":{"c":"residential","n":"Etel\u00e4inen Makasiinikatu","r":6}},{"type":"Feature","geometry":{"type":"LineString","coordinates":[[24.945368,60.165789],[24.945119,60.165783],[24.945023,60.165781]]},"properties":{"c":"residential","n":"Ludviginkatu","r":6}},{"type":"Feature","geometry":{"type":"LineString","coordinates":[[24.947939,60.164251],[24.947797,60.164247],[24.94775,60.164245]]},"properties":{"c":"residential","n":"Pieni Roobertinkatu","r":6}},{"type":"Feature","geometry":{"type":"LineString","coordinates":[[24.945918,60.164191],[24.945245,60.164171]]},"properties":{"c":"residential","n":"Pieni Roobertinkatu","r":6}},{"type":"Feature","geometry":{"type":"LineString","coordinates":[[24.945951,60.165189],[24.945974,60.165018],[24.945994,60.164867]]},"properties":{"c":"residential","n":"Korkeavuorenkatu","r":6}},{"type":"Feature","geometry":{"type":"LineString","coordinates":[[24.945245,60.164171],[24.9449,60.164161]]},"properties":{"c":"residential","n":"Pieni Roobertinkatu","r":6}},{"type":"Feature","geometry":{"type":"LineString","coordinates":[[24.946082,60.164282],[24.946085,60.164258],[24.946092,60.164197]]},"properties":{"c":"residential","n":"Korkeavuorenkatu","r":6}},{"type":"Feature","geometry":{"type":"LineString","coordinates":[[24.94626,60.164201],[24.946209,60.1642],[24.946092,60.164197],[24.94598,60.164193],[24.945918,60.164191]]},"properties":{"c":"residential","n":"Pieni Roobertinkatu","r":6}},{"type":"Feature","geometry":{"type":"LineString","coordinates":[[24.950626,60.165678],[24.950933,60.165688]]},"properties":{"c":"residential","n":"Pohjoinen Makasiinikatu","r":6}},{"type":"Feature","geometry":{"type":"LineString","coordinates":[[24.950398,60.165671],[24.950626,60.165678]]},"properties":{"c":"residential","n":"Pohjoinen Makasiinikatu","r":6}},{"type":"Feature","geometry":{"type":"LineString","coordinates":[[24.937722,60.167219],[24.937945,60.167296],[24.938696,60.167554]]},"properties":{"c":"residential","n":"Kalevankatu","r":6}},{"type":"Feature","geometry":{"type":"LineString","coordinates":[[24.935924,60.169009],[24.935359,60.168797]]},"properties":{"c":"tertiary","n":"Simonkatu","r":4}},{"type":"Feature","geometry":{"type":"LineString","coordinates":[[24.937607,60.16718],[24.937722,60.167219]]},"properties":{"c":"residential","n":"Kalevankatu","r":6}},{"type":"Feature","geometry":{"type":"LineString","coordinates":[[24.939038,60.167672],[24.939123,60.167701],[24.939208,60.16773]]},"properties":{"c":"residential","n":"Kalevankatu","r":6}},{"type":"Feature","geometry":{"type":"LineString","coordinates":[[24.951793,60.177985],[24.951869,60.177169]]},"properties":{"c":"unclassified","n":"John Stenbergin ranta","r":5}},{"type":"Feature","geometry":{"type":"LineString","coordinates":[[24.95165,60.176927],[24.950726,60.176902]]},"properties":{"c":"unclassified","n":"John Stenbergin ranta","r":5}},{"type":"Feature","geometry":{"type":"LineString","coordinates":[[24.952219,60.17624],[24.952951,60.176465],[24.953182,60.176532],[24.953349,60.176572]]},"properties":{"c":"unclassified","n":"Siltavuorenranta","r":5}},{"type":"Feature","geometry":{"type":"LineString","coordinates":[[24.947681,60.178092],[24.947824,60.178095],[24.948343,60.178109]]},"properties":{"c":"unclassified","n":"Paasivuorenkatu","r":5}},{"type":"Feature","geometry":{"type":"LineString","coordinates":[[24.948343,60.178109],[24.948751,60.178119]]},"properties":{"c":"unclassified","n":"Paasivuorenkatu","r":5}},{"type":"Feature","geometry":{"type":"LineString","coordinates":[[24.951869,60.177169],[24.95188,60.177035]]},"properties":{"c":"unclassified","n":"John Stenbergin ranta","r":5}},{"type":"Feature","geometry":{"type":"LineString","coordinates":[[24.952084,60.176197],[24.952219,60.17624]]},"properties":{"c":"unclassified","n":"Siltavuorenranta","r":5}},{"type":"Feature","geometry":{"type":"LineString","coordinates":[[24.948751,60.178119],[24.948833,60.17814],[24.948816,60.178332],[24.948797,60.17851],[24.947678,60.178486]]},"properties":{"c":"unclassified","n":"Paasivuorenkatu","r":5}},{"type":"Feature","geometry":{"type":"LineString","coordinates":[[24.946518,60.178914],[24.94656,60.178925],[24.94672,60.178967],[24.946896,60.179015]]},"properties":{"c":"unclassified","n":"S\u00e4\u00e4st\u00f6pankinranta","r":5}},{"type":"Feature","geometry":{"type":"LineString","coordinates":[[24.949015,60.176849],[24.948944,60.176848],[24.948822,60.176868]]},"properties":{"c":"unclassified","n":"Pitk\u00e4nsillanranta","r":5}},{"type":"Feature","geometry":{"type":"LineString","coordinates":[[24.946816,60.178871],[24.946857,60.178534]]},"properties":{"c":"unclassified","n":"Saariniemenkatu","r":5}},{"type":"Feature","geometry":{"type":"LineString","coordinates":[[24.94672,60.178967],[24.946775,60.178914],[24.946816,60.178871]]},"properties":{"c":"unclassified","n":"Saariniemenkatu","r":5}},{"type":"Feature","geometry":{"type":"LineString","coordinates":[[24.949332,60.176855],[24.949015,60.176849]]},"properties":{"c":"unclassified","n":"Pitk\u00e4nsillanranta","r":5}},{"type":"Feature","geometry":{"type":"LineString","coordinates":[[24.949527,60.176861],[24.949332,60.176855]]},"properties":{"c":"unclassified","n":"Pitk\u00e4nsillanranta","r":5}},{"type":"Feature","geometry":{"type":"LineString","coordinates":[[24.948002,60.179019],[24.948113,60.178916]]},"properties":{"c":"service","n":"","r":8}},{"type":"Feature","geometry":{"type":"LineString","coordinates":[[24.949821,60.164446],[24.94985,60.164159]]},"properties":{"c":"residential","n":"Fabianinkatu","r":6}},{"type":"Feature","geometry":{"type":"LineString","coordinates":[[24.949798,60.164676],[24.949809,60.164569]]},"properties":{"c":"residential","n":"Fabianinkatu","r":6}},{"type":"Feature","geometry":{"type":"LineString","coordinates":[[24.949809,60.164569],[24.949815,60.164512],[24.949821,60.164446]]},"properties":{"c":"residential","n":"Fabianinkatu","r":6}},{"type":"Feature","geometry":{"type":"LineString","coordinates":[[24.948273,60.177698],[24.94787,60.177781],[24.94786,60.177838],[24.947843,60.177944]]},"properties":{"c":"service","n":"","r":8}},{"type":"Feature","geometry":{"type":"LineString","coordinates":[[24.947831,60.178041],[24.947829,60.178056],[24.947824,60.178095]]},"properties":{"c":"service","n":"","r":8}},{"type":"Feature","geometry":{"type":"LineString","coordinates":[[24.947843,60.177944],[24.947831,60.178041]]},"properties":{"c":"service","n":"","r":8}},{"type":"Feature","geometry":{"type":"LineString","coordinates":[[24.947163,60.178472],[24.947026,60.178466],[24.946864,60.17846]]},"properties":{"c":"unclassified","n":"Paasivuorenkatu","r":5}},{"type":"Feature","geometry":{"type":"LineString","coordinates":[[24.94893,60.17833],[24.948816,60.178332]]},"properties":{"c":"pedestrian","n":"Paasivuorenkatu","r":8}},{"type":"Feature","geometry":{"type":"LineString","coordinates":[[24.947678,60.178486],[24.947163,60.178472]]},"properties":{"c":"unclassified","n":"Paasivuorenkatu","r":5}},{"type":"Feature","geometry":{"type":"LineString","coordinates":[[24.94853,60.177897],[24.948548,60.177757],[24.948352,60.177721],[24.947965,60.177791],[24.94795,60.177792],[24.947938,60.177839],[24.947927,60.177878],[24.94853,60.177897]]},"properties":{"c":"service","n":"","r":8}},{"type":"Feature","geometry":{"type":"LineString","coordinates":[[24.947938,60.177839],[24.94786,60.177838]]},"properties":{"c":"service","n":"","r":8}},{"type":"Feature","geometry":{"type":"LineString","coordinates":[[24.947851,60.165337],[24.947834,60.165481]]},"properties":{"c":"residential","n":"Kasarmikatu","r":6}},{"type":"Feature","geometry":{"type":"LineString","coordinates":[[24.947858,60.165282],[24.947851,60.165337]]},"properties":{"c":"residential","n":"Kasarmikatu","r":6}},{"type":"Feature","geometry":{"type":"LineString","coordinates":[[24.946757,60.177882],[24.94683,60.177884],[24.946919,60.177886]]},"properties":{"c":"service","n":"","r":8}},{"type":"Feature","geometry":{"type":"LineString","coordinates":[[24.946922,60.177854],[24.94693,60.177769]]},"properties":{"c":"unclassified","n":"Saariniemenkatu","r":5}},{"type":"Feature","geometry":{"type":"LineString","coordinates":[[24.946903,60.178075],[24.947005,60.178077],[24.947059,60.178078]]},"properties":{"c":"unclassified","n":"Paasivuorenkatu","r":5}},{"type":"Feature","geometry":{"type":"LineString","coordinates":[[24.947156,60.17743],[24.947077,60.177444],[24.946979,60.177462],[24.946894,60.177477],[24.946693,60.177514]]},"properties":{"c":"unclassified","n":"Pitk\u00e4nsillanranta","r":5}},{"type":"Feature","geometry":{"type":"LineString","coordinates":[[24.946915,60.177927],[24.946919,60.177886],[24.946922,60.177854]]},"properties":{"c":"unclassified","n":"Saariniemenkatu","r":5}},{"type":"Feature","geometry":{"type":"LineString","coordinates":[[24.946948,60.177578],[24.946936,60.177545],[24.946894,60.177477]]},"properties":{"c":"unclassified","n":"Saariniemenkatu","r":5}},{"type":"Feature","geometry":{"type":"LineString","coordinates":[[24.946693,60.177514],[24.945134,60.177795]]},"properties":{"c":"unclassified","n":"Pitk\u00e4nsillanranta","r":5}},{"type":"Feature","geometry":{"type":"LineString","coordinates":[[24.951932,60.175659],[24.952058,60.175663]]},"properties":{"c":"unclassified","n":"Siltavuorenpenger","r":5}},{"type":"Feature","geometry":{"type":"LineString","coordinates":[[24.952989,60.174773],[24.952961,60.175018]]},"properties":{"c":"residential","n":"Snellmaninkatu","r":6}},{"type":"Feature","geometry":{"type":"LineString","coordinates":[[24.953062,60.174171],[24.953056,60.174238]]},"properties":{"c":"residential","n":"Snellmaninkatu","r":6}},{"type":"Feature","geometry":{"type":"LineString","coordinates":[[24.951563,60.175559],[24.951632,60.175584],[24.951932,60.175659]]},"properties":{"c":"unclassified","n":"Siltavuorenpenger","r":5}},{"type":"Feature","geometry":{"type":"LineString","coordinates":[[24.952058,60.175663],[24.952064,60.175606],[24.952076,60.175499],[24.952123,60.175066],[24.952269,60.175069],[24.952825,60.175082],[24.952958,60.175085]]},"properties":{"c":"unclassified","n":"Siltavuorenpenger","r":5}},{"type":"Feature","geometry":{"type":"LineString","coordinates":[[24.952961,60.175018],[24.952959,60.17504],[24.952958,60.175085]]},"properties":{"c":"residential","n":"Snellmaninkatu","r":6}},{"type":"Feature","geometry":{"type":"LineString","coordinates":[[24.953056,60.174238],[24.95304,60.174358],[24.953033,60.174415],[24.95301,60.174592]]},"properties":{"c":"residential","n":"Snellmaninkatu","r":6}},{"type":"Feature","geometry":{"type":"LineString","coordinates":[[24.949561,60.166784],[24.949572,60.166689]]},"properties":{"c":"residential","n":"Fabianinkatu","r":6}},{"type":"Feature","geometry":{"type":"LineString","coordinates":[[24.94959,60.166529],[24.949612,60.166331]]},"properties":{"c":"residential","n":"Fabianinkatu","r":6}},{"type":"Feature","geometry":{"type":"LineString","coordinates":[[24.949612,60.166331],[24.949664,60.165875]]},"properties":{"c":"residential","n":"Fabianinkatu","r":6}},{"type":"Feature","geometry":{"type":"LineString","coordinates":[[24.949583,60.16659],[24.94959,60.166529]]},"properties":{"c":"residential","n":"Fabianinkatu","r":6}},{"type":"Feature","geometry":{"type":"LineString","coordinates":[[24.951682,60.178239],[24.951804,60.178242],[24.952023,60.178247],[24.952248,60.178253]]},"properties":{"c":"secondary","n":"Hakaniemenranta","r":3}},{"type":"Feature","geometry":{"type":"LineString","coordinates":[[24.950964,60.178219],[24.951447,60.178233]]},"properties":{"c":"secondary","n":"Hakaniemenranta","r":3}},{"type":"Feature","geometry":{"type":"LineString","coordinates":[[24.935679,60.165385],[24.935584,60.165351],[24.935488,60.165326],[24.935435,60.165307]]},"properties":{"c":"primary","n":"L\u00f6nnrotinkatu","r":2}},{"type":"Feature","geometry":{"type":"LineString","coordinates":[[24.937255,60.164162],[24.937156,60.164236],[24.937114,60.164267],[24.937024,60.164325]]},"properties":{"c":"tertiary","n":"Fredrikinkatu","r":4}},{"type":"Feature","geometry":{"type":"LineString","coordinates":[[24.947423,60.167171],[24.947492,60.167172],[24.947629,60.167173],[24.947762,60.167175],[24.947837,60.167177]]},"properties":{"c":"primary","n":"Etel\u00e4esplanadi","r":2}},{"type":"Feature","geometry":{"type":"LineString","coordinates":[[24.939158,60.169297],[24.939549,60.169044]]},"properties":{"c":"primary","n":"Mannerheimintie","r":2}},{"type":"Feature","geometry":{"type":"LineString","coordinates":[[24.939549,60.169044],[24.939633,60.168988],[24.939697,60.168943],[24.939867,60.168828]]},"properties":{"c":"primary","n":"Mannerheimintie","r":2}},{"type":"Feature","geometry":{"type":"LineString","coordinates":[[24.938973,60.169419],[24.939158,60.169297]]},"properties":{"c":"primary","n":"Mannerheimintie","r":2}},{"type":"Feature","geometry":{"type":"LineString","coordinates":[[24.938696,60.167554],[24.939038,60.167672]]},"properties":{"c":"residential","n":"Kalevankatu","r":6}},{"type":"Feature","geometry":{"type":"LineString","coordinates":[[24.953189,60.178391],[24.952715,60.178378],[24.952451,60.178372],[24.952246,60.178364]]},"properties":{"c":"secondary","n":"Hakaniemenranta","r":3}},{"type":"Feature","geometry":{"type":"LineString","coordinates":[[24.953018,60.178201],[24.952466,60.178181],[24.952036,60.17817],[24.951983,60.178162],[24.951954,60.178144],[24.951929,60.178112],[24.951935,60.178032],[24.952033,60.177088],[24.952033,60.177038],[24.952027,60.177016],[24.952005,60.17699],[24.951977,60.176969],[24.951728,60.176892],[24.951636,60.176879],[24.951593,60.176875],[24.951593,60.176859],[24.951475,60.176825],[24.951045,60.176698],[24.950752,60.176691],[24.950757,60.176647],[24.951049,60.176653],[24.952205,60.177009],[24.952195,60.177155],[24.952193,60.177174],[24.952128,60.178],[24.952201,60.178028],[24.953355,60.178063]]},"properties":{"c":"pedestrian","n":"","r":8}},{"type":"Feature","geometry":{"type":"LineString","coordinates":[[24.944114,60.164402],[24.944094,60.164583],[24.944074,60.164809]]},"properties":{"c":"residential","n":"Erottajankatu","r":6}},{"type":"Feature","geometry":{"type":"LineString","coordinates":[[24.946938,60.16422],[24.94626,60.164201]]},"properties":{"c":"residential","n":"Pieni Roobertinkatu","r":6}},{"type":"Feature","geometry":{"type":"LineString","coordinates":[[24.947318,60.164232],[24.946938,60.16422]]},"properties":{"c":"residential","n":"Pieni Roobertinkatu","r":6}},{"type":"Feature","geometry":{"type":"LineString","coordinates":[[24.94793,60.164342],[24.947906,60.164597]]},"properties":{"c":"residential","n":"Kasarmikatu","r":6}},{"type":"Feature","geometry":{"type":"LineString","coordinates":[[24.948825,60.1672],[24.949314,60.167212]]},"properties":{"c":"primary","n":"Etel\u00e4esplanadi","r":2}},{"type":"Feature","geometry":{"type":"LineString","coordinates":[[24.951328,60.165607],[24.95134,60.165503]]},"properties":{"c":"secondary","n":"Unioninkatu","r":3}},{"type":"Feature","geometry":{"type":"LineString","coordinates":[[24.949262,60.164478],[24.949294,60.16416]]},"properties":{"c":"service","n":"","r":8}},{"type":"Feature","geometry":{"type":"LineString","coordinates":[[24.940483,60.169379],[24.940489,60.169383],[24.940495,60.169387],[24.940499,60.169393],[24.94055,60.169393],[24.940625,60.169394],[24.940723,60.169395],[24.940729,60.169329],[24.940808,60.169312],[24.940793,60.1693],[24.940734,60.16925],[24.940781,60.169237],[24.940703,60.169169],[24.940532,60.169217],[24.940476,60.169168],[24.940462,60.169171],[24.940377,60.169094],[24.940386,60.16909],[24.940333,60.169042],[24.940428,60.169015],[24.940384,60.168976],[24.940467,60.168954],[24.940461,60.168948],[24.940523,60.168931],[24.94051,60.16892],[24.940504,60.168921],[24.940496,60.168914],[24.94051,60.16891],[24.940503,60.168904],[24.940508,60.168903],[24.940502,60.168898],[24.940552,60.168884],[24.940561,60.168857],[24.940458,60.168818],[24.94006,60.169085],[24.940018,60.169113],[24.939849,60.169225],[24.939851,60.169247],[24.939876,60.169271],[24.939912,60.16929],[24.939975,60.169292],[24.940004,60.169292],[24.940013,60.169285],[24.940059,60.169285],[24.940067,60.169295],[24.94012,60.169296],[24.940134,60.169283],[24.940156,60.169273],[24.940187,60.169266],[24.940219,60.169265],[24.940256,60.169268],[24.940285,60.169275],[24.940305,60.169287],[24.940318,60.169301],[24.940344,60.169302],[24.940345,60.169289],[24.940345,60.169276],[24.940356,60.169282],[24.940367,60.169286],[24.940456,60.169285],[24.940468,60.169286],[24.940479,60.16929],[24.940487,60.169297],[24.940489,60.169305],[24.940483,60.169379]]},"properties":{"c":"pedestrian","n":"Ylioppilasaukio","r":8}},{"type":"Feature","geometry":{"type":"LineString","coordinates":[[24.950628,60.172234],[24.950503,60.172233],[24.949364,60.172207]]},"properties":{"c":"service","n":"","r":8}},{"type":"Feature","geometry":{"type":"LineString","coordinates":[[24.95075,60.171093],[24.950623,60.17109],[24.950596,60.171089],[24.950075,60.171073],[24.95,60.17185],[24.950503,60.171867],[24.950546,60.171869],[24.950668,60.171873]]},"properties":{"c":"service","n":"","r":8}},{"type":"Feature","geometry":{"type":"LineString","coordinates":[[24.943515,60.164614],[24.943653,60.164514],[24.943935,60.164317],[24.944138,60.164176]]},"properties":{"c":"residential","n":"Yrj\u00f6nkatu","r":6}},{"type":"Feature","geometry":{"type":"LineString","coordinates":[[24.94294,60.165033],[24.943515,60.164614]]},"properties":{"c":"residential","n":"Yrj\u00f6nkatu","r":6}},{"type":"Feature","geometry":{"type":"LineString","coordinates":[[24.94228,60.165507],[24.942392,60.165426]]},"properties":{"c":"residential","n":"Yrj\u00f6nkatu","r":6}},{"type":"Feature","geometry":{"type":"LineString","coordinates":[[24.935516,60.170653],[24.935549,60.170664]]},"properties":{"c":"pedestrian","n":"Salomonkatu","r":8}},{"type":"Feature","geometry":{"type":"LineString","coordinates":[[24.945524,60.167721],[24.945045,60.167711],[24.944486,60.167698]]},"properties":{"c":"primary","n":"Pohjoisesplanadi","r":2}},{"type":"Feature","geometry":{"type":"LineString","coordinates":[[24.944486,60.167698],[24.944282,60.167693]]},"properties":{"c":"primary","n":"Pohjoisesplanadi","r":2}},{"type":"Feature","geometry":{"type":"LineString","coordinates":[[24.943181,60.167668],[24.943129,60.167667],[24.943019,60.167661]]},"properties":{"c":"primary","n":"Pohjoisesplanadi","r":2}},{"type":"Feature","geometry":{"type":"LineString","coordinates":[[24.944338,60.171928],[24.944327,60.172016],[24.944323,60.172032]]},"properties":{"c":"unclassified","n":"It\u00e4inen Teatterikuja","r":5}},{"type":"Feature","geometry":{"type":"LineString","coordinates":[[24.944221,60.17298],[24.944141,60.172978]]},"properties":{"c":"unclassified","n":"Bergbominkuja","r":5}},{"type":"Feature","geometry":{"type":"LineString","coordinates":[[24.943313,60.172953],[24.943339,60.172904],[24.943429,60.172021],[24.943435,60.171982],[24.943447,60.171891]]},"properties":{"c":"unclassified","n":"L\u00e4ntinen Teatterikuja","r":5}},{"type":"Feature","geometry":{"type":"LineString","coordinates":[[24.940475,60.169463],[24.940478,60.169426],[24.940462,60.16943],[24.940449,60.169431],[24.940407,60.169443],[24.940408,60.169466],[24.940441,60.169491],[24.940423,60.169685],[24.940404,60.169685],[24.940402,60.169706],[24.940478,60.169708],[24.940711,60.169714],[24.940712,60.169704],[24.940711,60.169693],[24.940693,60.169693],[24.940713,60.169487],[24.940714,60.169468],[24.940621,60.169466],[24.940544,60.169465],[24.940475,60.169463]]},"properties":{"c":"pedestrian","n":"Kaivopiha","r":8}},{"type":"Feature","geometry":{"type":"LineString","coordinates":[[24.949151,60.170717],[24.949253,60.170719],[24.949822,60.170738]]},"properties":{"c":"unclassified","n":"Kirkkokatu","r":5}},{"type":"Feature","geometry":{"type":"LineString","coordinates":[[24.938982,60.172125],[24.93887,60.172118],[24.938816,60.172114],[24.938588,60.1721]]},"properties":{"c":"unclassified","n":"Postikuja","r":5}},{"type":"Feature","geometry":{"type":"LineString","coordinates":[[24.947568,60.170907],[24.947646,60.170225]]},"properties":{"c":"unclassified","n":"Vuorikatu","r":5}},{"type":"Feature","geometry":{"type":"LineString","coordinates":[[24.941656,60.170504],[24.941632,60.170574],[24.941633,60.170597],[24.941647,60.170609],[24.941673,60.170617],[24.941709,60.170619],[24.942187,60.170631],[24.942301,60.170636],[24.942337,60.170631],[24.942364,60.17062],[24.942373,60.170603],[24.942375,60.170582],[24.942381,60.170519]]},"properties":{"c":"service","n":"","r":8}},{"type":"Feature","geometry":{"type":"LineString","coordinates":[[24.940589,60.170478],[24.940569,60.170548],[24.940567,60.170572],[24.94058,60.170586],[24.940603,60.170593],[24.940638,60.170596],[24.941171,60.170607],[24.941321,60.170613],[24.941355,60.170604],[24.941385,60.170587],[24.941398,60.170569],[24.941401,60.170498]]},"properties":{"c":"service","n":"","r":8}},{"type":"Feature","geometry":{"type":"LineString","coordinates":[[24.941569,60.168883],[24.941508,60.169401]]},"properties":{"c":"pedestrian","n":"City-k\u00e4yt\u00e4v\u00e4","r":8}},{"type":"Feature","geometry":{"type":"LineString","coordinates":[[24.940478,60.169708],[24.940443,60.170087],[24.940482,60.170115],[24.94047,60.170187]]},"properties":{"c":"pedestrian","n":"","r":8}},{"type":"Feature","geometry":{"type":"LineString","coordinates":[[24.949969,60.178372],[24.950153,60.178287]]},"properties":{"c":"tertiary_link","n":"Hakaniemenranta","r":8}},{"type":"Feature","geometry":{"type":"LineString","coordinates":[[24.95188,60.177035],[24.951847,60.176993],[24.951788,60.176961],[24.951711,60.176939],[24.95165,60.176927]]},"properties":{"c":"unclassified","n":"John Stenbergin ranta","r":5}},{"type":"Feature","geometry":{"type":"LineString","coordinates":[[24.951794,60.178354],[24.951804,60.178242],[24.951784,60.178153],[24.951784,60.178125],[24.951785,60.178068],[24.951788,60.178028],[24.951793,60.177985]]},"properties":{"c":"unclassified","n":"John Stenbergin ranta","r":5}},{"type":"Feature","geometry":{"type":"LineString","coordinates":[[24.94927,60.175792],[24.949053,60.175808]]},"properties":{"c":"unclassified","n":"Kaisaniemenranta","r":5}},{"type":"Feature","geometry":{"type":"LineString","coordinates":[[24.947059,60.178078],[24.947681,60.178092]]},"properties":{"c":"unclassified","n":"Paasivuorenkatu","r":5}},{"type":"Feature","geometry":{"type":"LineString","coordinates":[[24.950199,60.176884],[24.950055,60.176878]]},"properties":{"c":"unclassified","n":"Pitk\u00e4nsillanranta","r":5}},{"type":"Feature","geometry":{"type":"LineString","coordinates":[[24.950262,60.176124],[24.950213,60.176623]]},"properties":{"c":"secondary","n":"Pitk\u00e4silta","r":3}},{"type":"Feature","geometry":{"type":"LineString","coordinates":[[24.946857,60.178534],[24.94686,60.178512],[24.946864,60.17846],[24.946886,60.178262],[24.946903,60.178075],[24.946915,60.177927]]},"properties":{"c":"unclassified","n":"Saariniemenkatu","r":5}},{"type":"Feature","geometry":{"type":"LineString","coordinates":[[24.945134,60.177795],[24.945072,60.177824],[24.945035,60.17785],[24.945009,60.177896],[24.944975,60.178475]]},"properties":{"c":"unclassified","n":"Siltasaarenk\u00e4rki","r":5}},{"type":"Feature","geometry":{"type":"LineString","coordinates":[[24.951382,60.175552],[24.951418,60.175553],[24.951563,60.175559]]},"properties":{"c":"unclassified","n":"Siltavuorenpenger","r":5}},{"type":"Feature","geometry":{"type":"LineString","coordinates":[[24.944975,60.178475],[24.945027,60.178506],[24.946518,60.178914]]},"properties":{"c":"unclassified","n":"S\u00e4\u00e4st\u00f6pankinranta","r":5}},{"type":"Feature","geometry":{"type":"LineString","coordinates":[[24.95013,60.17612],[24.950139,60.176051],[24.950141,60.176001],[24.95014,60.175904],[24.950142,60.175808]]},"properties":{"c":"secondary","n":"Unioninkatu","r":3}},{"type":"Feature","geometry":{"type":"LineString","coordinates":[[24.950142,60.175808],[24.950293,60.175819]]},"properties":{"c":"unclassified","n":"","r":5}},{"type":"Feature","geometry":{"type":"LineString","coordinates":[[24.952058,60.175663],[24.952188,60.175709],[24.952293,60.17578],[24.953394,60.176116]]},"properties":{"c":"service","n":"","r":8}},{"type":"Feature","geometry":{"type":"LineString","coordinates":[[24.952998,60.174684],[24.953137,60.174687],[24.953195,60.174689]]},"properties":{"c":"unclassified","n":"Oikokatu","r":5}},{"type":"Feature","geometry":{"type":"LineString","coordinates":[[24.948857,60.173122],[24.948766,60.173112],[24.948667,60.173086],[24.948521,60.173079]]},"properties":{"c":"residential","n":"Puutarhakatu","r":6}},{"type":"Feature","geometry":{"type":"LineString","coordinates":[[24.950047,60.173797],[24.95018,60.17378],[24.950282,60.173767]]},"properties":{"c":"secondary","n":"Unioninkatu","r":3}},{"type":"Feature","geometry":{"type":"LineString","coordinates":[[24.950243,60.173904],[24.950295,60.173942],[24.950334,60.173975],[24.950372,60.174019]]},"properties":{"c":"secondary","n":"Unioninkatu","r":3}},{"type":"Feature","geometry":{"type":"LineString","coordinates":[[24.950522,60.173126],[24.950658,60.173113],[24.951594,60.173134],[24.951701,60.173137],[24.953058,60.173172],[24.95319,60.173178]]},"properties":{"c":"pedestrian","n":"Yrj\u00f6-Koskisen katu","r":8}},{"type":"Feature","geometry":{"type":"LineString","coordinates":[[24.935428,60.170615],[24.935545,60.170538],[24.935614,60.170445],[24.93567,60.170366],[24.935316,60.170235],[24.935243,60.170207]]},"properties":{"c":"pedestrian","n":"Mauno Koiviston aukio","r":8}},{"type":"Feature","geometry":{"type":"LineString","coordinates":[[24.937557,60.167983],[24.93749,60.16803],[24.937473,60.168043]]},"properties":{"c":"residential","n":"Yrj\u00f6nkatu","r":6}},{"type":"Feature","geometry":{"type":"LineString","coordinates":[[24.943576,60.166641],[24.94368,60.166651],[24.943779,60.166665],[24.943871,60.166691]]},"properties":{"c":"primary","n":"Etel\u00e4esplanadi","r":2}},{"type":"Feature","geometry":{"type":"LineString","coordinates":[[24.941823,60.167507],[24.941695,60.167471],[24.94166,60.167458]]},"properties":{"c":"primary","n":"L\u00f6nnrotinkatu","r":2}},{"type":"Feature","geometry":{"type":"LineString","coordinates":[[24.947416,60.172398],[24.947426,60.172235]]},"properties":{"c":"residential","n":"Vuorikatu","r":6}},{"type":"Feature","geometry":{"type":"LineString","coordinates":[[24.947338,60.173044],[24.94734,60.17302],[24.947343,60.172992],[24.947344,60.172977]]},"properties":{"c":"residential","n":"Vuorikatu","r":6}},{"type":"Feature","geometry":{"type":"LineString","coordinates":[[24.947426,60.172235],[24.947431,60.172198],[24.947435,60.172166]]},"properties":{"c":"residential","n":"Vuorikatu","r":6}},{"type":"Feature","geometry":{"type":"LineString","coordinates":[[24.94723,60.17598],[24.946845,60.176024],[24.946364,60.176078],[24.946257,60.176092],[24.945888,60.176139],[24.945477,60.176189],[24.945135,60.176232]]},"properties":{"c":"unclassified","n":"Kaisaniemenranta","r":5}},{"type":"Feature","geometry":{"type":"LineString","coordinates":[[24.950952,60.16977],[24.951201,60.169778],[24.952088,60.169798]]},"properties":{"c":"residential","n":"Hallituskatu","r":6}},{"type":"Feature","geometry":{"type":"LineString","coordinates":[[24.953382,60.171454],[24.95325,60.171453],[24.953184,60.171447],[24.953083,60.171433],[24.952984,60.171401],[24.952922,60.171362],[24.952885,60.171293],[24.952877,60.171244],[24.952889,60.171143],[24.952915,60.171086],[24.952956,60.171042],[24.953012,60.171],[24.953079,60.170972],[24.953158,60.170956],[24.953264,60.170952],[24.953303,60.17095]]},"properties":{"c":"service","n":"Snellmaninaukio","r":8}},{"type":"Feature","geometry":{"type":"LineString","coordinates":[[24.950708,60.171482],[24.950834,60.171486]]},"properties":{"c":"unclassified","n":"Rauhankatu","r":5}},{"type":"Feature","geometry":{"type":"LineString","coordinates":[[24.950847,60.167248],[24.950922,60.167249],[24.951128,60.167258]]},"properties":{"c":"primary","n":"Etel\u00e4esplanadi","r":2}},{"type":"Feature","geometry":{"type":"LineString","coordinates":[[24.95242,60.167396],[24.952416,60.167442],[24.952401,60.167672],[24.952398,60.167711]]},"properties":{"c":"primary","n":"Etel\u00e4ranta","r":2}},{"type":"Feature","geometry":{"type":"LineString","coordinates":[[24.95208,60.169043],[24.952085,60.168992],[24.952171,60.167973],[24.952178,60.167907]]},"properties":{"c":"pedestrian","n":"Sofiankatu","r":8}},{"type":"Feature","geometry":{"type":"LineString","coordinates":[[24.951062,60.167875],[24.951079,60.16771]]},"properties":{"c":"secondary","n":"Unioninkatu","r":3}},{"type":"Feature","geometry":{"type":"LineString","coordinates":[[24.951415,60.164823],[24.951533,60.164823]]},"properties":{"c":"secondary","n":"Etel\u00e4inen Makasiinikatu","r":3}},{"type":"Feature","geometry":{"type":"LineString","coordinates":[[24.952788,60.164877],[24.952897,60.16488],[24.952971,60.164882]]},"properties":{"c":"unclassified","n":"","r":5}},{"type":"Feature","geometry":{"type":"LineString","coordinates":[[24.946664,60.173062],[24.946652,60.173087],[24.946643,60.173182]]},"properties":{"c":"service","n":"","r":8}},{"type":"Feature","geometry":{"type":"LineString","coordinates":[[24.94734,60.17302],[24.947236,60.173029],[24.946944,60.173022],[24.946773,60.173019],[24.946711,60.173029],[24.946685,60.173045],[24.946664,60.173062]]},"properties":{"c":"service","n":"","r":8}},{"type":"Feature","geometry":{"type":"LineString","coordinates":[[24.939525,60.166719],[24.939453,60.166763],[24.93942,60.166792],[24.939109,60.167005]]},"properties":{"c":"service","n":"L\u00f6nnrotin puistikko","r":8}},{"type":"Feature","geometry":{"type":"LineString","coordinates":[[24.948627,60.164767],[24.948616,60.164837],[24.948612,60.164876],[24.948605,60.16494],[24.948554,60.165434],[24.948548,60.165497],[24.948544,60.165557],[24.948535,60.165614]]},"properties":{"c":"service","n":"Kasarmitori","r":8}},{"type":"Feature","geometry":{"type":"LineString","coordinates":[[24.94775,60.164245],[24.947318,60.164232]]},"properties":{"c":"residential","n":"Pieni Roobertinkatu","r":6}},{"type":"Feature","geometry":{"type":"LineString","coordinates":[[24.943525,60.165404],[24.943656,60.165433],[24.943761,60.16547],[24.943911,60.16555],[24.943986,60.16561]]},"properties":{"c":"primary","n":"Uudenmaankatu","r":2}},{"type":"Feature","geometry":{"type":"LineString","coordinates":[[24.946341,60.170995],[24.94652,60.171051],[24.946826,60.171166],[24.947015,60.171236],[24.947216,60.171317]]},"properties":{"c":"secondary","n":"Kaisaniemenkatu","r":3}},{"type":"Feature","geometry":{"type":"LineString","coordinates":[[24.952649,60.16451],[24.952689,60.164444]]},"properties":{"c":"secondary","n":"Etel\u00e4ranta","r":3}},{"type":"Feature","geometry":{"type":"LineString","coordinates":[[24.952676,60.164359],[24.952663,60.164271]]},"properties":{"c":"residential","n":"Etel\u00e4ranta","r":6}},{"type":"Feature","geometry":{"type":"LineString","coordinates":[[24.952553,60.164769],[24.952573,60.164702],[24.952631,60.164546],[24.952649,60.16451]]},"properties":{"c":"secondary","n":"Etel\u00e4ranta","r":3}},{"type":"Feature","geometry":{"type":"LineString","coordinates":[[24.952913,60.166615],[24.953064,60.166619],[24.953082,60.166452],[24.953109,60.166208]]},"properties":{"c":"service","n":"","r":8}},{"type":"Feature","geometry":{"type":"LineString","coordinates":[[24.938102,60.164701],[24.938298,60.16477]]},"properties":{"c":"tertiary","n":"Bulevardi","r":4}},{"type":"Feature","geometry":{"type":"LineString","coordinates":[[24.937229,60.164394],[24.937413,60.164459]]},"properties":{"c":"tertiary","n":"Bulevardi","r":4}},{"type":"Feature","geometry":{"type":"LineString","coordinates":[[24.945126,60.165716],[24.945125,60.165727],[24.945119,60.165783]]},"properties":{"c":"service","n":"","r":8}},{"type":"Feature","geometry":{"type":"LineString","coordinates":[[24.945892,60.165802],[24.945897,60.165745],[24.945903,60.165686]]},"properties":{"c":"residential","n":"Korkeavuorenkatu","r":6}},{"type":"Feature","geometry":{"type":"LineString","coordinates":[[24.945764,60.167115],[24.94577,60.167049]]},"properties":{"c":"residential","n":"Korkeavuorenkatu","r":6}},{"type":"Feature","geometry":{"type":"LineString","coordinates":[[24.942892,60.174219],[24.943026,60.174102]]},"properties":{"c":"unclassified","n":"Kaisaniemen puistokuja","r":5}},{"type":"Feature","geometry":{"type":"LineString","coordinates":[[24.943123,60.173872],[24.943134,60.17382],[24.943148,60.173681],[24.943183,60.173504]]},"properties":{"c":"unclassified","n":"Kaisaniemen puistokuja","r":5}},{"type":"Feature","geometry":{"type":"LineString","coordinates":[[24.943265,60.17309],[24.943286,60.173004],[24.943313,60.172953]]},"properties":{"c":"unclassified","n":"Kaisaniemen puistokuja","r":5}},{"type":"Feature","geometry":{"type":"LineString","coordinates":[[24.942249,60.175579],[24.942345,60.175228],[24.942388,60.174985]]},"properties":{"c":"unclassified","n":"Kaisaniemen puistokuja","r":5}},{"type":"Feature","geometry":{"type":"LineString","coordinates":[[24.943183,60.173504],[24.943265,60.17309]]},"properties":{"c":"unclassified","n":"Kaisaniemen puistokuja","r":5}},{"type":"Feature","geometry":{"type":"LineString","coordinates":[[24.942388,60.174985],[24.942427,60.174784],[24.942478,60.174662],[24.942587,60.174498],[24.9427,60.174369],[24.942892,60.174219]]},"properties":{"c":"unclassified","n":"Kaisaniemen puistokuja","r":5}},{"type":"Feature","geometry":{"type":"LineString","coordinates":[[24.945646,60.169789],[24.947143,60.169822]]},"properties":{"c":"unclassified","n":"Yliopistonkatu","r":5}},{"type":"Feature","geometry":{"type":"LineString","coordinates":[[24.947143,60.169822],[24.947367,60.16983],[24.947638,60.169835],[24.947735,60.169838],[24.949127,60.169876]]},"properties":{"c":"unclassified","n":"Yliopistonkatu","r":5}},{"type":"Feature","geometry":{"type":"LineString","coordinates":[[24.945088,60.171423],[24.945083,60.171465],[24.945081,60.171491]]},"properties":{"c":"unclassified","n":"Mikonkatu","r":5}},{"type":"Feature","geometry":{"type":"LineString","coordinates":[[24.945143,60.170899],[24.945134,60.170989]]},"properties":{"c":"unclassified","n":"Mikonkatu","r":5}},{"type":"Feature","geometry":{"type":"LineString","coordinates":[[24.945134,60.170989],[24.945124,60.171079]]},"properties":{"c":"unclassified","n":"Mikonkatu","r":5}},{"type":"Feature","geometry":{"type":"LineString","coordinates":[[24.945069,60.171607],[24.945045,60.171834],[24.945039,60.171886],[24.945037,60.171904],[24.945025,60.172015]]},"properties":{"c":"unclassified","n":"Mikonkatu","r":5}},{"type":"Feature","geometry":{"type":"LineString","coordinates":[[24.937048,60.16677],[24.936896,60.166877]]},"properties":{"c":"residential","n":"Annankatu","r":6}},{"type":"Feature","geometry":{"type":"LineString","coordinates":[[24.950726,60.176902],[24.950439,60.176893],[24.950348,60.176891]]},"properties":{"c":"unclassified","n":"John Stenbergin ranta","r":5}},{"type":"Feature","geometry":{"type":"LineString","coordinates":[[24.938411,60.166334],[24.938233,60.166273]]},"properties":{"c":"primary","n":"L\u00f6nnrotinkatu","r":2}},{"type":"Feature","geometry":{"type":"LineString","coordinates":[[24.942881,60.167654],[24.942523,60.167617],[24.942335,60.167595],[24.942304,60.167591]]},"properties":{"c":"primary","n":"Pohjoisesplanadi","r":2}},{"type":"Feature","geometry":{"type":"LineString","coordinates":[[24.950589,60.164801],[24.95002,60.164785]]},"properties":{"c":"residential","n":"Etel\u00e4inen Makasiinikatu","r":6}},{"type":"Feature","geometry":{"type":"LineString","coordinates":[[24.950809,60.164807],[24.950701,60.164804],[24.950589,60.164801]]},"properties":{"c":"residential","n":"Etel\u00e4inen Makasiinikatu","r":6}},{"type":"Feature","geometry":{"type":"LineString","coordinates":[[24.952096,60.164834],[24.952325,60.164839],[24.952393,60.16484],[24.952433,60.164841]]},"properties":{"c":"secondary","n":"Etel\u00e4inen Makasiinikatu","r":3}},{"type":"Feature","geometry":{"type":"LineString","coordinates":[[24.9497,60.165552],[24.949705,60.165514]]},"properties":{"c":"residential","n":"Fabianinkatu","r":6}},{"type":"Feature","geometry":{"type":"LineString","coordinates":[[24.950692,60.164891],[24.950679,60.165023]]},"properties":{"c":"service","n":"","r":8}},{"type":"Feature","geometry":{"type":"LineString","coordinates":[[24.950701,60.164804],[24.950694,60.164871],[24.950692,60.164891]]},"properties":{"c":"service","n":"","r":8}},{"type":"Feature","geometry":{"type":"LineString","coordinates":[[24.945135,60.176232],[24.944565,60.176295]]},"properties":{"c":"unclassified","n":"Kaisaniemenranta","r":5}},{"type":"Feature","geometry":{"type":"LineString","coordinates":[[24.944565,60.176295],[24.944441,60.176309],[24.944158,60.176346]]},"properties":{"c":"unclassified","n":"Kaisaniemenranta","r":5}},{"type":"Feature","geometry":{"type":"LineString","coordinates":[[24.944141,60.172978],[24.944012,60.172974]]},"properties":{"c":"unclassified","n":"Bergbominkuja","r":5}},{"type":"Feature","geometry":{"type":"LineString","coordinates":[[24.944012,60.172974],[24.943557,60.172962]]},"properties":{"c":"unclassified","n":"Bergbominkuja","r":5}},{"type":"Feature","geometry":{"type":"LineString","coordinates":[[24.943557,60.172962],[24.943422,60.172958],[24.943313,60.172953]]},"properties":{"c":"unclassified","n":"Bergbominkuja","r":5}},{"type":"Feature","geometry":{"type":"LineString","coordinates":[[24.948016,60.178364],[24.948047,60.178365],[24.948051,60.178318],[24.948106,60.178319],[24.948113,60.178257],[24.948041,60.178255],[24.948045,60.178218],[24.947679,60.178208],[24.947675,60.178244],[24.947412,60.178238],[24.947402,60.17833],[24.947401,60.178348],[24.947579,60.178353],[24.948016,60.178364]]},"properties":{"c":"pedestrian","n":"","r":8}},{"type":"Feature","geometry":{"type":"LineString","coordinates":[[24.947171,60.178324],[24.947136,60.178323],[24.946988,60.17832],[24.946994,60.178263],[24.946999,60.178215],[24.947147,60.178219],[24.947182,60.178219],[24.947171,60.178324]]},"properties":{"c":"pedestrian","n":"","r":8}},{"type":"Feature","geometry":{"type":"LineString","coordinates":[[24.947402,60.17833],[24.947412,60.178238],[24.947413,60.178226],[24.947182,60.178219],[24.947171,60.178324],[24.947402,60.17833]]},"properties":{"c":"pedestrian","n":"","r":8}},{"type":"Feature","geometry":{"type":"LineString","coordinates":[[24.946914,60.177359],[24.946979,60.177462]]},"properties":{"c":"service","n":"","r":8}},{"type":"Feature","geometry":{"type":"LineString","coordinates":[[24.949422,60.168088],[24.949424,60.168076],[24.949427,60.16805],[24.949429,60.168028]]},"properties":{"c":"residential","n":"Fabianinkatu","r":6}},{"type":"Feature","geometry":{"type":"LineString","coordinates":[[24.947754,60.166108],[24.947747,60.166162],[24.947745,60.16618]]},"properties":{"c":"residential","n":"Kasarmikatu","r":6}},{"type":"Feature","geometry":{"type":"LineString","coordinates":[[24.94781,60.165668],[24.947802,60.165731]]},"properties":{"c":"residential","n":"Kasarmikatu","r":6}},{"type":"Feature","geometry":{"type":"LineString","coordinates":[[24.941956,60.167726],[24.9416,60.16796]]},"properties":{"c":"primary","n":"Mannerheimintie","r":2}},{"type":"Feature","geometry":{"type":"LineString","coordinates":[[24.950952,60.16977],[24.95102,60.169589]]},"properties":{"c":"secondary","n":"Unioninkatu","r":3}},{"type":"Feature","geometry":{"type":"LineString","coordinates":[[24.95102,60.169589],[24.951042,60.169419]]},"properties":{"c":"secondary","n":"Unioninkatu","r":3}},{"type":"Feature","geometry":{"type":"LineString","coordinates":[[24.951042,60.169419],[24.951053,60.169267]]},"properties":{"c":"secondary","n":"Unioninkatu","r":3}},{"type":"Feature","geometry":{"type":"LineString","coordinates":[[24.951053,60.169267],[24.951059,60.169217],[24.951061,60.169153],[24.951038,60.169088],[24.95102,60.169028],[24.95098,60.168924],[24.950979,60.168898]]},"properties":{"c":"secondary","n":"Unioninkatu","r":3}},{"type":"Feature","geometry":{"type":"LineString","coordinates":[[24.946538,60.167148],[24.946897,60.167157]]},"properties":{"c":"primary","n":"Etel\u00e4esplanadi","r":2}},{"type":"Feature","geometry":{"type":"LineString","coordinates":[[24.939515,60.171009],[24.939489,60.171007],[24.939383,60.170995],[24.939252,60.170922]]},"properties":{"c":"service","n":"","r":8}},{"type":"Feature","geometry":{"type":"LineString","coordinates":[[24.939599,60.170647],[24.939665,60.170649],[24.939831,60.170654],[24.93988,60.170664],[24.939903,60.170678],[24.939917,60.1707],[24.939916,60.170732],[24.939885,60.170974],[24.939861,60.170993],[24.939828,60.171007],[24.939786,60.171013],[24.939558,60.17101],[24.939515,60.171009]]},"properties":{"c":"service","n":"","r":8}},{"type":"Feature","geometry":{"type":"LineString","coordinates":[[24.942886,60.169836],[24.942894,60.169773],[24.943108,60.169506]]},"properties":{"c":"service","n":"","r":8}},{"type":"Feature","geometry":{"type":"LineString","coordinates":[[24.943284,60.167669],[24.943181,60.167668]]},"properties":{"c":"primary","n":"Pohjoisesplanadi","r":2}},{"type":"Feature","geometry":{"type":"LineString","coordinates":[[24.94362,60.167677],[24.943284,60.167669]]},"properties":{"c":"primary","n":"Pohjoisesplanadi","r":2}},{"type":"Feature","geometry":{"type":"LineString","coordinates":[[24.944071,60.167689],[24.94362,60.167677]]},"properties":{"c":"primary","n":"Pohjoisesplanadi","r":2}},{"type":"Feature","geometry":{"type":"LineString","coordinates":[[24.953016,60.164265],[24.952906,60.164446]]},"properties":{"c":"secondary","n":"Laivasillankatu","r":3}},{"type":"Feature","geometry":{"type":"LineString","coordinates":[[24.944583,60.17196],[24.944499,60.171949],[24.944407,60.171936],[24.944338,60.171928]]},"properties":{"c":"unclassified","n":"Vilhonkatu","r":5}},{"type":"Feature","geometry":{"type":"LineString","coordinates":[[24.938739,60.169875],[24.938681,60.169913],[24.938572,60.169982]]},"properties":{"c":"primary","n":"Mannerheimintie","r":2}},{"type":"Feature","geometry":{"type":"LineString","coordinates":[[24.95304,60.174358],[24.952903,60.174355],[24.952866,60.174354]]},"properties":{"c":"service","n":"","r":8}},{"type":"Feature","geometry":{"type":"LineString","coordinates":[[24.953191,60.174419],[24.953204,60.17442],[24.9533,60.174422]]},"properties":{"c":"service","n":"","r":8}},{"type":"Feature","geometry":{"type":"LineString","coordinates":[[24.952866,60.174354],[24.95281,60.174353],[24.952722,60.174351]]},"properties":{"c":"service","n":"","r":8}},{"type":"Feature","geometry":{"type":"LineString","coordinates":[[24.953033,60.174415],[24.953171,60.174419],[24.953191,60.174419]]},"properties":{"c":"service","n":"","r":8}},{"type":"Feature","geometry":{"type":"LineString","coordinates":[[24.942903,60.168835],[24.944233,60.168865],[24.94555,60.168897]]},"properties":{"c":"service","n":"Aleksanterinkatu","r":8}},{"type":"Feature","geometry":{"type":"LineString","coordinates":[[24.94555,60.168897],[24.945551,60.168884],[24.945553,60.168865],[24.945559,60.168818]]},"properties":{"c":"pedestrian","n":"Mikonkatu","r":8}},{"type":"Feature","geometry":{"type":"LineString","coordinates":[[24.945892,60.1689],[24.947429,60.168943],[24.949227,60.168986],[24.949328,60.168989]]},"properties":{"c":"service","n":"Aleksanterinkatu","r":8}},{"type":"Feature","geometry":{"type":"LineString","coordinates":[[24.945043,60.170588],[24.945173,60.170639]]},"properties":{"c":"secondary","n":"Kaivokatu","r":3}},{"type":"Feature","geometry":{"type":"LineString","coordinates":[[24.945443,60.169743],[24.94554,60.168977],[24.945546,60.168926],[24.945548,60.16891],[24.94555,60.168897]]},"properties":{"c":"pedestrian","n":"Mikonkatu","r":8}},{"type":"Feature","geometry":{"type":"LineString","coordinates":[[24.945788,60.167728],[24.945673,60.167725]]},"properties":{"c":"primary","n":"Pohjoisesplanadi","r":2}},{"type":"Feature","geometry":{"type":"LineString","coordinates":[[24.945673,60.167725],[24.945524,60.167721]]},"properties":{"c":"primary","n":"Pohjoisesplanadi","r":2}},{"type":"Feature","geometry":{"type":"LineString","coordinates":[[24.951701,60.173137],[24.951717,60.172892]]},"properties":{"c":"service","n":"","r":8}},{"type":"Feature","geometry":{"type":"LineString","coordinates":[[24.951717,60.172892],[24.951723,60.17283],[24.951725,60.172804],[24.951741,60.172764],[24.951787,60.17273]]},"properties":{"c":"service","n":"","r":8}},{"type":"Feature","geometry":{"type":"LineString","coordinates":[[24.939111,60.171645],[24.939179,60.171355]]},"properties":{"c":"service","n":"Elielinaukio","r":8}},{"type":"Feature","geometry":{"type":"LineString","coordinates":[[24.935214,60.174425],[24.935315,60.17437],[24.935427,60.174165]]},"properties":{"c":"service","n":"","r":8}},{"type":"Feature","geometry":{"type":"LineString","coordinates":[[24.9497,60.166787],[24.949675,60.166785],[24.949561,60.166784]]},"properties":{"c":"service","n":"","r":8}},{"type":"Feature","geometry":{"type":"LineString","coordinates":[[24.940963,60.168084],[24.9411,60.167991]]},"properties":{"c":"primary","n":"Mannerheimintie","r":2}},{"type":"Feature","geometry":{"type":"LineString","coordinates":[[24.942062,60.167352],[24.942223,60.167247]]},"properties":{"c":"primary","n":"Mannerheimintie","r":2}},{"type":"Feature","geometry":{"type":"LineString","coordinates":[[24.9411,60.167991],[24.941428,60.167769]]},"properties":{"c":"primary","n":"Mannerheimintie","r":2}},{"type":"Feature","geometry":{"type":"LineString","coordinates":[[24.942223,60.167247],[24.9425,60.167065]]},"properties":{"c":"primary","n":"Mannerheimintie","r":2}},{"type":"Feature","geometry":{"type":"LineString","coordinates":[[24.9425,60.167065],[24.942557,60.167027],[24.942692,60.166948]]},"properties":{"c":"primary","n":"Mannerheimintie","r":2}},{"type":"Feature","geometry":{"type":"LineString","coordinates":[[24.941428,60.167769],[24.941647,60.167621],[24.94173,60.167564],[24.941823,60.167507]]},"properties":{"c":"primary","n":"Mannerheimintie","r":2}},{"type":"Feature","geometry":{"type":"LineString","coordinates":[[24.952462,60.165313],[24.9525,60.16501],[24.952504,60.164986],[24.952535,60.164851]]},"properties":{"c":"unclassified","n":"Etel\u00e4ranta","r":5}},{"type":"Feature","geometry":{"type":"LineString","coordinates":[[24.949151,60.170717],[24.949156,60.170664],[24.949163,60.170596]]},"properties":{"c":"residential","n":"Fabianinkatu","r":6}},{"type":"Feature","geometry":{"type":"LineString","coordinates":[[24.953116,60.169202],[24.952931,60.169198],[24.95198,60.169177],[24.951939,60.169176],[24.951307,60.169161],[24.951061,60.169153]]},"properties":{"c":"service","n":"","r":8}},{"type":"Feature","geometry":{"type":"LineString","coordinates":[[24.940184,60.164265],[24.940255,60.16429],[24.940337,60.164318],[24.940429,60.164349]]},"properties":{"c":"primary","n":"Uudenmaankatu","r":2}},{"type":"Feature","geometry":{"type":"LineString","coordinates":[[24.941982,60.164888],[24.942239,60.164977]]},"properties":{"c":"primary","n":"Uudenmaankatu","r":2}},{"type":"Feature","geometry":{"type":"LineString","coordinates":[[24.941534,60.164733],[24.941624,60.164764]]},"properties":{"c":"primary","n":"Uudenmaankatu","r":2}},{"type":"Feature","geometry":{"type":"LineString","coordinates":[[24.941078,60.164575],[24.941534,60.164733]]},"properties":{"c":"primary","n":"Uudenmaankatu","r":2}},{"type":"Feature","geometry":{"type":"LineString","coordinates":[[24.942239,60.164977],[24.94255,60.165085]]},"properties":{"c":"primary","n":"Uudenmaankatu","r":2}},{"type":"Feature","geometry":{"type":"LineString","coordinates":[[24.941624,60.164764],[24.941982,60.164888]]},"properties":{"c":"primary","n":"Uudenmaankatu","r":2}},{"type":"Feature","geometry":{"type":"LineString","coordinates":[[24.940581,60.164404],[24.941078,60.164575]]},"properties":{"c":"primary","n":"Uudenmaankatu","r":2}},{"type":"Feature","geometry":{"type":"LineString","coordinates":[[24.94255,60.165085],[24.942632,60.165113],[24.942664,60.165124]]},"properties":{"c":"primary","n":"Uudenmaankatu","r":2}},{"type":"Feature","geometry":{"type":"LineString","coordinates":[[24.946897,60.167157],[24.947423,60.167171]]},"properties":{"c":"primary","n":"Etel\u00e4esplanadi","r":2}},{"type":"Feature","geometry":{"type":"LineString","coordinates":[[24.948076,60.167183],[24.948572,60.167194]]},"properties":{"c":"primary","n":"Etel\u00e4esplanadi","r":2}},{"type":"Feature","geometry":{"type":"LineString","coordinates":[[24.94498,60.167072],[24.945204,60.167093],[24.945503,60.167099],[24.945602,60.167101],[24.945764,60.167115]]},"properties":{"c":"primary","n":"Etel\u00e4esplanadi","r":2}},{"type":"Feature","geometry":{"type":"LineString","coordinates":[[24.949998,60.167843],[24.949648,60.167834]]},"properties":{"c":"primary","n":"Pohjoisesplanadi","r":2}},{"type":"Feature","geometry":{"type":"LineString","coordinates":[[24.949648,60.167834],[24.949585,60.167832],[24.949456,60.167828],[24.949327,60.167825],[24.948883,60.167811]]},"properties":{"c":"primary","n":"Pohjoisesplanadi","r":2}},{"type":"Feature","geometry":{"type":"LineString","coordinates":[[24.947788,60.165843],[24.947768,60.165995]]},"properties":{"c":"residential","n":"Kasarmikatu","r":6}},{"type":"Feature","geometry":{"type":"LineString","coordinates":[[24.947768,60.165995],[24.94776,60.166059],[24.947754,60.166108]]},"properties":{"c":"residential","n":"Kasarmikatu","r":6}},{"type":"Feature","geometry":{"type":"LineString","coordinates":[[24.947819,60.175917],[24.94723,60.17598]]},"properties":{"c":"unclassified","n":"Kaisaniemenranta","r":5}},{"type":"Feature","geometry":{"type":"LineString","coordinates":[[24.942937,60.176752],[24.9425,60.176939],[24.942243,60.17705]]},"properties":{"c":"unclassified","n":"Kaisaniemenranta","r":5}},{"type":"Feature","geometry":{"type":"LineString","coordinates":[[24.943449,60.176544],[24.943369,60.176493],[24.94322,60.176386]]},"properties":{"c":"service","n":"","r":8}},{"type":"Feature","geometry":{"type":"LineString","coordinates":[[24.938873,60.170088],[24.938758,60.170049]]},"properties":{"c":"secondary","n":"Kaivokatu","r":3}},{"type":"Feature","geometry":{"type":"LineString","coordinates":[[24.944323,60.172032],[24.944318,60.17208]]},"properties":{"c":"unclassified","n":"It\u00e4inen Teatterikuja","r":5}},{"type":"Feature","geometry":{"type":"LineString","coordinates":[[24.945191,60.172117],[24.945172,60.172377]]},"properties":{"c":"unclassified","n":"Mikonkatu","r":5}},{"type":"Feature","geometry":{"type":"LineString","coordinates":[[24.945138,60.172732],[24.945136,60.172752],[24.945134,60.172766]]},"properties":{"c":"unclassified","n":"Mikonkatu","r":5}},{"type":"Feature","geometry":{"type":"LineString","coordinates":[[24.945172,60.172377],[24.945158,60.172496],[24.945138,60.172732]]},"properties":{"c":"unclassified","n":"Mikonkatu","r":5}},{"type":"Feature","geometry":{"type":"LineString","coordinates":[[24.945,60.172748],[24.944784,60.172743]]},"properties":{"c":"service","n":"","r":8}},{"type":"Feature","geometry":{"type":"LineString","coordinates":[[24.945136,60.172752],[24.945043,60.172749],[24.945,60.172748]]},"properties":{"c":"service","n":"","r":8}},{"type":"Feature","geometry":{"type":"LineString","coordinates":[[24.949252,60.169758],[24.949253,60.169598]]},"properties":{"c":"residential","n":"Fabianinkatu","r":6}},{"type":"Feature","geometry":{"type":"LineString","coordinates":[[24.949253,60.169598],[24.949259,60.16953],[24.949269,60.169456]]},"properties":{"c":"residential","n":"Fabianinkatu","r":6}},{"type":"Feature","geometry":{"type":"LineString","coordinates":[[24.944282,60.167693],[24.944071,60.167689]]},"properties":{"c":"primary","n":"Pohjoisesplanadi","r":2}},{"type":"Feature","geometry":{"type":"LineString","coordinates":[[24.951794,60.178354],[24.95103,60.178337],[24.950883,60.178333],[24.950775,60.17833],[24.950566,60.178319]]},"properties":{"c":"secondary","n":"Hakaniemenranta","r":3}},{"type":"Feature","geometry":{"type":"LineString","coordinates":[[24.940478,60.165531],[24.940563,60.165474],[24.940608,60.165444]]},"properties":{"c":"service","n":"","r":8}},{"type":"Feature","geometry":{"type":"LineString","coordinates":[[24.940768,60.165632],[24.94085,60.165573],[24.940893,60.165543]]},"properties":{"c":"service","n":"","r":8}},{"type":"Feature","geometry":{"type":"LineString","coordinates":[[24.938624,60.164884],[24.938675,60.16485],[24.938707,60.164828],[24.938798,60.164767],[24.939066,60.164577],[24.939118,60.164595]]},"properties":{"c":"service","n":"","r":8}},{"type":"Feature","geometry":{"type":"LineString","coordinates":[[24.941535,60.167415],[24.941157,60.167286],[24.940986,60.167227]]},"properties":{"c":"primary","n":"L\u00f6nnrotinkatu","r":2}},{"type":"Feature","geometry":{"type":"LineString","coordinates":[[24.937045,60.16952],[24.936876,60.169582],[24.936807,60.169585]]},"properties":{"c":"service","n":"","r":8}},{"type":"Feature","geometry":{"type":"LineString","coordinates":[[24.939867,60.168828],[24.940337,60.168527]]},"properties":{"c":"primary","n":"Mannerheimintie","r":2}},{"type":"Feature","geometry":{"type":"LineString","coordinates":[[24.940337,60.168527],[24.940398,60.168484]]},"properties":{"c":"primary","n":"Mannerheimintie","r":2}},{"type":"Feature","geometry":{"type":"LineString","coordinates":[[24.940398,60.168484],[24.940443,60.168456],[24.94062,60.168334],[24.940652,60.168309]]},"properties":{"c":"primary","n":"Mannerheimintie","r":2}},{"type":"Feature","geometry":{"type":"LineString","coordinates":[[24.940652,60.168309],[24.940782,60.168205],[24.940963,60.168084]]},"properties":{"c":"primary","n":"Mannerheimintie","r":2}},{"type":"Feature","geometry":{"type":"LineString","coordinates":[[24.949939,60.17801],[24.949947,60.177902]]},"properties":{"c":"secondary","n":"Siltasaarenkatu","r":3}},{"type":"Feature","geometry":{"type":"LineString","coordinates":[[24.95044,60.174427],[24.950434,60.17454],[24.950415,60.174731]]},"properties":{"c":"secondary","n":"Unioninkatu","r":3}},{"type":"Feature","geometry":{"type":"LineString","coordinates":[[24.941177,60.165774],[24.941567,60.165909],[24.941678,60.165949]]},"properties":{"c":"tertiary","n":"Bulevardi","r":4}},{"type":"Feature","geometry":{"type":"LineString","coordinates":[[24.953263,60.17235],[24.953239,60.172629],[24.953227,60.172761],[24.95319,60.173178],[24.953183,60.173249],[24.953114,60.173784],[24.953087,60.174021],[24.953076,60.174092]]},"properties":{"c":"residential","n":"Snellmaninkatu","r":6}},{"type":"Feature","geometry":{"type":"LineString","coordinates":[[24.948893,60.165625],[24.949157,60.165633]]},"properties":{"c":"residential","n":"Pohjoinen Makasiinikatu","r":6}},{"type":"Feature","geometry":{"type":"LineString","coordinates":[[24.951787,60.174056],[24.950867,60.174032]]},"properties":{"c":"tertiary","n":"Liisankatu","r":4}},{"type":"Feature","geometry":{"type":"LineString","coordinates":[[24.950867,60.174032],[24.950825,60.174031],[24.950768,60.174029]]},"properties":{"c":"tertiary","n":"Liisankatu","r":4}},{"type":"Feature","geometry":{"type":"LineString","coordinates":[[24.950768,60.174029],[24.950559,60.174024],[24.95044,60.174022],[24.950372,60.174019]]},"properties":{"c":"tertiary","n":"Liisankatu","r":4}},{"type":"Feature","geometry":{"type":"LineString","coordinates":[[24.94942,60.16666],[24.949457,60.166661],[24.949574,60.166665]]},"properties":{"c":"service","n":"","r":8}},{"type":"Feature","geometry":{"type":"LineString","coordinates":[[24.949033,60.171809],[24.949027,60.17186]]},"properties":{"c":"residential","n":"Fabianinkatu","r":6}},{"type":"Feature","geometry":{"type":"LineString","coordinates":[[24.949095,60.171232],[24.949078,60.171392],[24.949061,60.171545],[24.949033,60.171809]]},"properties":{"c":"residential","n":"Fabianinkatu","r":6}},{"type":"Feature","geometry":{"type":"LineString","coordinates":[[24.949027,60.17186],[24.949009,60.172025]]},"properties":{"c":"residential","n":"Fabianinkatu","r":6}},{"type":"Feature","geometry":{"type":"LineString","coordinates":[[24.949009,60.172025],[24.948992,60.172187],[24.948938,60.172259],[24.948927,60.172317]]},"properties":{"c":"residential","n":"Fabianinkatu","r":6}},{"type":"Feature","geometry":{"type":"LineString","coordinates":[[24.944817,60.171786],[24.944855,60.17146],[24.944859,60.171436]]},"properties":{"c":"secondary","n":"Mikonkatu","r":3}},{"type":"Feature","geometry":{"type":"LineString","coordinates":[[24.951199,60.166752],[24.951201,60.166725]]},"properties":{"c":"secondary","n":"Unioninkatu","r":3}},{"type":"Feature","geometry":{"type":"LineString","coordinates":[[24.951208,60.166654],[24.951224,60.166487]]},"properties":{"c":"secondary","n":"Unioninkatu","r":3}},{"type":"Feature","geometry":{"type":"LineString","coordinates":[[24.938027,60.176993],[24.938147,60.176892],[24.938189,60.176647]]},"properties":{"c":"unclassified","n":"Alvar Aallon katu","r":5}},{"type":"Feature","geometry":{"type":"LineString","coordinates":[[24.938349,60.175263],[24.938363,60.175121]]},"properties":{"c":"unclassified","n":"Alvar Aallon katu","r":5}},{"type":"Feature","geometry":{"type":"LineString","coordinates":[[24.938363,60.175121],[24.93837,60.175041],[24.938408,60.174692],[24.93841,60.174662],[24.938414,60.174563]]},"properties":{"c":"unclassified","n":"Alvar Aallon katu","r":5}},{"type":"Feature","geometry":{"type":"LineString","coordinates":[[24.943271,60.166514],[24.943337,60.166549],[24.943385,60.166583],[24.943402,60.166604],[24.943418,60.166641]]},"properties":{"c":"primary_link","n":"Bulevardi","r":8}},{"type":"Feature","geometry":{"type":"LineString","coordinates":[[24.943634,60.16561],[24.943634,60.165582],[24.943634,60.165537]]},"properties":{"c":"unclassified","n":"Erottajankatu","r":5}},{"type":"Feature","geometry":{"type":"LineString","coordinates":[[24.943403,60.166408],[24.943471,60.166344],[24.943527,60.166287],[24.94356,60.166228],[24.943593,60.165949]]},"properties":{"c":"unclassified","n":"Erottajankatu","r":5}},{"type":"Feature","geometry":{"type":"LineString","coordinates":[[24.950192,60.176811],[24.950193,60.176841],[24.950199,60.176884]]},"properties":{"c":"secondary","n":"Siltasaarenkatu","r":3}},{"type":"Feature","geometry":{"type":"LineString","coordinates":[[24.949269,60.169456],[24.949286,60.169317]]},"properties":{"c":"residential","n":"Fabianinkatu","r":6}},{"type":"Feature","geometry":{"type":"LineString","coordinates":[[24.949495,60.165438],[24.94952,60.165252]]},"properties":{"c":"service","n":"","r":8}},{"type":"Feature","geometry":{"type":"LineString","coordinates":[[24.944581,60.16577],[24.944342,60.165763]]},"properties":{"c":"residential","n":"Ludviginkatu","r":6}},{"type":"Feature","geometry":{"type":"LineString","coordinates":[[24.943593,60.165949],[24.943634,60.16561]]},"properties":{"c":"unclassified","n":"Erottajankatu","r":5}},{"type":"Feature","geometry":{"type":"LineString","coordinates":[[24.942392,60.165426],[24.942459,60.165377]]},"properties":{"c":"residential","n":"Yrj\u00f6nkatu","r":6}},{"type":"Feature","geometry":{"type":"LineString","coordinates":[[24.941559,60.166034],[24.941585,60.166016],[24.941678,60.165949]]},"properties":{"c":"residential","n":"Yrj\u00f6nkatu","r":6}},{"type":"Feature","geometry":{"type":"LineString","coordinates":[[24.94074,60.166612],[24.941302,60.166216]]},"properties":{"c":"residential","n":"Yrj\u00f6nkatu","r":6}},{"type":"Feature","geometry":{"type":"LineString","coordinates":[[24.938538,60.166377],[24.938411,60.166334]]},"properties":{"c":"primary","n":"L\u00f6nnrotinkatu","r":2}},{"type":"Feature","geometry":{"type":"LineString","coordinates":[[24.939439,60.166689],[24.938704,60.166434]]},"properties":{"c":"primary","n":"L\u00f6nnrotinkatu","r":2}},{"type":"Feature","geometry":{"type":"LineString","coordinates":[[24.939644,60.166759],[24.939525,60.166719],[24.939457,60.166695],[24.939439,60.166689]]},"properties":{"c":"primary","n":"L\u00f6nnrotinkatu","r":2}},{"type":"Feature","geometry":{"type":"LineString","coordinates":[[24.936204,60.165567],[24.935789,60.165423]]},"properties":{"c":"primary","n":"L\u00f6nnrotinkatu","r":2}},{"type":"Feature","geometry":{"type":"LineString","coordinates":[[24.935483,60.165422],[24.935421,60.165466]]},"properties":{"c":"tertiary","n":"Fredrikinkatu","r":4}},{"type":"Feature","geometry":{"type":"LineString","coordinates":[[24.948411,60.172667],[24.947969,60.172277]]},"properties":{"c":"secondary","n":"Kaisaniemenkatu","r":3}},{"type":"Feature","geometry":{"type":"LineString","coordinates":[[24.943744,60.1719],[24.943591,60.171895],[24.943447,60.171891],[24.943296,60.171886]]},"properties":{"c":"unclassified","n":"Vilhonkatu","r":5}},{"type":"Feature","geometry":{"type":"LineString","coordinates":[[24.939,60.172064],[24.939111,60.171645]]},"properties":{"c":"service","n":"Elielinaukio","r":8}},{"type":"Feature","geometry":{"type":"LineString","coordinates":[[24.939217,60.172249],[24.939159,60.172248],[24.938945,60.172244]]},"properties":{"c":"service","n":"Elielinaukio","r":8}},{"type":"Feature","geometry":{"type":"LineString","coordinates":[[24.937472,60.170952],[24.937464,60.170984],[24.93734,60.171469],[24.937335,60.171486],[24.93733,60.171508],[24.937201,60.172011]]},"properties":{"c":"service","n":"Mannerheiminaukio","r":8}},{"type":"Feature","geometry":{"type":"LineString","coordinates":[[24.944015,60.165358],[24.944012,60.165391],[24.943986,60.16561]]},"properties":{"c":"residential","n":"Erottajankatu","r":6}},{"type":"Feature","geometry":{"type":"LineString","coordinates":[[24.943901,60.166155],[24.943886,60.166271]]},"properties":{"c":"primary","n":"Erottajankatu","r":2}},{"type":"Feature","geometry":{"type":"LineString","coordinates":[[24.949572,60.166689],[24.949574,60.166665],[24.949583,60.16659]]},"properties":{"c":"residential","n":"Fabianinkatu","r":6}},{"type":"Feature","geometry":{"type":"LineString","coordinates":[[24.951799,60.164828],[24.952096,60.164834]]},"properties":{"c":"secondary","n":"Etel\u00e4inen Makasiinikatu","r":3}},{"type":"Feature","geometry":{"type":"LineString","coordinates":[[24.943162,60.166588],[24.943271,60.166514]]},"properties":{"c":"primary","n":"Mannerheimintie","r":2}},{"type":"Feature","geometry":{"type":"LineString","coordinates":[[24.945782,60.166921],[24.945791,60.166829]]},"properties":{"c":"residential","n":"Korkeavuorenkatu","r":6}},{"type":"Feature","geometry":{"type":"LineString","coordinates":[[24.947729,60.166323],[24.947721,60.166387]]},"properties":{"c":"residential","n":"Kasarmikatu","r":6}},{"type":"Feature","geometry":{"type":"LineString","coordinates":[[24.947802,60.165731],[24.947788,60.165843]]},"properties":{"c":"residential","n":"Kasarmikatu","r":6}},{"type":"Feature","geometry":{"type":"LineString","coordinates":[[24.950213,60.177066],[24.950187,60.177341]]},"properties":{"c":"secondary","n":"Siltasaarenkatu","r":3}},{"type":"Feature","geometry":{"type":"LineString","coordinates":[[24.945764,60.167115],[24.945961,60.167134]]},"properties":{"c":"primary","n":"Etel\u00e4esplanadi","r":2}},{"type":"Feature","geometry":{"type":"LineString","coordinates":[[24.942843,60.170156],[24.942858,60.170088]]},"properties":{"c":"unclassified","n":"Keskuskatu","r":5}},{"type":"Feature","geometry":{"type":"LineString","coordinates":[[24.942858,60.170088],[24.942886,60.169836]]},"properties":{"c":"service","n":"","r":8}},{"type":"Feature","geometry":{"type":"LineString","coordinates":[[24.942573,60.170237],[24.942717,60.170239],[24.942764,60.17024],[24.942775,60.17015],[24.942826,60.170099],[24.942827,60.170083],[24.942851,60.169852],[24.942855,60.169845],[24.942861,60.169841],[24.942871,60.169838],[24.942886,60.169836],[24.942899,60.169838],[24.942909,60.169841],[24.942916,60.169847],[24.942919,60.169854],[24.942897,60.17006],[24.94288,60.170222],[24.942935,60.170224],[24.9431,60.170224],[24.943016,60.170177],[24.943019,60.170156],[24.94302,60.170143],[24.943022,60.170129],[24.943062,60.169812],[24.943063,60.169795],[24.943003,60.16977],[24.943008,60.169728],[24.943016,60.16964],[24.943022,60.169584],[24.943023,60.169568],[24.943033,60.169477],[24.943045,60.169361],[24.943093,60.168919],[24.942897,60.168914],[24.942697,60.168908],[24.942658,60.169354],[24.942651,60.169427],[24.942619,60.169732],[24.942596,60.17005],[24.942581,60.170141],[24.942573,60.170237]]},"properties":{"c":"pedestrian","n":"Keskuskatu","r":8}},{"type":"Feature","geometry":{"type":"LineString","coordinates":[[24.949909,60.178991],[24.949939,60.178655],[24.94996,60.178474],[24.949965,60.178421],[24.949969,60.178372]]},"properties":{"c":"tertiary","n":"Siltasaarenkatu","r":4}},{"type":"Feature","geometry":{"type":"LineString","coordinates":[[24.949822,60.170738],[24.949951,60.170742],[24.95066,60.170763]]},"properties":{"c":"unclassified","n":"Kirkkokatu","r":5}},{"type":"Feature","geometry":{"type":"LineString","coordinates":[[24.944307,60.172185],[24.944291,60.17234]]},"properties":{"c":"unclassified","n":"It\u00e4inen Teatterikuja","r":5}},{"type":"Feature","geometry":{"type":"LineString","coordinates":[[24.939208,60.16773],[24.939264,60.16769]]},"properties":{"c":"residential","n":"Yrj\u00f6nkatu","r":6}},{"type":"Feature","geometry":{"type":"LineString","coordinates":[[24.94944,60.167944],[24.949443,60.167915]]},"properties":{"c":"residential","n":"Fabianinkatu","r":6}},{"type":"Feature","geometry":{"type":"LineString","coordinates":[[24.949429,60.168028],[24.94944,60.167944]]},"properties":{"c":"residential","n":"Fabianinkatu","r":6}},{"type":"Feature","geometry":{"type":"LineString","coordinates":[[24.94392,60.167056],[24.94474,60.16708],[24.94498,60.167072]]},"properties":{"c":"service","n":"","r":8}},{"type":"Feature","geometry":{"type":"LineString","coordinates":[[24.935969,60.16895],[24.935996,60.168959]]},"properties":{"c":"tertiary","n":"Simonkatu","r":4}},{"type":"Feature","geometry":{"type":"LineString","coordinates":[[24.935702,60.168849],[24.935969,60.16895]]},"properties":{"c":"tertiary","n":"Simonkatu","r":4}},{"type":"Feature","geometry":{"type":"LineString","coordinates":[[24.936354,60.169101],[24.93724,60.169432]]},"properties":{"c":"service","n":"","r":8}},{"type":"Feature","geometry":{"type":"LineString","coordinates":[[24.93724,60.169432],[24.9374,60.169494],[24.93818,60.169781],[24.938214,60.169795],[24.938329,60.169836]]},"properties":{"c":"service","n":"","r":8}},{"type":"Feature","geometry":{"type":"LineString","coordinates":[[24.935693,60.165273],[24.935654,60.165302]]},"properties":{"c":"tertiary","n":"Fredrikinkatu","r":4}},{"type":"Feature","geometry":{"type":"LineString","coordinates":[[24.935716,60.165257],[24.935693,60.165273]]},"properties":{"c":"tertiary","n":"Fredrikinkatu","r":4}},{"type":"Feature","geometry":{"type":"LineString","coordinates":[[24.93583,60.165175],[24.935739,60.165241],[24.935716,60.165257]]},"properties":{"c":"tertiary","n":"Fredrikinkatu","r":4}},{"type":"Feature","geometry":{"type":"LineString","coordinates":[[24.94122,60.167228],[24.941346,60.167142],[24.941436,60.167115]]},"properties":{"c":"service","n":"","r":8}},{"type":"Feature","geometry":{"type":"LineString","coordinates":[[24.940914,60.167277],[24.940814,60.167354]]},"properties":{"c":"service","n":"","r":8}},{"type":"Feature","geometry":{"type":"LineString","coordinates":[[24.941157,60.167286],[24.941178,60.167234],[24.94122,60.167228]]},"properties":{"c":"service","n":"","r":8}},{"type":"Feature","geometry":{"type":"LineString","coordinates":[[24.939953,60.167297],[24.940276,60.167405]]},"properties":{"c":"service","n":"","r":8}},{"type":"Feature","geometry":{"type":"LineString","coordinates":[[24.939849,60.167261],[24.939932,60.16729],[24.939953,60.167297]]},"properties":{"c":"service","n":"","r":8}},{"type":"Feature","geometry":{"type":"LineString","coordinates":[[24.938019,60.166079],[24.937973,60.166112]]},"properties":{"c":"residential","n":"Annankatu","r":6}},{"type":"Feature","geometry":{"type":"LineString","coordinates":[[24.937817,60.166225],[24.937746,60.166278]]},"properties":{"c":"residential","n":"Annankatu","r":6}},{"type":"Feature","geometry":{"type":"LineString","coordinates":[[24.940244,60.164485],[24.939421,60.16508]]},"properties":{"c":"residential","n":"Annankatu","r":6}},{"type":"Feature","geometry":{"type":"LineString","coordinates":[[24.94032,60.16443],[24.940244,60.164485]]},"properties":{"c":"residential","n":"Annankatu","r":6}},{"type":"Feature","geometry":{"type":"LineString","coordinates":[[24.940696,60.164158],[24.94054,60.164268]]},"properties":{"c":"residential","n":"Annankatu","r":6}},{"type":"Feature","geometry":{"type":"LineString","coordinates":[[24.94054,60.164268],[24.940488,60.164304],[24.940429,60.164349]]},"properties":{"c":"residential","n":"Annankatu","r":6}},{"type":"Feature","geometry":{"type":"LineString","coordinates":[[24.942892,60.165068],[24.94294,60.165033]]},"properties":{"c":"residential","n":"Yrj\u00f6nkatu","r":6}},{"type":"Feature","geometry":{"type":"LineString","coordinates":[[24.936481,60.169497],[24.936174,60.169384]]},"properties":{"c":"service","n":"","r":8}},{"type":"Feature","geometry":{"type":"LineString","coordinates":[[24.94045,60.168218],[24.940286,60.168143]]},"properties":{"c":"service","n":"","r":8}},{"type":"Feature","geometry":{"type":"LineString","coordinates":[[24.93659,60.169536],[24.936481,60.169497]]},"properties":{"c":"service","n":"","r":8}},{"type":"Feature","geometry":{"type":"LineString","coordinates":[[24.936807,60.169585],[24.93672,60.169579],[24.93659,60.169536]]},"properties":{"c":"service","n":"","r":8}},{"type":"Feature","geometry":{"type":"LineString","coordinates":[[24.939205,60.174647],[24.93919,60.174757]]},"properties":{"c":"service","n":"","r":8}},{"type":"Feature","geometry":{"type":"LineString","coordinates":[[24.938414,60.174563],[24.938754,60.174549],[24.93884,60.174551]]},"properties":{"c":"service","n":"","r":8}},{"type":"Feature","geometry":{"type":"LineString","coordinates":[[24.93884,60.174551],[24.939078,60.174559],[24.939131,60.174567],[24.939169,60.17458],[24.939194,60.174597],[24.939206,60.174617],[24.939205,60.174647]]},"properties":{"c":"service","n":"","r":8}},{"type":"Feature","geometry":{"type":"LineString","coordinates":[[24.935214,60.174425],[24.935283,60.174532],[24.935269,60.174555],[24.935209,60.174658],[24.935184,60.174701]]},"properties":{"c":"service","n":"","r":8}},{"type":"Feature","geometry":{"type":"LineString","coordinates":[[24.935753,60.17072],[24.935617,60.170741],[24.935578,60.170731],[24.935562,60.170716],[24.935568,60.170698],[24.935595,60.170678]]},"properties":{"c":"service","n":"","r":8}},{"type":"Feature","geometry":{"type":"LineString","coordinates":[[24.938272,60.170186],[24.938012,60.170363]]},"properties":{"c":"primary","n":"Mannerheimintie","r":2}},{"type":"Feature","geometry":{"type":"LineString","coordinates":[[24.936788,60.167716],[24.936841,60.167742]]},"properties":{"c":"residential","n":"Eerikinkatu","r":6}},{"type":"Feature","geometry":{"type":"LineString","coordinates":[[24.936841,60.167742],[24.937382,60.16793],[24.937435,60.167939]]},"properties":{"c":"residential","n":"Eerikinkatu","r":6}},{"type":"Feature","geometry":{"type":"LineString","coordinates":[[24.937435,60.167939],[24.93749,60.167954],[24.937557,60.167983]]},"properties":{"c":"residential","n":"Eerikinkatu","r":6}},{"type":"Feature","geometry":{"type":"LineString","coordinates":[[24.936705,60.168596],[24.936414,60.168806]]},"properties":{"c":"residential","n":"Yrj\u00f6nkatu","r":6}},{"type":"Feature","geometry":{"type":"LineString","coordinates":[[24.937259,60.168197],[24.936829,60.168507]]},"properties":{"c":"residential","n":"Yrj\u00f6nkatu","r":6}},{"type":"Feature","geometry":{"type":"LineString","coordinates":[[24.937473,60.168043],[24.937259,60.168197]]},"properties":{"c":"residential","n":"Yrj\u00f6nkatu","r":6}},{"type":"Feature","geometry":{"type":"LineString","coordinates":[[24.936414,60.168806],[24.93627,60.16891],[24.936241,60.168931]]},"properties":{"c":"residential","n":"Yrj\u00f6nkatu","r":6}},{"type":"Feature","geometry":{"type":"LineString","coordinates":[[24.936829,60.168507],[24.936736,60.168574],[24.936705,60.168596]]},"properties":{"c":"residential","n":"Yrj\u00f6nkatu","r":6}},{"type":"Feature","geometry":{"type":"LineString","coordinates":[[24.939055,60.167837],[24.939133,60.167782],[24.939208,60.16773]]},"properties":{"c":"residential","n":"Yrj\u00f6nkatu","r":6}},{"type":"Feature","geometry":{"type":"LineString","coordinates":[[24.95232,60.169803],[24.953275,60.169826]]},"properties":{"c":"residential","n":"Hallituskatu","r":6}},{"type":"Feature","geometry":{"type":"LineString","coordinates":[[24.952088,60.169798],[24.952243,60.169801],[24.95232,60.169803]]},"properties":{"c":"residential","n":"Hallituskatu","r":6}},{"type":"Feature","geometry":{"type":"LineString","coordinates":[[24.951201,60.166725],[24.951208,60.166654]]},"properties":{"c":"secondary","n":"Unioninkatu","r":3}},{"type":"Feature","geometry":{"type":"LineString","coordinates":[[24.951233,60.166423],[24.951241,60.166359]]},"properties":{"c":"secondary","n":"Unioninkatu","r":3}},{"type":"Feature","geometry":{"type":"LineString","coordinates":[[24.939585,60.175073],[24.939595,60.174992]]},"properties":{"c":"service","n":"","r":8}},{"type":"Feature","geometry":{"type":"LineString","coordinates":[[24.939876,60.175079],[24.939885,60.174999]]},"properties":{"c":"service","n":"","r":8}},{"type":"Feature","geometry":{"type":"LineString","coordinates":[[24.938112,60.166013],[24.938019,60.166079]]},"properties":{"c":"residential","n":"Annankatu","r":6}},{"type":"Feature","geometry":{"type":"LineString","coordinates":[[24.937753,60.166107],[24.936204,60.165567]]},"properties":{"c":"primary","n":"L\u00f6nnrotinkatu","r":2}},{"type":"Feature","geometry":{"type":"LineString","coordinates":[[24.935789,60.165423],[24.935722,60.165399],[24.935679,60.165385]]},"properties":{"c":"primary","n":"L\u00f6nnrotinkatu","r":2}},{"type":"Feature","geometry":{"type":"LineString","coordinates":[[24.938704,60.166434],[24.938641,60.166412],[24.938538,60.166377]]},"properties":{"c":"primary","n":"L\u00f6nnrotinkatu","r":2}},{"type":"Feature","geometry":{"type":"LineString","coordinates":[[24.938121,60.166235],[24.938051,60.166211],[24.938011,60.166197],[24.937906,60.16616]]},"properties":{"c":"primary","n":"L\u00f6nnrotinkatu","r":2}},{"type":"Feature","geometry":{"type":"LineString","coordinates":[[24.951191,60.166827],[24.951199,60.166752]]},"properties":{"c":"secondary","n":"Unioninkatu","r":3}},{"type":"Feature","geometry":{"type":"LineString","coordinates":[[24.93666,60.164199],[24.93683,60.164259],[24.936872,60.164273],[24.937024,60.164325]]},"properties":{"c":"tertiary","n":"Bulevardi","r":4}},{"type":"Feature","geometry":{"type":"LineString","coordinates":[[24.947642,60.167056],[24.947637,60.167102],[24.947629,60.167173]]},"properties":{"c":"residential","n":"Kasarmikatu","r":6}},{"type":"Feature","geometry":{"type":"LineString","coordinates":[[24.948927,60.172317],[24.948906,60.172565],[24.948894,60.172611],[24.948852,60.172647],[24.948782,60.172674]]},"properties":{"c":"residential","n":"Fabianinkatu","r":6}},{"type":"Feature","geometry":{"type":"LineString","coordinates":[[24.937443,60.170742],[24.937308,60.170826]]},"properties":{"c":"primary","n":"Mannerheimintie","r":2}},{"type":"Feature","geometry":{"type":"LineString","coordinates":[[24.938021,60.172064],[24.938033,60.172015],[24.938094,60.171781]]},"properties":{"c":"service","n":"","r":8}},{"type":"Feature","geometry":{"type":"LineString","coordinates":[[24.937,60.171999],[24.937032,60.171999],[24.937057,60.172001],[24.937044,60.172052],[24.93702,60.172145],[24.937017,60.172153],[24.937084,60.172157],[24.937157,60.172162],[24.937255,60.172167],[24.937332,60.17217],[24.937369,60.17212],[24.937375,60.172084],[24.937375,60.172071],[24.937374,60.172022],[24.937319,60.171971],[24.937324,60.171953],[24.937016,60.171934],[24.937,60.171999]]},"properties":{"c":"pedestrian","n":"Tekla Hultinin aukio","r":8}},{"type":"Feature","geometry":{"type":"LineString","coordinates":[[24.951985,60.171515],[24.951981,60.171571],[24.951976,60.171632]]},"properties":{"c":"service","n":"","r":8}},{"type":"Feature","geometry":{"type":"LineString","coordinates":[[24.950596,60.17252],[24.950722,60.172522],[24.951406,60.172533],[24.951436,60.172053]]},"properties":{"c":"service","n":"","r":8}},{"type":"Feature","geometry":{"type":"LineString","coordinates":[[24.952204,60.179085],[24.952206,60.179028]]},"properties":{"c":"unclassified","n":"Hakaniemen torikatu","r":5}},{"type":"Feature","geometry":{"type":"LineString","coordinates":[[24.94418,60.17039],[24.94432,60.170398],[24.944433,60.170412],[24.944534,60.170435],[24.944649,60.170463],[24.944836,60.17052],[24.944917,60.170545],[24.945043,60.170588]]},"properties":{"c":"secondary","n":"Kaivokatu","r":3}},{"type":"Feature","geometry":{"type":"LineString","coordinates":[[24.945168,60.17068],[24.945148,60.170872],[24.945143,60.170899]]},"properties":{"c":"unclassified","n":"Mikonkatu","r":5}},{"type":"Feature","geometry":{"type":"LineString","coordinates":[[24.948541,60.172594],[24.948569,60.172621],[24.948667,60.172708]]},"properties":{"c":"secondary","n":"Kaisaniemenkatu","r":3}},{"type":"Feature","geometry":{"type":"LineString","coordinates":[[24.950807,60.175834],[24.950854,60.175839],[24.950967,60.175863]]},"properties":{"c":"unclassified","n":"Siltavuorenranta","r":5}},{"type":"Feature","geometry":{"type":"LineString","coordinates":[[24.942243,60.17705],[24.942058,60.17713]]},"properties":{"c":"unclassified","n":"Kaisaniemenranta","r":5}},{"type":"Feature","geometry":{"type":"LineString","coordinates":[[24.949684,60.175788],[24.950016,60.175798],[24.950142,60.175808]]},"properties":{"c":"unclassified","n":"Kaisaniemenranta","r":5}},{"type":"Feature","geometry":{"type":"LineString","coordinates":[[24.944158,60.176346],[24.944077,60.176356],[24.943919,60.176385],[24.943787,60.176415],[24.943648,60.176461],[24.943449,60.176544],[24.942937,60.176752]]},"properties":{"c":"unclassified","n":"Kaisaniemenranta","r":5}},{"type":"Feature","geometry":{"type":"LineString","coordinates":[[24.952433,60.164841],[24.952535,60.164851]]},"properties":{"c":"secondary","n":"Etel\u00e4inen Makasiinikatu","r":3}},{"type":"Feature","geometry":{"type":"LineString","coordinates":[[24.95131,60.164821],[24.951285,60.16482],[24.951261,60.164819]]},"properties":{"c":"residential","n":"Etel\u00e4inen Makasiinikatu","r":6}},{"type":"Feature","geometry":{"type":"LineString","coordinates":[[24.951418,60.164782],[24.951415,60.164823]]},"properties":{"c":"residential","n":"Unioninkatu","r":6}},{"type":"Feature","geometry":{"type":"LineString","coordinates":[[24.952438,60.170112],[24.952429,60.170192],[24.9524,60.170191],[24.952395,60.170235],[24.952489,60.170237],[24.952485,60.170282],[24.952581,60.170285],[24.952582,60.170273],[24.952754,60.170277],[24.95277,60.170033],[24.952223,60.170019],[24.951652,60.170004],[24.951651,60.170013],[24.951535,60.17001],[24.951529,60.170066],[24.951523,60.170127],[24.951502,60.170362],[24.95148,60.170595],[24.951463,60.170723],[24.952099,60.170739],[24.952715,60.170755],[24.952724,60.170666],[24.952734,60.170562],[24.952742,60.170511],[24.952558,60.170506],[24.95256,60.170492],[24.952464,60.17049],[24.952459,60.170533],[24.952364,60.170531],[24.952359,60.170579],[24.952386,60.17058],[24.952378,60.170656],[24.952145,60.17065],[24.951909,60.170644],[24.951917,60.170568],[24.951947,60.170568],[24.951952,60.170521],[24.951864,60.170518],[24.951868,60.170474],[24.951774,60.170472],[24.951772,60.170486],[24.951617,60.170482],[24.951629,60.170364],[24.951641,60.170248],[24.951797,60.170251],[24.951795,60.170265],[24.951889,60.170267],[24.951894,60.170222],[24.951983,60.170224],[24.951987,60.170181],[24.95196,60.17018],[24.951969,60.1701],[24.952202,60.170106],[24.952438,60.170112]]},"properties":{"c":"pedestrian","n":"","r":8}},{"type":"Feature","geometry":{"type":"LineString","coordinates":[[24.950472,60.173487],[24.950513,60.173207],[24.950522,60.173126],[24.950529,60.173058]]},"properties":{"c":"secondary","n":"Unioninkatu","r":3}},{"type":"Feature","geometry":{"type":"LineString","coordinates":[[24.938307,60.175663],[24.938322,60.175517]]},"properties":{"c":"unclassified","n":"Alvar Aallon katu","r":5}},{"type":"Feature","geometry":{"type":"LineString","coordinates":[[24.938322,60.175517],[24.938349,60.175263]]},"properties":{"c":"unclassified","n":"Alvar Aallon katu","r":5}},{"type":"Feature","geometry":{"type":"LineString","coordinates":[[24.938253,60.176189],[24.938268,60.17605]]},"properties":{"c":"unclassified","n":"Alvar Aallon katu","r":5}},{"type":"Feature","geometry":{"type":"LineString","coordinates":[[24.938268,60.17605],[24.938307,60.175663]]},"properties":{"c":"unclassified","n":"Alvar Aallon katu","r":5}},{"type":"Feature","geometry":{"type":"LineString","coordinates":[[24.938203,60.176519],[24.938253,60.176189]]},"properties":{"c":"unclassified","n":"Alvar Aallon katu","r":5}},{"type":"Feature","geometry":{"type":"LineString","coordinates":[[24.938189,60.176647],[24.938203,60.176519]]},"properties":{"c":"unclassified","n":"Alvar Aallon katu","r":5}},{"type":"Feature","geometry":{"type":"LineString","coordinates":[[24.939118,60.164595],[24.939228,60.164635]]},"properties":{"c":"service","n":"","r":8}},{"type":"Feature","geometry":{"type":"LineString","coordinates":[[24.937118,60.17229],[24.937221,60.172297],[24.937281,60.172301],[24.937195,60.172624],[24.936716,60.172619],[24.936768,60.1724],[24.93668,60.172357],[24.936699,60.172343],[24.936726,60.172321],[24.93675,60.172302],[24.936832,60.172221],[24.936906,60.17214],[24.936982,60.172051],[24.937,60.172052],[24.936974,60.172139],[24.936995,60.172141],[24.936988,60.172179],[24.937121,60.172185],[24.93709,60.172289],[24.937118,60.17229]]},"properties":{"c":"pedestrian","n":"Tekla Hultinin aukio","r":8}},{"type":"Feature","geometry":{"type":"LineString","coordinates":[[24.942059,60.1729],[24.942057,60.172925],[24.942056,60.172941],[24.942055,60.172956],[24.942049,60.173017],[24.941897,60.173014],[24.941906,60.172896],[24.942059,60.1729]]},"properties":{"c":"pedestrian","n":"","r":8}},{"type":"Feature","geometry":{"type":"LineString","coordinates":[[24.942324,60.172908],[24.94231,60.173024],[24.942182,60.17302],[24.942189,60.172943],[24.942192,60.172903],[24.942324,60.172908]]},"properties":{"c":"pedestrian","n":"","r":8}},{"type":"Feature","geometry":{"type":"LineString","coordinates":[[24.941881,60.172832],[24.941923,60.172833],[24.942335,60.172846],[24.942324,60.172908],[24.942192,60.172903],[24.942128,60.172901],[24.942059,60.1729],[24.941906,60.172896],[24.941874,60.172895],[24.941881,60.172832]]},"properties":{"c":"pedestrian","n":"","r":8}},{"type":"Feature","geometry":{"type":"LineString","coordinates":[[24.939271,60.175066],[24.939332,60.175067]]},"properties":{"c":"service","n":"","r":8}},{"type":"Feature","geometry":{"type":"LineString","coordinates":[[24.951462,60.175899],[24.951434,60.17592],[24.951356,60.175975]]},"properties":{"c":"service","n":"","r":8}},{"type":"Feature","geometry":{"type":"LineString","coordinates":[[24.951474,60.17589],[24.951462,60.175899]]},"properties":{"c":"service","n":"","r":8}},{"type":"Feature","geometry":{"type":"LineString","coordinates":[[24.945841,60.176045],[24.945853,60.176058],[24.945888,60.176139]]},"properties":{"c":"service","n":"","r":8}},{"type":"Feature","geometry":{"type":"LineString","coordinates":[[24.939839,60.171506],[24.93994,60.171557],[24.939973,60.171534],[24.939987,60.171508],[24.940004,60.171353],[24.939959,60.171325],[24.939911,60.171302],[24.939393,60.171288],[24.939327,60.171311],[24.939266,60.17134],[24.939235,60.171472],[24.939327,60.171475],[24.939526,60.171343],[24.939923,60.171351],[24.939916,60.171463],[24.939905,60.171481],[24.939888,60.171493],[24.939868,60.171502],[24.939839,60.171506]]},"properties":{"c":"pedestrian","n":"","r":8}},{"type":"Feature","geometry":{"type":"LineString","coordinates":[[24.938069,60.16776],[24.938058,60.167767],[24.93815,60.167798],[24.93816,60.16779],[24.938224,60.167744],[24.938265,60.167758],[24.938362,60.167687],[24.938108,60.167601],[24.938072,60.167627],[24.938095,60.167634],[24.938032,60.16768],[24.938131,60.167715],[24.938069,60.16776]]},"properties":{"c":"pedestrian","n":"Tornin piha","r":8}},{"type":"Feature","geometry":{"type":"LineString","coordinates":[[24.937945,60.167296],[24.937997,60.167258],[24.938004,60.167253],[24.938016,60.167243],[24.938073,60.167201]]},"properties":{"c":"service","n":"","r":8}},{"type":"Feature","geometry":{"type":"LineString","coordinates":[[24.938686,60.174216],[24.938676,60.174391],[24.938664,60.174436],[24.938634,60.174491],[24.938538,60.174547],[24.938414,60.174563]]},"properties":{"c":"unclassified","n":"T\u00f6\u00f6l\u00f6nlahdenkatu","r":5}},{"type":"Feature","geometry":{"type":"LineString","coordinates":[[24.938736,60.173775],[24.938686,60.174216]]},"properties":{"c":"unclassified","n":"T\u00f6\u00f6l\u00f6nlahdenkatu","r":5}},{"type":"Feature","geometry":{"type":"LineString","coordinates":[[24.942324,60.172908],[24.942335,60.172846],[24.942348,60.172713]]},"properties":{"c":"service","n":"","r":8}},{"type":"Feature","geometry":{"type":"LineString","coordinates":[[24.942365,60.172578],[24.942841,60.172592]]},"properties":{"c":"service","n":"","r":8}},{"type":"Feature","geometry":{"type":"LineString","coordinates":[[24.945895,60.174716],[24.945887,60.174683],[24.945829,60.174688],[24.945746,60.174688],[24.945659,60.174689],[24.945596,60.174684],[24.945595,60.174724],[24.945592,60.174806],[24.945563,60.174806],[24.94556,60.174887],[24.945593,60.174887],[24.94559,60.174966],[24.94559,60.174977],[24.945642,60.174977],[24.945639,60.175058],[24.945578,60.175058],[24.945574,60.175212],[24.945573,60.175235],[24.945884,60.175238],[24.945885,60.175218],[24.945889,60.175059],[24.945838,60.175059],[24.94584,60.174977],[24.94589,60.174977],[24.94589,60.174965],[24.945893,60.174889],[24.945919,60.17489],[24.945922,60.17481],[24.945892,60.17481],[24.945895,60.174716]]},"properties":{"c":"pedestrian","n":"","r":8}},{"type":"Feature","geometry":{"type":"LineString","coordinates":[[24.938414,60.174563],[24.938428,60.174385],[24.938499,60.1738]]},"properties":{"c":"unclassified","n":"T\u00f6\u00f6l\u00f6nlahdenkatu","r":5}},{"type":"Feature","geometry":{"type":"LineString","coordinates":[[24.944251,60.170564],[24.944145,60.170559],[24.94387,60.170553],[24.943697,60.170549]]},"properties":{"c":"secondary","n":"Kaivokatu","r":3}},{"type":"Feature","geometry":{"type":"LineString","coordinates":[[24.951008,60.169958],[24.950869,60.170766]]},"properties":{"c":"service","n":"","r":8}},{"type":"Feature","geometry":{"type":"LineString","coordinates":[[24.947955,60.170233],[24.948497,60.170235],[24.949118,60.170237]]},"properties":{"c":"service","n":"","r":8}},{"type":"Feature","geometry":{"type":"LineString","coordinates":[[24.947288,60.171942],[24.946796,60.171922]]},"properties":{"c":"service","n":"","r":8}},{"type":"Feature","geometry":{"type":"LineString","coordinates":[[24.947267,60.171284],[24.947048,60.171281],[24.946852,60.171298],[24.946619,60.171375]]},"properties":{"c":"service","n":"","r":8}},{"type":"Feature","geometry":{"type":"LineString","coordinates":[[24.946906,60.17091],[24.946827,60.170867],[24.946763,60.170802],[24.946748,60.170738],[24.946773,60.17067],[24.947159,60.170372],[24.94734,60.170279],[24.947473,60.170244],[24.947955,60.170233]]},"properties":{"c":"service","n":"","r":8}},{"type":"Feature","geometry":{"type":"LineString","coordinates":[[24.946906,60.17091],[24.947054,60.17093],[24.947398,60.171039]]},"properties":{"c":"service","n":"","r":8}},{"type":"Feature","geometry":{"type":"LineString","coordinates":[[24.947344,60.171076],[24.947006,60.170974],[24.946906,60.17091]]},"properties":{"c":"service","n":"","r":8}},{"type":"Feature","geometry":{"type":"LineString","coordinates":[[24.951928,60.16998],[24.951008,60.169958],[24.948142,60.169887],[24.948001,60.169959],[24.947703,60.170235],[24.947667,60.170583]]},"properties":{"c":"service","n":"","r":8}},{"type":"Feature","geometry":{"type":"LineString","coordinates":[[24.949325,60.16932],[24.949276,60.170018],[24.949178,60.170154],[24.949118,60.170237]]},"properties":{"c":"service","n":"","r":8}},{"type":"Feature","geometry":{"type":"LineString","coordinates":[[24.949351,60.168949],[24.949325,60.16932]]},"properties":{"c":"service","n":"","r":8}},{"type":"Feature","geometry":{"type":"LineString","coordinates":[[24.949468,60.168405],[24.949403,60.168886],[24.949351,60.168949]]},"properties":{"c":"service","n":"","r":8}},{"type":"Feature","geometry":{"type":"LineString","coordinates":[[24.949178,60.168985],[24.950568,60.16901],[24.950917,60.169041],[24.951179,60.169088],[24.951386,60.169141],[24.951604,60.16921],[24.952484,60.169565],[24.952542,60.169624],[24.95258,60.169693],[24.952559,60.169772],[24.952515,60.169836],[24.952434,60.169886],[24.952328,60.169936],[24.952153,60.169972],[24.951928,60.16998]]},"properties":{"c":"service","n":"","r":8}},{"type":"Feature","geometry":{"type":"LineString","coordinates":[[24.949178,60.168985],[24.948909,60.169034],[24.948663,60.169037],[24.946775,60.169002],[24.946475,60.168976],[24.946244,60.168916]]},"properties":{"c":"service","n":"","r":8}},{"type":"Feature","geometry":{"type":"LineString","coordinates":[[24.946244,60.168916],[24.946477,60.168873],[24.946775,60.168868],[24.948682,60.168903],[24.948922,60.168932],[24.949178,60.168985]]},"properties":{"c":"service","n":"","r":8}},{"type":"Feature","geometry":{"type":"LineString","coordinates":[[24.945759,60.168908],[24.946244,60.168916]]},"properties":{"c":"service","n":"","r":8}},{"type":"Feature","geometry":{"type":"LineString","coordinates":[[24.945588,60.16881],[24.945643,60.168174]]},"properties":{"c":"service","n":"","r":8}},{"type":"Feature","geometry":{"type":"LineString","coordinates":[[24.945563,60.168993],[24.945541,60.169149]]},"properties":{"c":"service","n":"","r":8}},{"type":"Feature","geometry":{"type":"LineString","coordinates":[[24.94539,60.168893],[24.945423,60.168849],[24.945495,60.168819],[24.945588,60.16881],[24.945678,60.168825],[24.94574,60.168861],[24.945759,60.168908],[24.945728,60.168952],[24.945657,60.168984],[24.945563,60.168993],[24.945492,60.168984],[24.945434,60.168961],[24.945398,60.168929],[24.94539,60.168893]]},"properties":{"c":"service","n":"","r":8}},{"type":"Feature","geometry":{"type":"LineString","coordinates":[[24.943201,60.168847],[24.94539,60.168893]]},"properties":{"c":"service","n":"","r":8}},{"type":"Feature","geometry":{"type":"LineString","coordinates":[[24.942932,60.17004],[24.942934,60.170197]]},"properties":{"c":"service","n":"","r":8}},{"type":"Feature","geometry":{"type":"LineString","coordinates":[[24.942777,60.169945],[24.942459,60.169934]]},"properties":{"c":"service","n":"","r":8}},{"type":"Feature","geometry":{"type":"LineString","coordinates":[[24.942951,60.169862],[24.943046,60.169873],[24.943115,60.169908],[24.943137,60.169956],[24.943105,60.170002],[24.943029,60.170033],[24.942932,60.17004],[24.94285,60.170023],[24.942793,60.169989],[24.942777,60.169945],[24.942804,60.169904],[24.942867,60.169874],[24.942951,60.169862]]},"properties":{"c":"service","n":"","r":8}},{"type":"Feature","geometry":{"type":"LineString","coordinates":[[24.943,60.16894],[24.942951,60.169862]]},"properties":{"c":"service","n":"","r":8}},{"type":"Feature","geometry":{"type":"LineString","coordinates":[[24.942806,60.168842],[24.942812,60.168816],[24.942833,60.168792],[24.942865,60.168772],[24.942907,60.168756],[24.942956,60.168746],[24.943008,60.168744],[24.94306,60.168748],[24.943108,60.168759],[24.943148,60.168775],[24.943178,60.168796],[24.943196,60.168821],[24.943201,60.168847],[24.943192,60.168872],[24.943171,60.168894],[24.943138,60.168914],[24.943098,60.168928],[24.94305,60.168937],[24.943,60.16894],[24.94295,60.168937],[24.942903,60.168927],[24.942863,60.168911],[24.942832,60.168891],[24.942812,60.168867],[24.942806,60.168842]]},"properties":{"c":"service","n":"","r":8}},{"type":"Feature","geometry":{"type":"LineString","coordinates":[[24.940597,60.168275],[24.940883,60.168526],[24.941085,60.168657],[24.941335,60.168753],[24.941639,60.168811],[24.94191,60.168827],[24.942806,60.168842]]},"properties":{"c":"service","n":"","r":8}},{"type":"Feature","geometry":{"type":"LineString","coordinates":[[24.938276,60.179039],[24.938354,60.179039]]},"properties":{"c":"service","n":"","r":8}},{"type":"Feature","geometry":{"type":"LineString","coordinates":[[24.938354,60.179039],[24.938417,60.179018],[24.938546,60.178783],[24.938859,60.177811],[24.938982,60.177377],[24.939086,60.177058],[24.939187,60.176067],[24.939224,60.175495]]},"properties":{"c":"service","n":"","r":8}},{"type":"Feature","geometry":{"type":"LineString","coordinates":[[24.937308,60.170826],[24.937194,60.170901]]},"properties":{"c":"primary","n":"Mannerheimintie","r":2}},{"type":"Feature","geometry":{"type":"LineString","coordinates":[[24.952795,60.16999],[24.95279,60.170034],[24.953219,60.170045],[24.953231,60.16993],[24.952802,60.169919],[24.952797,60.169973],[24.952777,60.169972],[24.952775,60.169989],[24.952795,60.16999]]},"properties":{"c":"pedestrian","n":"","r":8}},{"type":"Feature","geometry":{"type":"LineString","coordinates":[[24.951209,60.169993],[24.951636,60.170004],[24.951641,60.16995],[24.951643,60.169935],[24.951647,60.16989],[24.951221,60.169879],[24.951209,60.169993]]},"properties":{"c":"pedestrian","n":"","r":8}},{"type":"Feature","geometry":{"type":"LineString","coordinates":[[24.947378,60.172701],[24.947268,60.172698],[24.947235,60.172697]]},"properties":{"c":"service","n":"","r":8}},{"type":"Feature","geometry":{"type":"LineString","coordinates":[[24.947235,60.172697],[24.946929,60.172688]]},"properties":{"c":"service","n":"","r":8}},{"type":"Feature","geometry":{"type":"LineString","coordinates":[[24.947231,60.172735],[24.946991,60.172726]]},"properties":{"c":"service","n":"","r":8}},{"type":"Feature","geometry":{"type":"LineString","coordinates":[[24.947374,60.17274],[24.947263,60.172736],[24.947231,60.172735]]},"properties":{"c":"service","n":"","r":8}},{"type":"Feature","geometry":{"type":"LineString","coordinates":[[24.946991,60.172726],[24.946818,60.172739],[24.946693,60.172746],[24.946592,60.172767],[24.946476,60.172814]]},"properties":{"c":"service","n":"","r":8}},{"type":"Feature","geometry":{"type":"LineString","coordinates":[[24.945081,60.171491],[24.945069,60.171607]]},"properties":{"c":"unclassified","n":"Mikonkatu","r":5}},{"type":"Feature","geometry":{"type":"LineString","coordinates":[[24.945124,60.171079],[24.945088,60.171423]]},"properties":{"c":"unclassified","n":"Mikonkatu","r":5}},{"type":"Feature","geometry":{"type":"LineString","coordinates":[[24.94289,60.171143],[24.942895,60.171092]]},"properties":{"c":"service","n":"","r":8}},{"type":"Feature","geometry":{"type":"LineString","coordinates":[[24.942869,60.171347],[24.942881,60.17123]]},"properties":{"c":"service","n":"","r":8}},{"type":"Feature","geometry":{"type":"LineString","coordinates":[[24.94313,60.171149],[24.943147,60.170985]]},"properties":{"c":"service","n":"","r":8}},{"type":"Feature","geometry":{"type":"LineString","coordinates":[[24.943109,60.171349],[24.943121,60.171236]]},"properties":{"c":"service","n":"","r":8}},{"type":"Feature","geometry":{"type":"LineString","coordinates":[[24.943361,60.171155],[24.94339,60.170879]]},"properties":{"c":"service","n":"","r":8}},{"type":"Feature","geometry":{"type":"LineString","coordinates":[[24.943341,60.171352],[24.943352,60.171242]]},"properties":{"c":"service","n":"","r":8}},{"type":"Feature","geometry":{"type":"LineString","coordinates":[[24.943435,60.171982],[24.942632,60.171959],[24.942641,60.171837]]},"properties":{"c":"service","n":"","r":8}},{"type":"Feature","geometry":{"type":"LineString","coordinates":[[24.9396,60.170963],[24.939626,60.170718],[24.939662,60.170686]]},"properties":{"c":"service","n":"","r":8}},{"type":"Feature","geometry":{"type":"LineString","coordinates":[[24.939662,60.170686],[24.93969,60.170718],[24.939667,60.170965]]},"properties":{"c":"service","n":"","r":8}},{"type":"Feature","geometry":{"type":"LineString","coordinates":[[24.942814,60.17187],[24.94282,60.171818]]},"properties":{"c":"service","n":"","r":8}},{"type":"Feature","geometry":{"type":"LineString","coordinates":[[24.943054,60.171878],[24.94306,60.171824]]},"properties":{"c":"service","n":"","r":8}},{"type":"Feature","geometry":{"type":"LineString","coordinates":[[24.943296,60.171886],[24.9433,60.171829]]},"properties":{"c":"service","n":"","r":8}},{"type":"Feature","geometry":{"type":"LineString","coordinates":[[24.942825,60.170929],[24.942916,60.170876]]},"properties":{"c":"service","n":"","r":8}},{"type":"Feature","geometry":{"type":"LineString","coordinates":[[24.943418,60.166641],[24.943437,60.166702],[24.943443,60.166733]]},"properties":{"c":"primary_link","n":"Bulevardi","r":8}},{"type":"Feature","geometry":{"type":"LineString","coordinates":[[24.943418,60.166641],[24.9435,60.166639],[24.943576,60.166641]]},"properties":{"c":"primary_link","n":"","r":8}},{"type":"Feature","geometry":{"type":"LineString","coordinates":[[24.950348,60.176891],[24.950199,60.176884]]},"properties":{"c":"unclassified","n":"John Stenbergin ranta","r":5}},{"type":"Feature","geometry":{"type":"LineString","coordinates":[[24.937575,60.168841],[24.93754,60.168865],[24.937501,60.168891],[24.937816,60.169005],[24.938147,60.168794],[24.938317,60.168679],[24.938485,60.168565],[24.938204,60.168459],[24.938166,60.168445],[24.938126,60.16847],[24.938062,60.16851],[24.937575,60.168841]]},"properties":{"c":"pedestrian","n":"","r":8}},{"type":"Feature","geometry":{"type":"LineString","coordinates":[[24.951938,60.172617],[24.951919,60.172816],[24.952036,60.172843],[24.95257,60.172856],[24.95259,60.172744],[24.952632,60.172719]]},"properties":{"c":"service","n":"","r":8}},{"type":"Feature","geometry":{"type":"LineString","coordinates":[[24.952632,60.172719],[24.952604,60.172595],[24.952429,60.172576],[24.952127,60.172567],[24.951951,60.172584],[24.951938,60.172617]]},"properties":{"c":"service","n":"","r":8}},{"type":"Feature","geometry":{"type":"LineString","coordinates":[[24.940091,60.168116],[24.940171,60.168052]]},"properties":{"c":"pedestrian","n":"","r":8}},{"type":"Feature","geometry":{"type":"LineString","coordinates":[[24.940164,60.170181],[24.940169,60.170119]]},"properties":{"c":"service","n":"","r":8}},{"type":"Feature","geometry":{"type":"LineString","coordinates":[[24.940155,60.17028],[24.940161,60.170209],[24.940164,60.170181]]},"properties":{"c":"service","n":"","r":8}},{"type":"Feature","geometry":{"type":"LineString","coordinates":[[24.940093,60.170279],[24.940099,60.170207],[24.940102,60.170179]]},"properties":{"c":"service","n":"","r":8}},{"type":"Feature","geometry":{"type":"LineString","coordinates":[[24.940129,60.169818],[24.940132,60.16978],[24.939968,60.169749]]},"properties":{"c":"service","n":"","r":8}},{"type":"Feature","geometry":{"type":"LineString","coordinates":[[24.940102,60.170179],[24.940129,60.169818]]},"properties":{"c":"service","n":"","r":8}}]}